{
    "items": [
        {
            "id": "锦上添花",
            "url": "https://chengyu.911cha.com/OXlt.html"
        },
        {
            "id": "一帆风顺",
            "url": "https://chengyu.911cha.com/Mms5NA.html"
        },
        {
            "id": "背井离乡",
            "url": "https://chengyu.911cha.com/ajJl.html"
        },
        {
            "id": "鸟语花香",
            "url": "https://chengyu.911cha.com/MXR1YQ==.html"
        },
        {
            "id": "山高水长",
            "url": "https://chengyu.911cha.com/MjNzMg==.html"
        },
        {
            "id": "满载而归",
            "url": "https://chengyu.911cha.com/MXNoeQ==.html"
        },
        {
            "id": "东山再起",
            "url": "https://chengyu.911cha.com/eDdh.html"
        },
        {
            "id": "一路顺风",
            "url": "https://chengyu.911cha.com/MnB3cQ==.html"
        },
        {
            "id": "身怀六甲",
            "url": "https://chengyu.911cha.com/MjNnNA==.html"
        },
        {
            "id": "积少成多",
            "url": "https://chengyu.911cha.com/OGRl.html"
        },
        {
            "id": "虎头蛇尾",
            "url": "https://chengyu.911cha.com/MThtbw==.html"
        },
        {
            "id": "顶天立地",
            "url": "https://chengyu.911cha.com/NW9x.html"
        },
        {
            "id": "七上八下",
            "url": "https://chengyu.911cha.com/MXdqaQ==.html"
        },
        {
            "id": "羊入虎口",
            "url": "https://chengyu.911cha.com/N2dpZQ==.html"
        },
        {
            "id": "鱼贯而入",
            "url": "https://chengyu.911cha.com/MnNycw==.html"
        },
        {
            "id": "花前月下",
            "url": "https://chengyu.911cha.com/MWJsdw==.html"
        },
        {
            "id": "落叶知秋",
            "url": "https://chengyu.911cha.com/ZHFx.html"
        },
        {
            "id": "月下老人",
            "url": "https://chengyu.911cha.com/MnQ4Ng==.html"
        },
        {
            "id": "话中有话",
            "url": "https://chengyu.911cha.com/MWJuMA==.html"
        },
        {
            "id": "打草惊蛇",
            "url": "https://chengyu.911cha.com/dDZh.html"
        },
        {
            "id": "三心二意",
            "url": "https://chengyu.911cha.com/MjNkbQ==.html"
        },
        {
            "id": "颠三倒四",
            "url": "https://chengyu.911cha.com/NTUw.html"
        },
        {
            "id": "火上浇油",
            "url": "https://chengyu.911cha.com/MWNwbQ==.html"
        },
        {
            "id": "一目十行",
            "url": "https://chengyu.911cha.com/Mm13bw==.html"
        },
        {
            "id": "一手遮天",
            "url": "https://chengyu.911cha.com/Mm1hZw==.html"
        },
        {
            "id": "一刀两断",
            "url": "https://chengyu.911cha.com/Mm9pNg==.html"
        },
        {
            "id": "画蛇添足",
            "url": "https://chengyu.911cha.com/MWJpdQ==.html"
        },
        {
            "id": "画龙点睛",
            "url": "https://chengyu.911cha.com/MWQ4OA==.html"
        },
        {
            "id": "对牛弹琴",
            "url": "https://chengyu.911cha.com/eWd1.html"
        },
        {
            "id": "一石二鸟",
            "url": "https://chengyu.911cha.com/MnFjdQ==.html"
        },
        {
            "id": "双管齐下",
            "url": "https://chengyu.911cha.com/MjYydQ==.html"
        },
        {
            "id": "逆水行舟",
            "url": "https://chengyu.911cha.com/MXNpaQ==.html"
        },
        {
            "id": "旗开得胜",
            "url": "https://chengyu.911cha.com/MXVucQ==.html"
        },
        {
            "id": "浑水摸鱼",
            "url": "https://chengyu.911cha.com/MWQ3NA==.html"
        },
        {
            "id": "漏网之鱼",
            "url": "https://chengyu.911cha.com/MW9pbQ==.html"
        },
        {
            "id": "纸上谈兵",
            "url": "https://chengyu.911cha.com/MndoeQ==.html"
        },
        {
            "id": "单枪匹马",
            "url": "https://chengyu.911cha.com/dW1p.html"
        },
        {
            "id": "一泻千里",
            "url": "https://chengyu.911cha.com/MnJuaQ==.html"
        },
        {
            "id": "偷鸡摸狗",
            "url": "https://chengyu.911cha.com/MmNzcw==.html"
        },
        {
            "id": "水落石出",
            "url": "https://chengyu.911cha.com/MjdrcQ==.html"
        },
        {
            "id": "鸡飞狗跳",
            "url": "https://chengyu.911cha.com/OGNh.html"
        },
        {
            "id": "五花八门",
            "url": "https://chengyu.911cha.com/NnZocQ==.html"
        },
        {
            "id": "全心投入",
            "url": ""
        },
        {
            "id": "捧腹大笑",
            "url": "https://chengyu.911cha.com/NGh5MA==.html"
        },
        {
            "id": "借酒消愁",
            "url": ""
        },
        {
            "id": "风和日丽",
            "url": "https://chengyu.911cha.com/MTFpYQ==.html"
        },
        {
            "id": "四通八达",
            "url": "https://chengyu.911cha.com/NTJoNg==.html"
        },
        {
            "id": "归心似箭",
            "url": "https://chengyu.911cha.com/NzFj.html"
        },
        {
            "id": "异曲同工",
            "url": "https://chengyu.911cha.com/MnNvNg==.html"
        },
        {
            "id": "一五一十",
            "url": "https://chengyu.911cha.com/MnBqNA==.html"
        },
        {
            "id": "口是心非",
            "url": "https://chengyu.911cha.com/MWluOA==.html"
        },
        {
            "id": "无与伦比",
            "url": "https://chengyu.911cha.com/MnpnYw==.html"
        },
        {
            "id": "里应外合",
            "url": "https://chengyu.911cha.com/MWxjZw==.html"
        },
        {
            "id": "多此一举",
            "url": "https://chengyu.911cha.com/eW15.html"
        },
        {
            "id": "天方夜谭",
            "url": "https://chengyu.911cha.com/MmFqeQ==.html"
        },
        {
            "id": "石破天惊",
            "url": "https://chengyu.911cha.com/MjVkaw==.html"
        },
        {
            "id": "四大皆空",
            "url": "https://chengyu.911cha.com/Mjc3NA==.html"
        },
        {
            "id": "德高望重",
            "url": "https://chengyu.911cha.com/dnVv.html"
        },
        {
            "id": "四脚朝天",
            "url": "https://chengyu.911cha.com/Mjh0Ng==.html"
        },
        {
            "id": "三言两语",
            "url": "https://chengyu.911cha.com/MjQ3dw==.html"
        },
        {
            "id": "扬眉吐气",
            "url": "https://chengyu.911cha.com/Mm0xdQ==.html"
        },
        {
            "id": "正中下怀",
            "url": "https://chengyu.911cha.com/MnhnNA==.html"
        },
        {
            "id": "大材小用",
            "url": "https://chengyu.911cha.com/dGUy.html"
        },
        {
            "id": "金屋藏娇",
            "url": "https://chengyu.911cha.com/MWdhOA==.html"
        },
        {
            "id": "一举两得",
            "url": "https://chengyu.911cha.com/MmtsbQ==.html"
        },
        {
            "id": "东张西望",
            "url": "https://chengyu.911cha.com/eDk4.html"
        },
        {
            "id": "人仰马翻",
            "url": "https://chengyu.911cha.com/MXhnaw==.html"
        },
        {
            "id": "明争暗斗",
            "url": "https://chengyu.911cha.com/MXI4ZQ==.html"
        },
        {
            "id": "五光十色",
            "url": "https://chengyu.911cha.com/MmV5aw==.html"
        },
        {
            "id": "三五成群",
            "url": "https://chengyu.911cha.com/MjBwOA==.html"
        },
        {
            "id": "乌合之众",
            "url": "https://chengyu.911cha.com/Mjl2OA==.html"
        },
        {
            "id": "无中生有",
            "url": "https://chengyu.911cha.com/MmdvOA==.html"
        },
        {
            "id": "官官相护",
            "url": "https://chengyu.911cha.com/MTZtNg==.html"
        },
        {
            "id": "病从口入",
            "url": "https://chengyu.911cha.com/a2l3.html"
        },
        {
            "id": "本末倒置",
            "url": "https://chengyu.911cha.com/ajdl.html"
        },
        {
            "id": "不堪入目",
            "url": "https://chengyu.911cha.com/bHVl.html"
        },
        {
            "id": "才高八斗",
            "url": "https://chengyu.911cha.com/bmZ3.html"
        },
        {
            "id": "沧海一粟",
            "url": "https://chengyu.911cha.com/bnpj.html"
        },
        {
            "id": "草木皆兵",
            "url": "https://chengyu.911cha.com/bzky.html"
        },
        {
            "id": "姹紫嫣红",
            "url": "https://chengyu.911cha.com/b2dh.html"
        },
        {
            "id": "崇山峻岭",
            "url": "https://chengyu.911cha.com/NDJl.html"
        },
        {
            "id": "茅塞顿开",
            "url": "https://chengyu.911cha.com/MXI5OA==.html"
        },
        {
            "id": "飞蛾扑火",
            "url": "https://chengyu.911cha.com/Njhn.html"
        },
        {
            "id": "迫在眉睫",
            "url": "https://chengyu.911cha.com/MXR2bw==.html"
        },
        {
            "id": "事半功倍",
            "url": "https://chengyu.911cha.com/MjVzMA==.html"
        },
        {
            "id": "粗茶淡饭",
            "url": "https://chengyu.911cha.com/c2tj.html"
        },
        {
            "id": "声东击西",
            "url": "https://chengyu.911cha.com/MjR5YQ==.html"
        },
        {
            "id": "心直口快",
            "url": "https://chengyu.911cha.com/Mmt0eQ==.html"
        },
        {
            "id": "水滴石穿",
            "url": "https://chengyu.911cha.com/MmE1cw==.html"
        },
        {
            "id": "四平八稳",
            "url": "https://chengyu.911cha.com/MjhrdQ==.html"
        },
        {
            "id": "灯红酒绿",
            "url": "https://chengyu.911cha.com/dndt.html"
        },
        {
            "id": "高高在上",
            "url": "https://chengyu.911cha.com/MTRmYQ==.html"
        },
        {
            "id": "甘拜下风",
            "url": "https://chengyu.911cha.com/N2wy.html"
        },
        {
            "id": "前赴后继",
            "url": "https://chengyu.911cha.com/MXhxdQ==.html"
        },
        {
            "id": "楚河汉界",
            "url": "https://chengyu.911cha.com/cmRr.html"
        },
        {
            "id": "入木三分",
            "url": "https://chengyu.911cha.com/MjB5bw==.html"
        },
        {
            "id": "马失前蹄",
            "url": ""
        },
        {
            "id": "门当户对",
            "url": "https://chengyu.911cha.com/MXExdw==.html"
        },
        {
            "id": "三更半夜",
            "url": "https://chengyu.911cha.com/MjNmaw==.html"
        },
        {
            "id": "背道而驰",
            "url": "https://chengyu.911cha.com/ajF1.html"
        }
    ]
}