{"items":[{"title":"抱头大哭","id":"BTDK","album":"清吴敬梓《儒林外史》第27回：“两人抱头大哭，哭了一场坐下。”","translation":"形容非常伤心或很是感动的样子。","pronunciation":"bàotóudàkū"},{"title":"抱头痛哭","id":"BTTK","album":"清刘鹗《老残游记》第四回：“这里于家父子同他家里人抱头痛哭。”","translation":"指十分伤心或感动，抱头大哭","pronunciation":"bàotóutòngkū"},{"title":"长歌当哭","id":"CGDK","album":"清曹雪芹《红楼梦》第87回：“感怀触绪，聊赋四章，匪曰无故呻吟，亦长歌当哭之意耳。”","translation":"长歌：放声歌咏；引申为写诗文；当：当作。以放声歌咏代替哭泣；指用诗文抒发胸中悲愤的感情。也作“长歌代哭”。","pronunciation":"chánggēdàngkū"},{"title":"鬼哭狼嚎","id":"GKLH","album":"清西周生《醒世姻缘传》第20回：“又神差鬼使，叫他里面嚷打做鬼哭狼号。”","translation":"嚎：大声叫或哭喊。像鬼和狼一样哭喊。形容哭声很凄惨。","pronunciation":"guǐkūlángháo"},{"title":"鬼哭狼嗥","id":"GKL","album":"魏巍《东方》第三部第六章：“有的钻到汽车下，有的往坦克的后面涌，鬼哭狼嗥，乱成一片。”","translation":"①同“鬼哭神号”。②同“鬼哭神号”。","pronunciation":"guǐkūlángháo"},{"title":"鬼哭神愁","id":"GKSC","album":"明·陈汝元《金莲花·释愤》：“我想做丞相时威灵震主，权势倾朝。手指一挥，两班里鸟惊鱼骇；眉头半锁，满朝中鬼哭神愁。”","translation":"形容惊恐忧愁。","pronunciation":"guǐkūshénchóu"},{"title":"鬼哭粟飞","id":"GKSF","album":"南朝·梁·刘勰《文心雕龙·练字》：“苍颉造之，鬼哭粟飞；黄帝用之，官治民察。”","translation":"传说苍颉造字，惊天动地，天雨粟，鬼夜哭。","pronunciation":"guǐkūsùfēi"},{"title":"鬼哭神嚎","id":"GKSH","album":"《太平天国歌谣传说集祭供恩人》：“吓还不算，还逼着人‘逃难’。弄得村上鸡飞狗跳，鬼哭神嚎。”","translation":"号：哭。形容大声哭叫，声音凄厉。","pronunciation":"guǐkūshénháo"},{"title":"鬼哭神号","id":"GKSH","album":"元·杨暹《西游记》第三本第九出：“则听得鬼哭神号，休猜做三唱《阳关》出霸桥。”","translation":"①形容哭叫悲惨凄厉。②形容声音大而杂乱，令人惊恐。","pronunciation":"guǐkūshénhào"},{"title":"鬼哭神惊","id":"GKSJ","album":"《水浒传》第七十回：“张清带住枪杆，去锦袋中摸出一石子。手起处真似流星掣电，石子来吓得鬼哭神惊。”","translation":"形容极度惊恐。","pronunciation":"guǐkūshénjīng"},{"title":"鬼哭天愁","id":"GKTC","album":"高旭《五月十九日和巢南韵即寄越中》：“鬼哭天愁冷雨斜，黄龙晋酒恨徒赊。”","translation":"形容悲惨凄凉。","pronunciation":"guǐkūtiānchóu"},{"title":"干啼湿哭","id":"GTSK","album":"《北齐书·尉景传》：“景曰：‘小儿惯去，放使作心腹，何须干啼湿哭不听打耶！’”","translation":"干啼：没有眼泪地啼哭。湿哭：有眼泪地啼哭。无泪和有泪地哭。①形容哭哭啼啼。②也泛指因苦楚而呈现的各种表情。亦作“湿哭干啼”。","pronunciation":"gàntíshīkū"},{"title":"歌于斯，哭于斯","id":"GYSKYS","album":"《礼记·檀弓下》：“晋献文子成室。晋大夫发焉。张老曰：‘美哉轮焉，美哉奂焉。歌于斯，哭于斯。’”","translation":"歌唱在这里，哭泣在这里。指安居的家宅。","pronunciation":"gēyǘsī，kūyúsī"},{"title":"行号巷哭","id":"XHXK","album":"晋·刘琨《劝进表》：“苟在食土之毛，含气之类，莫不叩心绝气，行号巷哭。”","translation":"行：路；号：大声哭叫。道路上和大街小巷里的人都在哭泣。形容人们极度悲哀。","pronunciation":"hángháoxiàngkū"},{"title":"号啕大哭","id":"HDK","album":"《周易同人》：“同人先号咷而后笑。”","translation":"号啕：大哭声。放声大哭。","pronunciation":"háotáodàkū"},{"title":"街号巷哭","id":"JHXK","album":"晋·潘岳《马汧督诔》：“凡尔同围，心焉摧剥，扶老携幼，街号巷哭。”","translation":"号哭于大街小巷。形容悲痛至极。","pronunciation":"jiēhàoxiàngkū"},{"title":"见哭兴悲","id":"JKXB","album":"明·梅鼎祚《玉合记·还玉》：“迟共疾，俺敢侍寻生替死，自古道见哭兴悲。”","translation":"见别人哭泣而引起自己的悲伤。谓产生同情心。","pronunciation":"jiànkūxīngbēi"},{"title":"哭哭啼啼","id":"KKTT","album":"清曹雪芹《红楼梦》第六十七回：“这如今才好些，又这样哭哭啼啼，岂不是自己糟蹋了自己身子。”","translation":"不停的哭泣。","pronunciation":"kūkūtítí"},{"title":"哭丧着脸","id":"KSZL","album":"清·西周生《醒世姻缘传》第66回：“小玉兰哭丧着脸，走到湖亭席上，狄希陈唬得魂飞天外。”","translation":"心里不愉快，脸上显出不高兴的样子。","pronunciation":"kūsāngzheliǎn"},{"title":"哭天喊地","id":"KTHD","album":"凌力《少年天子》第六章：“公堂上三十棍打下来，大人都要哭天喊地，他小小年纪却一声不哼。”","translation":"提高嗓门又哭又叫。","pronunciation":"kūtiānhǎndì"},{"title":"哭天抹泪","id":"KTML","album":"清·曹雪芹《红楼梦》第32回：“前日不知为什么撵出去，在家里哭天抹泪的。”","translation":"形容哭哭啼啼。","pronunciation":"kūtiānmǒlèi"},{"title":"哭笑不得","id":"KXBD","album":"元高安道《皮匠说谎》：“好一场，恶一场，哭不得，笑不得。”","translation":"哭也不好；笑也不好。形容处境尴尬。","pronunciation":"kūxiàobùdé"},{"title":"狼号鬼哭","id":"LHGK","album":"清曹雪芹《红楼梦》第58回：“况且宝玉才好了些，连我们也不敢说话，你反打的人狼号鬼哭的！”","translation":"形容哭声凄惨","pronunciation":"lángháoguǐkū"},{"title":"猫哭老鼠","id":"MKLS","album":"《说唐》第62回：“如今又不知那里杀来，又同牛鼻道人在此‘猫儿哭老鼠’，假慈悲。”","translation":"比喻假慈悲","pronunciation":"māokūlǎoshǔ"},{"title":"鸟哭猿啼","id":"NKYT","album":"唐·王维《能禅师碑》：“山崩川竭，鸟哭猿啼。”","translation":"泛指禽兽悲鸣。形容悲凉的情景。","pronunciation":"niǎokūyuántí"},{"title":"牛衣夜哭","id":"NYYK","album":"唐·温庭筠《上裴舍人启》：“今则阮路兴悲，商歌结恨；牛衣夜哭，马柱晨吟。”","translation":"见“牛衣对泣”。","pronunciation":"niúyīyèkū"},{"title":"秦庭之哭","id":"QTZK","album":"北周庾信《哀江南赋》：“鬼同曹社之谋，人有秦庭之哭。”","translation":"原指向别国请求救兵。后也指哀求别人救助。","pronunciation":"qíntíngzhīkū"},{"title":"穷途之哭","id":"QTZK","album":"《晋书阮籍传》：“时率意独驾，不由径路，车迹所穷，辄痛哭而返。”","translation":"因车无路可行而悲伤，后指处于困境所发的绝望的哀伤。","pronunciation":"qióngtúzhīkū"},{"title":"神愁鬼哭","id":"SCGK","album":"明·陆采《怀香记·飞报捷音》：“吴国内甚惊恐，每发兵来交锋败北，端的神愁鬼哭。”","translation":"形容十分愁苦凄惨。","pronunciation":"shénchóuguǐkū"},{"title":"神号鬼哭","id":"SHGK","album":"元·无名氏《马陵道》第二折：“可怎生神嚎鬼哭，雾惨云昏，白日为幽。”","translation":"号：哭。形容大声哭叫，声音凄厉。","pronunciation":"shénháoguǐkū"},{"title":"神嚎鬼哭","id":"SHGK","album":"元·无名氏《马陵道》第二折：“可怎生神嚎鬼哭，雾惨云昏，白日为幽。”","translation":"见“神号鬼哭”。","pronunciation":"shénháoguǐkū"},{"title":"痛哭流涕","id":"TKLT","album":"东汉班固《汉书贾谊传》：“臣窃惟事势，可为痛哭者一，可为流涕者二，可为长太息者六。”","translation":"形容非常伤心地痛哭。痛哭：尽情大哭；涕：眼泪。","pronunciation":"tòngkūliútì"},{"title":"啼天哭地","id":"TTKD","album":"元陶宗仪《南村辍耕录阑路驾上书》：“奉使来时，惊天动地，奉使去时，乌天黑地，官吏都欢天喜地，百姓却啼天哭地。”","translation":"呼天叫地的哭号，形容非常悲痛。","pronunciation":"títiānkūdì"},{"title":"啼啼哭哭","id":"TTKK","album":"清吴敬梓《儒林外史》第一回：“只见许多男女，啼啼哭哭，在街上过。”","translation":"哭泣不止。","pronunciation":"títíkūkū"},{"title":"西台痛哭","id":"XTTK","album":"柳弃疾《怀人诗》之四：“西台痛哭谢晞发，眢井沉书郑亿翁。”","translation":"宋末文天祥抗元失败被害。八年后，谢翱与友人登西台痛哭致祭，并作《登西台恸哭记》以记其事。后用以称亡国之痛。","pronunciation":"xītáitòngkū"},{"title":"昼吟宵哭","id":"ZYXK","album":"《战国策·楚策一》：“［棼冒勃苏］七日而薄秦王之朝，雀立不转，昼吟宵哭，七日不得告。”","translation":"昼夜哀叹、哭泣。","pronunciation":"zhòuyínxiāokū"}]}