{"items":[{"title":"抽抽搭搭","id":"CCDD","album":"清·曹雪芹《红楼梦》第106回：“平儿听了，越发抽抽搭搭的哭了起来。”","translation":"形容抵声哭泣。","pronunciation":"chōuchōudādā"},{"title":"椎心泣血","id":"ZXQX","album":"汉李陵《答苏武书》：“何图志未立而怨已成，计未从而骨肉受刑，此陵所以仰天椎心而泣血也。”","translation":"椎心：捶胸脯；泣血：因哭泣眼睛红肿得像流出血似的。用拳头捶打着胸脯；眼睛因哭泣而红肿；像要流出血一样。形容极度悲恸。","pronunciation":"chuíxīnqìxuě"},{"title":"歌于斯，哭于斯","id":"GYSKYS","album":"《礼记·檀弓下》：“晋献文子成室。晋大夫发焉。张老曰：‘美哉轮焉，美哉奂焉。歌于斯，哭于斯。’”","translation":"歌唱在这里，哭泣在这里。指安居的家宅。","pronunciation":"gēyǘsī，kūyúsī"},{"title":"行号巷哭","id":"XHXK","album":"晋·刘琨《劝进表》：“苟在食土之毛，含气之类，莫不叩心绝气，行号巷哭。”","translation":"行：路；号：大声哭叫。道路上和大街小巷里的人都在哭泣。形容人们极度悲哀。","pronunciation":"hángháoxiàngkū"},{"title":"鸡骨支床","id":"JGZC","album":"南朝宋刘义庆《世说新语德行》：“王戎，和峤同时遭打丧，俱以孝称，王鸡骨支床，和哭泣备礼。”","translation":"原意是因亲丧悲痛过度而消瘦疲惫在床席之上。后用来比喻在父母丧中能尽孝道。也形容十分消瘦。","pronunciation":"jīgǔzhīchuáng"},{"title":"见哭兴悲","id":"JKXB","album":"明·梅鼎祚《玉合记·还玉》：“迟共疾，俺敢侍寻生替死，自古道见哭兴悲。”","translation":"见别人哭泣而引起自己的悲伤。谓产生同情心。","pronunciation":"jiànkūxīngbēi"},{"title":"哭哭啼啼","id":"KKTT","album":"清曹雪芹《红楼梦》第六十七回：“这如今才好些，又这样哭哭啼啼，岂不是自己糟蹋了自己身子。”","translation":"不停的哭泣。","pronunciation":"kūkūtítí"},{"title":"梨花带雨","id":"LHDY","album":"唐白居易《长恨歌》：“玉容寂寞泪阑干，梨花一枝春带雨。”","translation":"象沾着雨点的梨花一样。原形容杨贵妃哭泣时的姿态。后用以形容女子的娇美。","pronunciation":"líhuādàiyǔ"},{"title":"连绵不断","id":"LMBD","album":"明朱国祯《涌幢小品》：“往余再丧妻，四丧子，复丧妹，最后丧母，连绵不绝，哭泣悲伤，五衷菀结。”","translation":"连绵：连续不断的样子。形容连续不止；从不中断。","pronunciation":"liánmiánbùduàn"},{"title":"牛衣对泣","id":"NYDQ","album":"《汉书·王章传》：“初，章为渚生学长安，独与妻居。章疾病，无被，卧牛衣中；与妻决，涕泣。”","translation":"睡在牛衣里，相对哭泣。形容夫妻共同过着穷困的生活。","pronunciation":"niúyīduìqì"},{"title":"破涕为笑","id":"PTWX","album":"晋刘琨《答卢湛书》：“时复相与举觞对膝，破涕为笑，排终身之积惨，求数刻之暂欢。”","translation":"涕：眼泪。一下子停止哭泣；笑了起来。也用来形容转悲为喜。","pronunciation":"pòtìwéixiào"},{"title":"泣不成声","id":"QBCS","album":"汉赵晔《吴越春秋越王无余外传》：“尧崩，禹服三年之丧，如丧考妣，昼夜哭泣，气不属声。”","translation":"泣：低声哭。哭得噎住了；连声音也发不出来。形容极度悲伤。","pronunciation":"qìbùchéngshēng"},{"title":"泣不可仰","id":"QBKY","album":"洪深《编剧二十八问》：“他把书记大骂一顿，责她多管闲事；她正在泣不可仰。”","translation":"哭泣得抬不起头。形容极度悲伤。","pronunciation":"qìbùkěyǎng"},{"title":"如泣如诉","id":"RQRS","album":"宋苏轼《前赤壁赋》：“其声呜呜然，如怨如慕，如泣如诉，余音袅袅，不绝如缕。”","translation":"泣：哭；诉：说。像在哭泣；像在诉说。形容哀戚婉转的抒情乐声。","pronunciation":"rúqìrúsù"},{"title":"涕泗交颐","id":"TJY","album":"宋陈亮《祭徐子宜内子宋氏恭人文》：“男抛未下，女失所依。矧姑钟爱，涕泗交颐。”","translation":"眼泪鼻涕流满脸颊。形容哀恸哭泣。","pronunciation":"tìsìjiāoyí"},{"title":"啼啼哭哭","id":"TTKK","album":"清吴敬梓《儒林外史》第一回：“只见许多男女，啼啼哭哭，在街上过。”","translation":"哭泣不止。","pronunciation":"títíkūkū"},{"title":"行号卧泣","id":"XHWQ","album":"南朝·陈·徐陵《为贞阳侯答王太尉书》：“自皇家祸乱，亟积寒暄，九州万国之人，蟠本流沙之地，莫不行号卧泣，想望休平。”","translation":"行走或躺卧时都在号呼哭泣。形容悲痛之极。","pronunciation":"xínghàowòqì"},{"title":"向隅而泣","id":"XYEQ","album":"汉刘向《说苑贵德》：“今有满堂饮酒者，有一人独索然向隅而泣，则一堂之人皆不乐矣。”","translation":"隅：墙角；泣：哭。一个人面对墙角哭泣。形容没有人理睬；非常孤立；只能绝望地哭泣。","pronunciation":"xiàngyúérqì"},{"title":"饮恨吞声","id":"YHTS","album":"南朝梁江淹《恨赋》：“莫不饮恨而吞声。”","translation":"饮恨：强忍怨恨；吞声：哭泣而不敢出声。形容忍恨含悲，不敢表露。","pronunciation":"yǐnhèntūnshēng"},{"title":"枕戈泣血","id":"ZGQX","album":"唐·房玄龄《晋书·桓温传》：“枕戈泣血，志在复雠。”","translation":"枕着兵器，哭泣见血。形容极度悲愤，矢志杀敌雪恨。","pronunciation":"zhěngēqìxuè"},{"title":"昼吟宵哭","id":"ZYXK","album":"《战国策·楚策一》：“［棼冒勃苏］七日而薄秦王之朝，雀立不转，昼吟宵哭，七日不得告。”","translation":"昼夜哀叹、哭泣。","pronunciation":"zhòuyínxiāokū"}]}