{"items":[{"title":"勃然大怒","id":"BRDN","album":"东汉班固《汉书谷永传》：“是故皇天勃然发怒。”","translation":"勃然：因生气或惊慌等突然变脸色的样子。形容突然变脸；发起脾气来。","pronunciation":"bórándànù"},{"title":"冲冠发怒","id":"CGFN","album":"唐·元稹《观兵部马射赋》：“凡献艺者，岂自疑于无必。冲冠发怒，扬鞭气逸，引满雷砰，腾凌飙疾，皆穷百中之妙，尽由一孔而出，乃知来者之艺，盖亦前人之匹。”","translation":"见“冲冠怒发”。","pronunciation":"chōngguànfānù"},{"title":"冲冠怒发","id":"CGNF","album":"《旧唐书·郑畋传》：“而畋冲冠怒发，投袂冶兵，罗剑戟于樽前，练貔貅于阃外。”","translation":"形容极为愤怒。","pronunciation":"chōngguànnùfā"},{"title":"藏怒宿怨","id":"CNSY","album":"战国邹孟轲《孟子万章上》：“仁人之于弟也，不藏怒焉，不宿怨焉。”","translation":"藏、宿：存留。把愤怒和怨恨藏留在心里。指心怀怨恨，久久难消。","pronunciation":"cángnùsùyuàn"},{"title":"东怒西怨","id":"DNXY","album":"北齐·颜之推《颜氏家训·省事》：“厉色扬声，东怒西怨。”","translation":"比喻迁怒于人。","pronunciation":"dōngnùxīyuàn"},{"title":"东怨西怒","id":"DYXN","album":"北齐·颜之推《颜氏家训·省事》：“须求趋竞，不顾羞惭，比较材能，斟量功伐，厉色扬声，东怨西怒；或有协持宰相瑕疵，而获酬谢，或有喧聒时人视听，求见发遣；以此得官，谓为才力，何异盗食致饱，窃衣取温哉！”","translation":"谓任意指责别人。","pronunciation":"dōngyuànxīnù"},{"title":"发怒冲冠","id":"FNCG","album":"《燕丹子》下卷：“歌曰：‘风萧萧兮易水寒，壮士一去兮不复还。’高渐离击筑，宗意和之。如壮声则发怒冲冠，为哀声则士皆流涕。”","translation":"同“发上冲冠”。","pronunciation":"fānùchōngguàn"},{"title":"敢怒而不敢言","id":"GNEBGY","album":"唐杜牧《阿房宫赋》：“使天下之人，不敢言而敢怒。”","translation":"心里愤怒而嘴上不敢说。指慑于威胁，胸中愤怒不敢吐露。","pronunciation":"gǎnnùérbùgǎnyán"},{"title":"敢怒敢言","id":"GNGY","album":"清·西周生《醒世姻缘传》第一回：“那计氏虽也还敢怒敢言，当不起晁大舍也敢为敢做。”","translation":"敢于愤怒，又敢于说出来。","pronunciation":"gǎnnùgǎnyán"},{"title":"横眉怒目","id":"HMNM","album":"清文康《儿女英雄传》第21回：“不一时，只听得院子里许多脚步响，早进来了横眉怒目，挺胸凸肚的一群人。”","translation":"眉毛横竖；双目怒睁。形容强、凶狠的神情。","pronunciation":"héngméinùmù"},{"title":"横眉怒视","id":"HMNS","album":"师飙等《金戈铁马少年时》第五章；“辛弃疾、贾瑞、飞烟、金福仗剑立于帐口，一个个横眉怒视，杀气逼人。”","translation":"犹言横眉努目。形容怒目相视，态度凶狠的样子。","pronunciation":"héngméinùshì"},{"title":"赫然而怒","id":"HREN","album":"","translation":"形容大怒。火冒三丈的样子。","pronunciation":"hèránérnù"},{"title":"鲸波怒浪","id":"JBNL","album":"清·昭梿《啸亭杂录·端午龙舟》：“乾隆初，上于端午日命内侍习竞渡于福海中，皆画船箫鼓，飞龙蠲首，络绎于鲸波怒浪间。”","translation":"犹言惊涛骇浪。","pronunciation":"jīngbōnùlàng"},{"title":"惊风怒涛","id":"JFNT","album":"清·刘大櫆《谢氏妹六十寿序》：“回思三十年前，惊风怒涛，恍如梦寐。”","translation":"喻生活中的艰辛险恶。","pronunciation":"jīngfēngnùtāo"},{"title":"金刚怒目","id":"JGNM","album":"宋庞元英《谈薮薛道衡》：“金刚努目，所以降伏四魔；菩萨低眉，所以慈悲六道。”","translation":"金刚：旧时寺院山门内的四大天王塑像；俗称四大金刚。形容面目威猛可怕。原作“金刚努目”。","pronunciation":"jīngāngnùmù"},{"title":"惊涛怒浪","id":"JTNL","album":"宋·韩拙《论观画别识》：“巅崖峻壁之间，一水飞出，如练千尺悬洒于万仞之下，有惊涛怒浪，涌竑腾沸，喷溅漂流。”","translation":"同“惊涛骇浪”。","pronunciation":"jīngtāonùlàng"},{"title":"积羞成怒","id":"JXCN","album":"梁启超《清议报一百册祝辞并论报馆之责任及本馆之经历》：“既而臣民犯颜，友邦侧目，志不得逞，遂乃积羞成怒，大兴党狱。”","translation":"犹恼羞成怒。指羞愧至极，转生愤怒。","pronunciation":"jīxiūchéngnù"},{"title":"疾言怒色","id":"JYNS","album":"清戴名世《张验封传》：“为人宽厚和平，平生未尝有疾言怒色，有犯者皆不与校。”","translation":"形容对人发怒说话时的神情。同“疾言厉色”。","pronunciation":"jíyánnùsè"},{"title":"戟指怒目","id":"ZNM","album":"马辂《国共和谈演义》第六回：“张学良还要解释，蒋早气得七窍生烟，戟指怒目。抗日，抗日，等我死了以后，你再去抗日好了！”","translation":"指着人，瞪着眼。形容大怒时斥责人的神态。","pronunciation":"jǐzhǐnǔzhāng"},{"title":"狂风怒号","id":"KFNH","album":"唐杜甫《茅屋为秋风所破歌》：“八月秋高风怒号，卷我屋上三重茅。”","translation":"怒：愤怒；发怒；号：号叫。大风刮得像发怒一样号叫。","pronunciation":"kuángfēngnùháo"},{"title":"雷嗔电怒","id":"LDN","album":"清·曹雪芹《红楼梦》第77回：“如今且说宝玉只道王夫人不过来搜检搜检，无甚大事，谁知竟这样雷嗔电怒的来了。”","translation":"暴怒貌。","pronunciation":"léichēndiànnù"},{"title":"雷霆之怒","id":"LZN","album":"《三国志吴志陆逊传》：“今不忍小忿，而发雷霆之怒，违垂堂之戒，轻万乘之重，此臣之所惑也。”","translation":"雷霆：霹雳。象霹雳一样的盛怒。形容愤怒到了极点。","pronunciation":"léitíngzhīlù"},{"title":"老羞成怒","id":"LXCN","album":"清文康《儿女英雄传》第16回：“那一个老羞成怒，就假公济私，把他参改，拿问在监。”","translation":"由于羞愧到了极点，下不了台而发怒。","pronunciation":"lǎoxiūchéngnù"},{"title":"怒不可遏","id":"NBKE","album":"清李宝嘉《官场现形记》第27回：“却说贾大少爷正在自己动手掀王师爷的铺盖，被王师爷回来从门缝里瞧见了，顿时气愤填膺，怒不可遏。”","translation":"遏；止住。愤怒得难以抑制。","pronunciation":"nùbùkěè"},{"title":"怒从心上起，恶向胆边生","id":"NCXSQEXDBS","album":"《五代史平话》：“朱温未听得万事俱休，才听得后，怒从心上起，恶向胆边生。”","translation":"比喻愤怒到极点就会胆大得什么事都干得出来。也泛指恼怒到极点。","pronunciation":"nùcóngxīntóuqǐèxiàngdǎnbiānshēng"},{"title":"怒发冲冠","id":"NFCG","album":"西汉司马迁《史记廉颇蔺相如列传》：“相如因持璧却立，倚柱，怒发上冲冠。”","translation":"冠：帽子。愤怒得头发竖起；顶着帽子。形容愤怒到极点。","pronunciation":"nùfàchōngguān"},{"title":"怒火冲天","id":"NHCT","album":"老舍《龙须沟》第一幕：“［程娘子］怒火冲天，不顾一切地冲向狗子拚命，却被狗子一把抓住。”","translation":"形容愤怒之极，无法抑制。","pronunciation":"nùhuǒchōngtiān"},{"title":"怒火中烧","id":"NHZS","album":"宋王迈《臞轩集》：“虚舟相触何心在，怒火虽炎一响空。”","translation":"中：心中。怒火在心中燃烧。形容极端愤怒。","pronunciation":"nùhuǒzhōngshāo"},{"title":"怒目而视","id":"NMES","album":"明施耐庵《水浒传》：“林冲、杨志怒目而视，有欲要发作之色。”","translation":"怒目：瞪着发怒的眼睛；视：看。非常愤怒地瞪着双眼看。","pronunciation":"nùmùérshì"},{"title":"怒目横眉","id":"NMHM","album":"五代后蜀何光远《监戒录》引陈裕诗：“横眉怒目强干嗔，便作阎浮有力神。祸福岂由泥捏汉，烧香代养弄蛇人。”","translation":"耸起眉毛，瞪大眼睛。形容怒视的样子。","pronunciation":"nùmùhéngméi"},{"title":"怒目切齿","id":"NMQC","album":"晋刘伶《酒德颂》：“怒目切齿，陈说礼法，是非锋起。”","translation":"瞪大眼睛；咬紧牙齿。形容愤恨之极的样子。切齿：咬紧牙齿。","pronunciation":"nùmùqièchǐ"},{"title":"怒猊渴骥","id":"NK","album":"《新唐书·徐浩传》：“始，浩父峤之善书，以法授浩，益工。尝书四十二幅屏，八体皆备，草隶尤工，世状其法曰‘怒猊抉石，渴骥奔泉。’云”","translation":"猊：狻猊，即狮子；骥：骏马。如愤怒的狮子撬扒石头，口渴的骏马奔向泉水。形容书法遒劲奔放。","pronunciation":"nùníkějì"},{"title":"怒气冲冲","id":"NQCC","album":"清·魏秀仁《花月痕》第十二回：“［钱同秀］一手将烟灯砸在地下，说道：‘好好，你们做了一路！’就怒气冲冲的出来上车。”","translation":"形容愤怒得气呼呼的样子","pronunciation":"nùqìchōngchōng"},{"title":"怒气冲天","id":"NQCT","album":"元杨显之《潇湘雨》四：“只落口嗔嗔忿忿，伤心切齿，怒气冲天。”","translation":"怒气直冲天际。形容愤怒到了极点。","pronunciation":"nùqìchōngtiān"},{"title":"怒气填胸","id":"NQTX","album":"明罗贯中《三国演义》第五十七回：“却说周瑜怒气填胸，坠于马下，左右急救归船。”","translation":"胸中充满了愤怒。形容愤怒到了极点。","pronunciation":"nùqìtiánxiōng"},{"title":"恼羞变怒","id":"NXBN","album":"清·李宝嘉《官场现形记》第30回：“昌得官见他如此的说法，不禁恼羞变怒，喝令左右：‘替我赶他出去！’”","translation":"见“恼羞成怒”。","pronunciation":"nǎoxiūbiànnù"},{"title":"恼羞成怒","id":"NXCN","album":"清李宝嘉《官场现形记》第六回：“那抚台见是如此，知道王协台有心瞧他不起，一时恼羞成怒。”","translation":"恼：气恼；羞：羞臊。指由于气恼、羞臊而大怒。","pronunciation":"nǎoxiūchéngnù"},{"title":"怒形于色","id":"NXYS","album":"宋洪迈《夷坚决》：“夫子赐之酒五尊。子夏怒形于色，举足蹴其二。”","translation":"形：显露；色：脸色。满腔愤怒显于脸上。","pronunciation":"nùxíngyúsè"},{"title":"迁怒于人","id":"QNYR","album":"《论语·雍也》：“有颜回者好学，不迁怒，不贰过。”朱熹注：“怒于甲者，不移于乙。”","translation":"受甲的气向乙发泄或自己不如意时拿别人出气。","pronunciation":"qiānnùyúrén"},{"title":"人怨神怒","id":"RYSN","album":"《晋书孔愉传》：“天罚既集，罪人斯殒，王旅未加，自相鱼肉。岂非人怨神怒，天降其灾！”","translation":"形容民愤极大。","pronunciation":"rényuànshénnù"},{"title":"神怒人怨","id":"SNRY","album":"《晋书·殷诰传》：“神怒人怨，众之所弃。倾危多忧，将及社稷。”","translation":"谓人人怨恨愤怒。","pronunciation":"shénnùrényuàn"},{"title":"室怒市色","id":"SNSS","album":"先秦左丘明《左传昭公十九年》：“谚所谓‘室于怒，市于色’者，楚之谓矣。”","translation":"室：家；市：指在外面；色：脸色。指在家里受气，到外边迁怒于人。","pronunciation":"shìnùshìsè"},{"title":"天怒人怨","id":"TNRY","album":"南朝宋范晔《后汉书袁绍传》：“自是士林愤痛，人怨天怒，一夫奋臂，举州同声。”","translation":"上天震怒；人民怨恨。形容作恶多端；激起普遍愤怒。","pronunciation":"tiānnùrényuàn"},{"title":"鲜车怒马","id":"XCNM","album":"南朝宋范晔《后汉书第五伦传》：“蜀地肥饶，人吏富贵，掾吏家赀多至千万，皆鲜车怒马，以财货自达。”","translation":"怒：气势强盛。崭新的车，肥壮的马。形容服用讲究，生活豪华。","pronunciation":"xiānchēnùmǎ"},{"title":"心花怒放","id":"XHNF","album":"清吴趼人《二十年目睹之怪现状》：“只他这一番言语举动，便把个舅爷骗得心花怒放。”","translation":"心里高兴得像花儿盛开一样。形容极其高兴。怒放：盛开。","pronunciation":"xīnhuānùfàng"},{"title":"心花怒发","id":"XHNF","album":"清·郑燮《花间堂诗草跋》：“一旦心花怒发，便如太华峰头十丈莲矣。”","translation":"犹心花怒放。","pronunciation":"xīnhuānùfā"},{"title":"喜怒哀乐","id":"XNAL","album":"西汉戴圣《礼记中庸》：“故君子慎其独也，喜怒哀乐之未发谓之中，发而皆中节谓之和。”","translation":"形容人感情上几种不同的表现。","pronunciation":"xǐnùāilè"},{"title":"喜怒不形于色","id":"XNBXYS","album":"《三国志蜀志先主传》：“喜怒不形于色，好交结豪侠，年少争附之。”","translation":"高兴和恼怒都不表现在脸色上。指人沉着而有涵养，感情不外露。","pronunciation":"xǐnùbùxìngyúsè"},{"title":"息怒停瞋","id":"XNTB","album":"元王实甫《西厢记》第四本第二折：“夫人休闪了手，且息怒停瞋，听红娘说。”","translation":"瞋：发怒时睁大眼睛。停止发怒和生气。多用作劝说，停息恼怒之辞。","pronunciation":"xīnùtíngchēn"},{"title":"喜怒无常","id":"XNWC","album":"《魏书杨大眼传》：“征淮堰之役，喜怒无常。”","translation":"常：一定；无常：变化不定。一会儿高兴　；一会儿发怒；变化不定。指人的性情多变；叫人捉摸不透。","pronunciation":"xǐnùwúcháng"},{"title":"嬉笑怒骂","id":"XNM","album":"宋黄庭坚《东坡先生真赞》：“东坡之酒，赤壁之笛，嬉笑怒骂，皆成文章。”","translation":"嬉：戏乐。指由各种感情产生的不同表现。","pronunciation":"xīxiàonùmà"},{"title":"嘻笑怒骂","id":"XXNM","album":"①清·李渔《闲情偶寄·词曲·词采》：“照此法填词，则离合悲欢，嘻笑怒骂，无一语、一字，不带机趣而行矣。”②清·冯班《钝吟杂录·读古浅说》：“嘻笑怒骂，自是苏文病处；君子之文必庄重。”","translation":"①指嬉戏、欢笑、愤怒、詈骂等不同的情绪表现。②谓不拘守规格，率情任意地发挥表现。③嘲弄辱骂。","pronunciation":"xīxiàonùmà"},{"title":"嬉笑怒骂，皆成文章","id":"XNMJCWZ","album":"宋黄庭坚《东坡先生真赞》之一：“东坡之酒，赤壁之笛，嬉笑怒骂，皆成文章。”","translation":"指不拘题材形式，任意发挥，皆成妙文。","pronunciation":"xīxiàonùmà，jiēchéngwénzhāng"},{"title":"鲜衣怒马","id":"XYNM","album":"明·沈德符《野获编·刑部·冤狱》：“群盗得志，弥横恣为推埋，鲜衣怒马，以游侠为称，其魁名朱国臣者，初亦宰夫也。”","translation":"美服壮马。谓服饰豪奢。","pronunciation":"xiānyīnùmǎ"},{"title":"直眉怒目","id":"ZMNM","album":"端木蕻良《科尔沁旗草原》十七：“孔二老婆并不上他的当，直眉怒目骂他。”","translation":"形容发怒的样子。","pronunciation":"zhíméinùmù"},{"title":"众怒难犯","id":"ZNNF","album":"先秦左丘明《左传襄公十年》：“众怒难犯，专欲难成，合二难以安国，危之道也。”","translation":"群众的愤怒不可触犯。","pronunciation":"zhòngnùnánfàn"},{"title":"众怒难任","id":"ZNNR","album":"唐陆贽《奉天请罢琼林大盈二库状》：“众怒难任，蓄怨终泄。”","translation":"指众人的愤怒难以抵当。","pronunciation":"zhòngnùnánrèn"}]}