{"items":[{"title":"悲喜交集","id":"BXJJ","album":"《晋书王廙传》：“当大明之盛，而守局遐外，不得不奉赠大礼，闻问之日，悲喜交集。”","translation":"交集：一起出现。悲伤和喜悦的心情交织在一起。也作“悲喜交加”；“悲喜交至”。","pronunciation":"bēixǐjiāojí"},{"title":"冁然而笑","id":"REX","album":"《庄子·达生》：“桓公……冁然而笑。”","translation":"冁然：笑的样子。高兴地笑起来。","pronunciation":"chǎnránérxiào"},{"title":"打情骂俏","id":"DQMQ","album":"清李宝嘉《官场现形记》第29回：“齐巧这两天糖葫芦又没有去，王小四便打情骂俏起来。”","translation":"情：风情；俏：俏皮；风趣。指用轻佻的语言、动作勾引挑逗。多指男女间调情。","pronunciation":"dǎqíngmàqiào"},{"title":"大喜过望","id":"DXGW","album":"东汉班固《汉书英布传》：“布大怒，悔来，欲自杀。出就舍，张御食饮从官如汉王居，布又大喜过望。”","translation":"望：希望。结果超过了原来所期望的；因而非常高兴（过：超过；望：期望　）。","pronunciation":"dàxǐguòwàng"},{"title":"得意忘形","id":"DYWX","album":"《晋书阮籍传》：“嗜酒能啸，善弹琴，当其得意，忽忘形骸。”","translation":"形：形骸指自身的存在。高兴得控制不住自己；失去常态。形容浅薄的人稍稍得志就忘记了应持的态度。","pronunciation":"déyìwàngxíng"},{"title":"额手称庆","id":"ESCQ","album":"明冯梦龙《东周列国志》：“文公至绛，国人无不额手称庆。”","translation":"额：头；称：说；表示；额手：以手加额；手拍额头。是把手放在额头上表示庆幸。形容人们在忧困中获得喜迅时高兴和喜悦的神态。","pronunciation":"éshǒuchēngqìng"},{"title":"抚掌大笑","id":"FZDX","album":"南朝宋刘义庆《世说新语假谲》：“女以手披纱扇，抚掌大笑曰：‘我固疑是老奴！’”","translation":"抚掌：拍手。拍手大笑。形容非常高兴。","pronunciation":"fǔzhǎngdàxiào"},{"title":"忽忽不乐","id":"HHBL","album":"《史记梁孝王世家》：“三十五年冬，复朝。上疏欲留，上弗许。归国，意勿勿不乐。”","translation":"忽忽：心中空虚恍惚的情态。形容若有所失而不高兴的样子。","pronunciation":"hūhūbùlè"},{"title":"欢呼雀跃","id":"HHQY","album":"庄周《庄子在宥》：“鸿蒙方将拊髀雀跃而游。”","translation":"高兴得像麻雀一样跳跃。形容非常欢乐。","pronunciation":"huānhūquèyuè"},{"title":"汗流浃背","id":"HLB","album":"南朝宋范晔《后汉书皇后纪下献帝伏皇后》：“操出，顾左右，汗流浃背，自后不敢复朝请。”","translation":"浃：湿透。汗水流得湿透背衣。形容闷热或干活卖力气。也形容极度惶恐或羞愧。","pronunciation":"hànliújiābèi"},{"title":"横眉吐气","id":"HMTQ","album":"五代齐己《轻薄行》：“玉鞭金镫骅骝蹄，横眉吐气如虹霓。”","translation":"犹言扬眉吐气。形容摆脱了长期受压状态后高兴痛快的样子。","pronunciation":"héngméitǔqì"},{"title":"胡思乱想","id":"HSLX","album":"宋朱熹《朱子全书文》：“苦心未能静安，则总是胡思乱想，如何是能虑。”","translation":"胡：乱；随意。不切实际；毫无根据地瞎想。","pronunciation":"húsīluànxiǎng"},{"title":"欢天喜地","id":"HTXD","album":"元王实甫《西厢记》第二本第三折：“则见他欢天喜地，谨依来命。”","translation":"形容非常高兴、快乐。","pronunciation":"huāntiānxǐdì"},{"title":"欢欣鼓舞","id":"HXGW","album":"宋苏轼《上知府王龙图书》：“自公始至，释其重荷……是故莫不欢欣鼓舞之至。”","translation":"欢欣：快乐而兴奋；鼓舞：振奋。指快乐得欢舞跳跃。形容非常高兴；非常振奋。","pronunciation":"huānxīngǔwǔ"},{"title":"含笑九泉","id":"HXJQ","album":"清·李汝珍《镜花缘》第三回：“我儿前去，得能替我出半臂之劳，我亦含笑九泉。”","translation":"九泉：地下深处，旧指人死之后埋葬的地方。也作：“黄泉”。在九泉之下满含笑容。表示死后也感到欣慰和高兴。","pronunciation":"hánxiàojiǔquán"},{"title":"欢欣若狂","id":"HXRK","album":"吴玉章《辛亥革命》：“当变法的诏书一道道地传来的时候，我们这些赞成变法的人，真是欢欣若狂。”","translation":"形容高兴到了极点。","pronunciation":"huānxīnruòkuáng"},{"title":"皆大欢喜","id":"JDHX","album":"《金刚经应化非真分》：“闻佛所说，皆大欢喜，信受奉行。”","translation":"皆：都。人人满意；全都高兴。","pronunciation":"jiēdàhuānxǐ"},{"title":"举国若狂","id":"JGRK","album":"西汉戴圣《礼记杂记下》：“子贡观于蜡。孔子曰：‘赐也乐乎？’对曰：‘一国之人皆若狂，赐未知其乐也。’”","translation":"举：全；狂：疯狂。指全国上下群情振奋；纵情欢乐不能自已；都像疯狂了似的。","pronunciation":"jǔguóruòkuáng"},{"title":"酒酣耳热","id":"JHER","album":"三国魏曹丕《与吴质书》：“每至觞酌流行，丝竹并奏，酒酣耳热，仰而赋诗，当此之时，忽然不自知乐也。”","translation":"酣：酒喝得痛快。酒喝得正痛快；耳朵发热。形容酒兴正浓。","pronunciation":"jiǔhāněrrè"},{"title":"惊喜交集","id":"JXJJ","album":"清文康《儿女英雄传》第八回：“此刻忽然的骨肉团圆，惊喜交加。”","translation":"交集：不同感情同时出现在一个人身上。又吃惊；又高兴。","pronunciation":"jīngxǐjiāojí"},{"title":"惊喜欲狂","id":"JXYK","album":"宋·洪迈《夷坚志·乙志卷九·胡氏子》：“胡惊喜欲狂，即与偕入室，夜分乃去。”","translation":"既惊又喜，高兴得都要发疯了。形容喜出望外，过于兴奋的情壮。","pronunciation":"jīngxǐruòkuáng"},{"title":"近悦远来","id":"JYYL","album":"先秦孔子《论语子路》：“叶公问政，子曰：‘近者说（悦），远者来。’”","translation":"近：指境内；远：指境外。使邻近的人高兴；使远方的人来归附。后用以形容邻近的人因得到好处而高兴；远方的人也都闻风前来归附。","pronunciation":"jìnyuèyuǎnlái"},{"title":"枯木逢春","id":"KMFC","album":"宋释道原《景德传灯录卷二十三唐州大乘山和尚》：“问：‘枯树逢春时如何？’师曰：‘世间希有。’”","translation":"枯：枯萎；木：树木；逢：遇上。枯树遇上春天又有了生机。比喻经历挫折又获得生机。","pronunciation":"kūmùféngchūn"},{"title":"口蜜腹剑","id":"KMFJ","album":"宋司马光《资治通鉴唐玄宗天宝元年》：“尤忌文学之士，或阳与之善，啖以甘言而阴陷之。世谓李林甫‘口有蜜，腹有剑’。”","translation":"嘴里说得动听；心里却盘算着坏主意。形容嘴甜心狠；阴险毒辣。","pronunciation":"kǒumìfùjiàn"},{"title":"开眉展眼","id":"KMZY","album":"明·施耐庵《水浒传》第十五回：“若是有识我们的，水里水里去，火里火里去，若能够受用得一日，便死了开眉展眼。”","translation":"高兴愉快的样子。","pronunciation":"kāiméizhǎnyǎn"},{"title":"哭丧着脸","id":"KSZL","album":"清·西周生《醒世姻缘传》第66回：“小玉兰哭丧着脸，走到湖亭席上，狄希陈唬得魂飞天外。”","translation":"心里不愉快，脸上显出不高兴的样子。","pronunciation":"kūsāngzheliǎn"},{"title":"乐极悲生","id":"LJBS","album":"《史记滑稽列传》：“酒极则乱，乐极则悲，万事尽然，言不可极，极之而衰。《淮南子道应训》：“夫物盛而衰，乐极则悲。”","translation":"高兴到极点时，发生使人悲伤的事。","pronunciation":"lèjíbēishēng"},{"title":"乐嗟苦咄","id":"LK","album":"《鹖冠子·博选》：“凭几据杖指麾而使则厮役者至，乐嗟苦咄则徒隶之人至矣。”","translation":"高兴时招唤，不高兴时责骂。形容对人态度恶劣。","pronunciation":"lèjiēkǔduō"},{"title":"乐极生悲","id":"LJSB","album":"西汉刘安《淮南子道应训》：“夫物盛而衰，乐极则悲。”","translation":"极：到极点。欢乐到极点就会生出悲伤之事。","pronunciation":"lèjíshēngbēi"},{"title":"利灾乐祸","id":"LZLH","album":"宋·文天祥《吊五木》诗序：“张提军隔岸，不发一矢，有利灾乐祸之心。”","translation":"见到别人遭受灾祸反而高兴。","pronunciation":"lìzāilèhuò"},{"title":"眉飞眼笑","id":"MFYX","album":"柳青《创业史》第一部：“他眉飞眼笑，高兴地跳着，大声喊道：‘解放啦！’”","translation":"形容非常高兴","pronunciation":"méifēiyǎnxiào"},{"title":"眉花眼笑","id":"MHYX","album":"明吴承恩《西游记》第二回：“孙悟空在旁闻讲，喜得他抓耳挠腮，眉花眼笑。”","translation":"形容非常高兴、兴奋的样子","pronunciation":"méihuāyǎnxiào"},{"title":"眉欢眼笑","id":"MHYX","album":"清李渔《意中缘拒妁》：“若说起才郎的名字，只怕你们两个，都要眉欢眼笑起来。”","translation":"形容非常兴奋、高兴","pronunciation":"méihuānyǎnxiào"},{"title":"眉开眼笑","id":"MKYX","album":"清李汝珍《镜花缘》第50回：“大盗一面看着，只喜的眉开眼笑。”","translation":"眉头舒展；眼含笑意。形容十分高兴的样子。","pronunciation":"méikāiyǎnxiào"},{"title":"普天同庆","id":"PTTQ","album":"南朝宋刘义庆《世说新语》：“皇子诞育，普天同庆，臣无勋焉，百猥颁厚赉。”","translation":"普：普遍；天：天下；庆：庆贺。普天下共同庆祝。","pronunciation":"pǔtiāntóngqìng"},{"title":"破涕为笑","id":"PTWX","album":"晋刘琨《答卢湛书》：“时复相与举觞对膝，破涕为笑，排终身之积惨，求数刻之暂欢。”","translation":"涕：眼泪。一下子停止哭泣；笑了起来。也用来形容转悲为喜。","pronunciation":"pòtìwéixiào"},{"title":"千变万化","id":"QBWH","album":"先秦庄周《庄子田子方》：“独有一丈夫，儒服而立乎公门。公即召而问以国事，千变万化而不穷。”","translation":"形容变化非常多；没有穷尽。","pronunciation":"qiānbiànwànhuà"},{"title":"亲痛仇快","id":"QTCK","album":"汉朱浮《为幽州牧与彭宠书》：“凡举事无为亲厚者所痛，而为见仇者所快。”","translation":"仇：敌人；亲：自己人。使亲人悲痛；却使敌人高兴。","pronunciation":"qīntòngchóukuài"},{"title":"人逢喜事精神爽","id":"RFXSJSS","album":"清褚人获《隋唐演义》第七回：“人逢喜事精神爽，闷向心来瞌睡多。”","translation":"人遇到喜庆之事则心情舒暢。","pronunciation":"rénféngxǐshìjīngshénshuǎng"},{"title":"人杰地灵","id":"RJDL","album":"唐王勃《滕王阁诗序》：“人杰地灵，徐孺下陈蕃之榻。”","translation":"人有英杰；地有灵秀之气；指杰出的人物出生或到过的地方；就会成为名胜地区。后多指杰出人物生于灵秀之地。","pronunciation":"rénjiédìlíng"},{"title":"人莫予毒","id":"RMYD","album":"先秦左丘明《左传僖公二十八年》：“晋侯闻之而后喜可知也，曰：‘莫予毒也已。’”","translation":"莫：没有。予：我。没有谁能危害我；即谁也不能把我怎样。形容骄傲自大。","pronunciation":"rénmòyúdú"},{"title":"如释重负","id":"RSZF","album":"《穀梁传昭公二十九年》：“昭公出奔，民如释重负。”","translation":"像放下重担那样。形容紧张心情过去以后的轻松愉快。","pronunciation":"rúshìzhòngfù"},{"title":"受宠若惊","id":"SCRJ","album":"宋欧阳修《辞特转吏部侍郎表》：“受宠若惊，况被非常之命，事君无隐，敢倾至恳之诚。”","translation":"宠：赏识。因为得到宠爱或赏识而又高兴；又不安。","pronunciation":"shòuchǒngruòjīng"},{"title":"塞翁失马","id":"SWSM","album":"西汉刘安《淮南子人间训》：“近塞上之人，有善术者，马无故亡而入胡，人皆吊之。”","translation":"边塞一老人丢失一匹马；后此马归来；并带回一匹骏马。比喻虽然暂时受到损失；但从长远看；也许会得到好处。","pronunciation":"sàiwēngshīmǎ"},{"title":"手舞足蹈","id":"SWZD","album":"先秦孟轲《孟子离娄上》：“乐则生矣，全则恶可已也。恶可已，则不知足之蹈之，手之舞之。”","translation":"蹈：跳动。两手舞动；两只脚也跳起来。形容高兴到了极点。","pronunciation":"shǒuwǔzúdǎo"},{"title":"同甘共苦","id":"TGGK","album":"西汉刘向《战国策燕策一》：“燕王吊死问生，与百姓同其甘苦。”","translation":"共同享受幸福；共同承担苦难。比喻同欢乐；共患难。甘：甜；苦：苦难。","pronunciation":"tónggāngòngkǔ"},{"title":"谈笑风生","id":"TXFS","album":"宋辛弃疾《念奴娇赠夏成玉》词：“遐想后日蛾眉，两山横黛，谈笑风生颊。”","translation":"形容谈话时有说有笑；饶有兴趣；气氛热烈。风生：有兴致；很风趣。","pronunciation":"tánxiàofēngshēng"},{"title":"他乡遇故知","id":"TXYGZ","album":"清李汝珍《镜花缘》第十回：“果然有志竟成，上月被他打死一个，今日又去打虎，谁知恰好遇见贤侄。邂逅相逢，真是‘万里他乡遇故知’可谓三生有幸！”","translation":"在远里家乡的地方碰到了老朋友。指使人高兴的事。","pronunciation":"tāxiāngyùgùzhī"},{"title":"闻过则喜","id":"WGZX","album":"先秦孟轲《孟子公孙丑上》：“子路，人告之以有过则喜。”","translation":"听到有人批评自己的过失；就心里高兴。形容虚心接受批评意见。过：过失、错误。","pronunciation":"wénguòzéxǐ"},{"title":"无精打彩","id":"WJDC","album":"清·曹雪芹《红楼梦》第六十七回：“言毕，只是长吁短叹无精打彩的，不象往日高兴。”","translation":"形容不高兴，提不起劲儿。","pronunciation":"wújīngdǎcǎi"},{"title":"畏首畏尾","id":"WSWW","album":"先秦左丘明《左传文公十七年》：“古人有言云：‘畏首畏尾，身其余几？’”","translation":"比喻作事胆子小；顾虑多。畏：畏惧；害怕。","pronunciation":"wèishǒuwèiwěi"},{"title":"无尤无怨","id":"WYWY","album":"鲁迅《而已集·魏晋风度及文章与药及酒之关系》：“他的态度是随便饮酒，乞食，高兴的时候就谈论和作文章，无尤无怨。”","translation":"尤：怨恨。毫无怨恨。","pronunciation":"wúyóuwúyuàn"},{"title":"望洋兴叹","id":"WYXT","album":"元刘壎《隐居通议诗歌五》：“千古吟人，望洋兴叹。”","translation":"原指在伟大的事物面前感叹自己的渺小。现多比喻做事时因力不胜任或没有条件而感到无可奈何。望洋：仰望的样子；兴：产生；发出。","pronunciation":"wàngyángxīngtàn"},{"title":"喜不自胜","id":"XBZS","album":"三国魏钟繇《贺捷表》：“天道祸淫，不终厥命，奉闻嘉熹，喜不自胜。”","translation":"胜：承担。指喜悦难以克制。","pronunciation":"xǐbùzìshèng"},{"title":"喜出望外","id":"XCWW","album":"宋苏轼《与李之仪》：“契阔八年，岂谓复有见日，渐近中原，辱书尤数，喜出望外。”","translation":"望：希望；意料。遇到意外的喜事；心中非常高兴。","pronunciation":"xǐchūwàngwài"},{"title":"心花怒放","id":"XHNF","album":"清吴趼人《二十年目睹之怪现状》：“只他这一番言语举动，便把个舅爷骗得心花怒放。”","translation":"心里高兴得像花儿盛开一样。形容极其高兴。怒放：盛开。","pronunciation":"xīnhuānùfàng"},{"title":"喜眉笑眼","id":"XMXY","album":"柳青《铜墙铁壁》第十章：“好像迎接贵客一样，喜眉笑眼朝着沟里张望。”","translation":"形容满脸笑容；非常高兴。","pronunciation":"xǐméixiàoyǎn"},{"title":"喜怒无常","id":"XNWC","album":"《魏书杨大眼传》：“征淮堰之役，喜怒无常。”","translation":"常：一定；无常：变化不定。一会儿高兴　；一会儿发怒；变化不定。指人的性情多变；叫人捉摸不透。","pronunciation":"xǐnùwúcháng"},{"title":"笑容可掬","id":"XRK","album":"明罗贯中《三国演义》第95回：“果见孔明坐于城楼之上，笑容可掬，焚香操琴。”","translation":"脸上的笑容好像可以用手捧起来一样。形容笑容满面。掬：用双手捧起来。","pronunciation":"xiàoróngkějū"},{"title":"欣喜若狂","id":"XXRK","album":"唐杜甫《闻官军收河南河北》：“却看妻子愁何在，漫卷诗书喜欲狂。”","translation":"形容高兴到了极点。欣喜：欢喜；若：好像；狂：感情失去控制。","pronunciation":"xīnxǐruòkuáng"},{"title":"欣欣向荣","id":"XXXR","album":"晋陶潜《归去来辞》：“木欣欣以向荣，泉涓涓而始流。”","translation":"形容草木长得茂盛。比喻事业蓬勃发展；兴旺昌盛。荣：茂盛。","pronunciation":"xīnxīnxiàngróng"},{"title":"喜笑颜开","id":"XXYK","album":"明冯梦龙《醒世恒言》：“又行了两日，方到常山，径入府中，拜谒颜太守。故人相见，喜笑颜开。”","translation":"颜：脸色；开：舒展；开朗。形容心里高兴；满面笑容。","pronunciation":"xǐxiàoyánkāi"},{"title":"小心翼翼","id":"XXYY","album":"《诗经大雅大明》：“维此文王，小心翼翼。”","translation":"谨慎小心；一点不敢疏忽。翼翼：恭敬慎重的样子。","pronunciation":"xiǎoxīnyìyì"},{"title":"心悦诚服","id":"XYCF","album":"先秦孟轲《孟子公孙丑上》：“以力服人者，非心服也，力不赡也；以德服人者，中心悦而诚服也，如七十子之服孔子也。”","translation":"由衷地高兴；真心地服气。指真诚地服气或服从。悦：愉快；诚：真心。","pronunciation":"xīnyuèchéngfú"},{"title":"幸灾乐祸","id":"XZLH","album":"南北朝颜之推《颜氏家训诫兵》：“若居承平之世，睥睨宫阃，幸灾乐祸，首为逆乱。”","translation":"指人缺乏善意；在别人遇到灾祸时感到高兴。幸：高兴；乐：欢喜。","pronunciation":"xìngzāilèhuò"},{"title":"笑逐颜开","id":"XZYK","album":"明凌蒙初《初刻拍案惊奇》：“母亲方才转忧为喜，笑逐颜开道：'亏得儿子峥嵘有日，奋发有时。”","translation":"笑得使面容舒展开来。形容满脸笑容；十分高兴的样子。逐：驱使；颜：脸面。","pronunciation":"xiàozhúyánkāi"},{"title":"有备无患","id":"YBWH","album":"先秦左丘明《左传襄公十一年》：“《书》曰：‘居安思危。’思则有备，有备无患。”","translation":"备：防备；患：患难；灾祸。事先有防备就可能避免灾祸。","pronunciation":"yǒubèiwúhuàn"},{"title":"一悲一喜","id":"YBYX","album":"《平妖传》二回：“表公单单一身，不胜凄惨，且喜有了性命，又得了两件至宝，正所谓一悲一喜。”","translation":"既悲伤又高兴。《平妖传》二回：“表公单单一身，不胜凄惨，且喜有了性命，又得了两件至宝，正所谓一悲一喜。”","pronunciation":"yībēiyīxǐ"},{"title":"宜嗔宜喜","id":"YYX","album":"元·王实甫《西厢记》第一本第一折：“呀，谁想着寺里遇神仙！我见他宜嗔宜喜春风面，偏宜贴翠花钿。”","translation":"意思是不论生气，还是高兴，总是很美的。","pronunciation":"yichenyixi"},{"title":"一箭双雕","id":"YJSD","album":"《北史长孙晟传》：“尝有二雕飞而争肉，因以箭两只与晟，请射取之。晟驰往，遇雕相攫，遂一发双贯焉。”","translation":"一支箭射中两只雕。比喻做一件事而达到两个目的。","pronunciation":"yījiànshuāngdiāo"},{"title":"眼开眉展","id":"YKMZ","album":"许钦文《鉴湖风景如画》：“坐在船上摇动着，也可以说‘五步一小变，十步一大变’的，却处处使人眼开眉展，爽神悦目。”","translation":"形容极度高兴。","pronunciation":"yǎnkāiméizhǎn"},{"title":"扬眉吐气","id":"YMTQ","album":"唐李白《与韩荆州书》：“何惜阶前盈尺之地，不使白扬眉吐气，激昂青云耶？”","translation":"扬眉：扬起眉头；吐气：吐出怨气、闷气。形容摆脱压抑心情后的高兴；得意的神情。","pronunciation":"yángméitǔqì"},{"title":"悦目娱心","id":"YMYX","album":"宋·张舜民《与石司理书》：“大凡人见悦目娱心之物固所喜。”","translation":"使眼睛高兴，使心里快乐。形容使人感到美好快乐。","pronunciation":"yuèmùyúxīn"},{"title":"怡情悦性","id":"QYX","album":"清曹雪芹《红楼梦》第17回：“如今上了年纪，且案牍劳烦，于这怡情悦性的文章更生疏了。”","translation":"心情分外愉快欢畅。怡；悦；愉快；高兴。","pronunciation":"yíqíngyuèxìng"},{"title":"怡然自得","id":"RZD","album":"战国郑列御寇《列子黄帝》：“黄帝既寤，怡然自得。”","translation":"怡然：安闲、愉快的样子。形容愉快而又自得其乐的神情。","pronunciation":"yíránzìdé"},{"title":"怡然自乐","id":"RZL","album":"晋陶潜《桃花源记》：“黄发垂髫，并怡然自乐。”","translation":"怡然：喜悦的样子。形容高兴而满足。","pronunciation":"yíránzìlè"},{"title":"眼笑眉飞","id":"YXMF","album":"清文康《儿女英雄传》第十五回：“只乐得他手舞足蹈，眼笑眉飞。褚一官等在旁看了，也自欢喜。”","translation":"形容极度高兴。","pronunciation":"yǎnxiàoméifēi"},{"title":"抑郁寡欢","id":"YYGH","album":"老舍《吐了一口气》：“我是个抑郁寡欢的孩子，因为我刚一懂得点事便知道了愁吃愁喝。”","translation":"由于心情不舒畅而很少高兴的时候。","pronunciation":"yìyùguǎhuān"},{"title":"语言无味","id":"YYWW","album":"唐韩愈《送穷文》：“凡所以使吾面目可憎，语言无味者，皆子之志也。”","translation":"语言空洞干巴没有味道。形容说话写文章枯燥无味。","pronunciation":"yǔyánwúwèi"},{"title":"跃跃欲试","id":"YYYS","album":"清李宝嘉《官场现形记》：“一席说，说得唐儿乱子心痒难抓，跃跃欲试。”","translation":"跃跃：急于要动的样子。心情急切地想试一试。形容对某事情非常有兴致；急切想试试。","pronunciation":"yuèyuèyùshì"},{"title":"一则以喜，一则以惧","id":"YZYXYZYJ","album":"《论语·里仁》：“子曰：‘父母之年，不可不知也，一则以喜，一则以惧。’”","translation":"一方面高兴，一方面又害怕。","pronunciation":"yīzéyǐxǐ，yīzéyǐjù"}]}