{"items":[{"title":"不苟言笑","id":"BGYX","album":"西汉戴圣《礼记曲礼上》：“不登高，不临深，不苟訾，不苟笑。”","translation":"苟：苟且；随便。不随便说笑。指态度庄重、严肃。","pronunciation":"bùgǒuyánxiào"},{"title":"不值一笑","id":"BZYX","album":"鲁迅《朝花夕拾死后》：“但同时想，我生存时说的什么批评不值一笑的话，大概是违心之论罢。”又《呐喊阿Ｑ正传》：“阿Ｑ又很自尊，所有未庄的居民，全不在他眼神里，甚而至于对于两位‘文童’也有以为不值一笑的神情。”","translation":"不值得一笑。比喻毫无价值。也表示对某种事物或行为的轻蔑和讥笑。同“不值一哂”。","pronunciation":"bùzhíyīxiào"},{"title":"嗔拳不打笑面","id":"QBDXM","album":"明·兰陵笑笑生《金瓶梅》第96回：“自古嗔拳不打笑面，他又不曾伤犯着你，你有钱看平日相交与他些，没钱罢了，如何只顾打他？”","translation":"比喻不可以欺凌态度和悦的人。","pronunciation":"chēnquánbùdǎxiàomiàn"},{"title":"冁然而笑","id":"REX","album":"《庄子·达生》：“桓公……冁然而笑。”","translation":"冁然：笑的样子。高兴地笑起来。","pronunciation":"chǎnránérxiào"},{"title":"春山如笑","id":"CSRX","album":"宋·郭熙《林泉高致·山水训》：“春山澹冶而如笑，夏山苍翠而如滴，秋山明净而如妆，冬山惨淡而如睡。”","translation":"形容春天的山色明媚。","pronunciation":"chūnshānrúxiào"},{"title":"传为笑柄","id":"CWXB","album":"清·李绿园《歧路灯》第90回：“男家埋怨他办事无首尾，女家骂他占骗……合城传为笑柄。”","translation":"笑柄：被人取笑的材料。流传开去被人们当作取笑的资料。","pronunciation":"chuánwéixiàobǐng"},{"title":"传为笑谈","id":"CWXT","album":"清蒲松龄《聊斋志异嘉平公子》：“公子虽愧恨，犹不知所题，折帖示仆。闻者传为笑谈。”","translation":"笑谈：笑话；笑料。流传开去成为人们谈笑的资料。","pronunciation":"chuánwéixiàotán"},{"title":"谄笑胁肩","id":"XXJ","album":"《初刻折案惊奇》卷十三：“那些人贪他是出钱施主，当面只是甜言蜜语，谄笑胁肩，赚他上手。”","translation":"讨好地强装笑脸，缩敛肩膀。形容阿谀逢迎的丑态。","pronunciation":"chǎnxiàoxiéjiān"},{"title":"当面输心背面笑","id":"DMSXBMX","album":"鲁迅《华盖集续编·海上通信》：“因为中国向来就是‘当面输心背面笑’，正不必‘新的时代’的青年才这样。”","translation":"比喻当面显得十分亲热，背后却在捣鬼。","pronunciation":"dāngmiànshūxīnbèimiànxiào"},{"title":"打情卖笑","id":"DQMX","album":"曹禺《日出》第三幕：“在地狱一般的宝和下处，充满着各种叫卖、喧嚣、女人诟骂、打情卖笑的声浪。”","translation":"打情骂俏，指男女调情","pronunciation":"dǎqíngmàixiào"},{"title":"抚掌大笑","id":"FZDX","album":"南朝宋刘义庆《世说新语假谲》：“女以手披纱扇，抚掌大笑曰：‘我固疑是老奴！’”","translation":"抚掌：拍手。拍手大笑。形容非常高兴。","pronunciation":"fǔzhǎngdàxiào"},{"title":"付之一笑","id":"FZYX","album":"宋吴曾《能改斋漫录辨误三》：“以此知《义海》、《西清》寡陋，而妄为之说，可付之一笑。”","translation":"用一笑来回答。表示不值得理会。","pronunciation":"fùzhīyīxiào"},{"title":"付诸一笑","id":"FZYX","album":"清韩邦庆《海上花列传》第六回：“仲英乃恍然大悟，付诸一笑，就在高椅上坐下，问雪香道：‘耐意思要我成日成夜陪仔耐坐来里，勿许到别场花去，阿是嗄？’”","translation":"用一笑来对待或回答。比喻不值得理会。同“付之一笑”。","pronunciation":"fùzhūyīxiào"},{"title":"回眸一笑","id":"HYX","album":"唐·白居易《长恨歌》：“回眸一笑百媚生，六宫粉黛无颜色。”","translation":"眸：眼珠。转动眼珠，嫣然一笑。常用以形容女子妩媚的表情。","pronunciation":"huímóuyīxiào"},{"title":"哄堂大笑","id":"HTDX","album":"宋欧阳修《归田录》第一卷：“冯徐举其右足曰：‘此亦九百。’于是烘堂大笑。”","translation":"指满屋子人一起大笑起来。","pronunciation":"hōngtángdàxiào"},{"title":"烘堂大笑","id":"HTDX","album":"唐代御史有台院、殿院、察院之分，由台院一名年资最高者主杂事，谓之“杂端”；凡公堂会食，都不谈笑，如杂端先笑，则三院之人随之大笑，谓之“烘堂”。见唐赵璘《因话录·征》。","translation":"唐代御史有台院、殿院、察院之分，由台院一名年资最高者主杂事，谓之“杂端”；凡公堂会食，都不谈笑，如杂端先笑，则三院之人随之大笑，谓之“烘堂”。见唐赵璘《因话录·征》。后因以“烘堂大笑”形容满屋的人同时大笑。","pronunciation":"hōngtángdàxiào"},{"title":"轰堂大笑","id":"HTDX","album":"清文康《儿女英雄传》第三十三回：“安公子小夫妻以至那些媳妇丫头们听了，只管不敢笑，也由不得轰堂大笑起来。”","translation":"形容满屋子的人同时放声大笑。","pronunciation":"hōngtángdàxiào"},{"title":"含笑九泉","id":"HXJQ","album":"清·李汝珍《镜花缘》第三回：“我儿前去，得能替我出半臂之劳，我亦含笑九泉。”","translation":"九泉：地下深处，旧指人死之后埋葬的地方。也作：“黄泉”。在九泉之下满含笑容。表示死后也感到欣慰和高兴。","pronunciation":"hánxiàojiǔquán"},{"title":"含笑入地","id":"HXRD","album":"《后汉书·韩韶传》：“韶曰：‘长活沟壑之人，而以此伏罪，含笑入地矣。’”","translation":"面带笑容而死。犹言死而无憾。","pronunciation":"hánxiàorùdì"},{"title":"见笑大方","id":"JXDF","album":"庄周《庄子秋水》：“吾非至于子之门则殆矣，吾长见笑于大方之家。”","translation":"指让内行人笑话。","pronunciation":"jiànxiàodàfāng"},{"title":"开眉笑眼","id":"KMXY","album":"清·彭养鸥《黑籍冤魂》第19回：“他觉没趣，站起来说声叨忧，开眉笑眼，得意洋洋的去了。”","translation":"见“开眉展眼”。","pronunciation":"kāiméixiàoyǎn"},{"title":"哭笑不得","id":"KXBD","album":"元高安道《皮匠说谎》：“好一场，恶一场，哭不得，笑不得。”","translation":"哭也不好；笑也不好。形容处境尴尬。","pronunciation":"kūxiàobùdé"},{"title":"眉飞眼笑","id":"MFYX","album":"柳青《创业史》第一部：“他眉飞眼笑，高兴地跳着，大声喊道：‘解放啦！’”","translation":"形容非常高兴","pronunciation":"méifēiyǎnxiào"},{"title":"眉花眼笑","id":"MHYX","album":"明吴承恩《西游记》第二回：“孙悟空在旁闻讲，喜得他抓耳挠腮，眉花眼笑。”","translation":"形容非常高兴、兴奋的样子","pronunciation":"méihuāyǎnxiào"},{"title":"眉欢眼笑","id":"MHYX","album":"清李渔《意中缘拒妁》：“若说起才郎的名字，只怕你们两个，都要眉欢眼笑起来。”","translation":"形容非常兴奋、高兴","pronunciation":"méihuānyǎnxiào"},{"title":"眉开眼笑","id":"MKYX","album":"清李汝珍《镜花缘》第50回：“大盗一面看着，只喜的眉开眼笑。”","translation":"眉头舒展；眼含笑意。形容十分高兴的样子。","pronunciation":"méikāiyǎnxiào"},{"title":"买笑寻欢","id":"MXXH","album":"欧阳予倩《潘金莲》第二幕：“他仗着有钱有势，到这儿来买笑寻欢，他哪儿有甚么真情真义？”","translation":"嫖娼狎妓，寻欢作乐。同“买笑追欢”。","pronunciation":"mǎixiàoxúnhuān"},{"title":"买笑迎欢","id":"MXYH","album":"《水浒传》第八一回：“俺哥哥要见尊颜，非图买笑迎欢，只是久闻娘子遭际今上，以此亲自特来告诉衷曲。”","translation":"见“买笑追欢”。","pronunciation":"mǎixiàoyínghuān"},{"title":"卖笑追欢","id":"MXZH","album":"元李行道《灰阑记》第一折：“再不去卖笑追欢风月馆，再不去迎新送旧翠红乡。”","translation":"指娼妓取媚于人的营生","pronunciation":"màixiàozhuīhuān"},{"title":"买笑追欢","id":"MXZH","album":"宋·吴自牧《梦梁录·酒肆》：“坝头西市坊双凤楼施厨开沽，下瓦子前新楼郑厨开沽，俱有妓女，以待风流才子买笑追欢耳。”","translation":"嫖娼狎妓，寻欢作乐。","pronunciation":"mǎixiàozhuīhuān"},{"title":"眉语目笑","id":"MYMX","album":"清袁于令《双莺传》第七折：“今朝何幸聚多娇，偏称是粒面乌纱年少，记歌娘子，与周郎眉语目笑。”","translation":"指以眉目传情","pronunciation":"méiyǔmùxiào"},{"title":"拈花微笑","id":"NHWX","album":"《大梵天王问佛决疑经》：“尔时大梵天王即引若干眷属来奉献世尊于金婆罗华，各各顶礼佛足，退坐一面。尔时世尊即拈奉献金色婆罗华，瞬目扬眉，示诸大众，默然毋措。有迦叶破颜微笑。”","translation":"原为佛家语，比喻彻悟禅理。后比喻彼此心意一致。","pronunciation":"niānhuāwēixiào"},{"title":"拈花一笑","id":"NHYX","album":"宋释普济《五灯会元七佛释迦牟尼佛》：“世尊在灵山会上，拈花示众，是时众皆默然，唯迦叶尊者破颜微笑。”","translation":"比喻心心相印、会心","pronunciation":"niānhuāyīxiào"},{"title":"破愁为笑","id":"PCWX","album":"南朝·陈·徐陵《答族人梁东海太守长孺书》：“又承书札，银钩甚丽，玉疏依然，开封伸纸，破愁为笑。”","translation":"犹言转忧为喜。","pronunciation":"pòchóuwéixiào"},{"title":"捧腹大笑","id":"PFDX","album":"西汉·司马迁《史记·日者列传》：“司马季主捧腹大笑曰：‘观大夫类有道术者，今何言之陋也，何辞之野也！’”","translation":"用手捂住肚子大笑。形容遇到极可笑之事，笑得不能抑制。亦作“捧腹大喜”。","pronunciation":"pěngfùdàxiào"},{"title":"破涕成笑","id":"PTCX","album":"清·和邦额《夜谭随录·阮龙光》：“纵李兄言太刻毒，适足破涕成笑，何须芥蒂。”","translation":"见“破涕为笑”。","pronunciation":"pòtìchéngxiào"},{"title":"破涕为笑","id":"PTWX","album":"晋刘琨《答卢湛书》：“时复相与举觞对膝，破涕为笑，排终身之积惨，求数刻之暂欢。”","translation":"涕：眼泪。一下子停止哭泣；笑了起来。也用来形容转悲为喜。","pronunciation":"pòtìwéixiào"},{"title":"皮笑肉不笑","id":"PXRBX","album":"巴金《秋》十九：“王氏看见陈姨太的粉脸上皮笑肉不笑的神情，知道陈姨太在挖苦她。”","translation":"极其不自然地装出一副笑脸。形容虚伪或心怀恶意的样子。","pronunciation":"píxiàoròubùxiào"},{"title":"破颜微笑","id":"PYWX","album":"《大梵天王问佛决疑经》：“尔时大梵天王即引若干眷属来奉献世尊于金婆罗华，各各顶礼佛足，退坐一面。尔时世尊即拈奉献金色婆罗华，瞬目扬眉，示诸大众，默然毋措。有迦叶破颜微笑。”","translation":"形容心领神会。","pronunciation":"pòyánwēixiào"},{"title":"遣愁索笑","id":"QCSX","album":"清孙原湘《序》：“履园主人于灌园之暇，就耳目所睹闻，着《丛话》二十卷，间以示予曰：‘吾以是遣愁索笑也。’”","translation":"消愁求乐。","pronunciation":"qiǎnchóusuǒxiào"},{"title":"千金买笑","id":"QJMX","album":"南朝宋·鲍照《代白纻曲》：“齐讴秦吹卢女弦，千金雇笑买芳年。”","translation":"花费千金，买得一笑。旧指不惜重价，博取美人欢心。","pronunciation":"qiānjīnmǎixiào"},{"title":"千金一笑","id":"QJYX","album":"宋·张孝祥《虞美人》词之六：“倩人传语更商量，只得千金一笑也甘当。”明·汤显祖《紫钗记》第六出：“道千金一笑相逢夜，似近蓝桥那般欢惬。”","translation":"犹言千金买笑。","pronunciation":"qiānjīnyīxiào"},{"title":"鹊笑鸠舞","id":"QXW","album":"汉·焦延寿《易林》卷六：“鹊笑鸠舞，来遗我酒。”","translation":"喜鹊欢叫，斑鸠飞舞。旧时用作喜庆的祝辞。","pronunciation":"quèxiàojiūwǔ"},{"title":"强颜欢笑","id":"QYHX","album":"清·蒲松龄《聊斋志异·邵女》：“‘汝狡兔三窟，何归为？’柴俯不对。女肘之，柴始强颜为笑。”","translation":"心里不畅快，但脸上勉强装出喜笑的样子。","pronunciation":"qiǎngyánhuānxiào"},{"title":"声音笑貌","id":"SYXM","album":"《孟子·离娄上》：“恭俭岂可以声音笑貌为哉。”","translation":"指人的言谈、表情等。","pronunciation":"shēngyīnxiàomào"},{"title":"投壶电笑","id":"THDX","album":"《神异经·东荒经》：“东荒山中有大石室，东王公居焉……恒与一玉女投壶，每投千二百矫，设有入不出者，……矫出而脱悮不接者，天为之笑。”张华注：“言笑者，天口流火照灼，今天不下雨而有电光是天笑也。”","translation":"《神异经·东荒经》：“东荒山中有大石室，东王公居焉……恒与一玉女投壶，每投千二百矫，设有入不出者，……矫出而脱悮不接者，天为之笑。”张华注：“言笑者，天口流火照灼，今天不下雨而有电光是天笑也。”后遂以“投壶电笑”为闪电不雨之典。","pronunciation":"tóuhúdiànxiào"},{"title":"谈笑封侯","id":"TXFH","album":"唐杜甫《复愁》诗：“闾阎听小子，谈笑觅封侯。”","translation":"说笑之间就封了侯爵。旧时形容获得功名十分容易。","pronunciation":"tánxiàofēnghóu"},{"title":"谈笑风生","id":"TXFS","album":"宋辛弃疾《念奴娇赠夏成玉》词：“遐想后日蛾眉，两山横黛，谈笑风生颊。”","translation":"形容谈话时有说有笑；饶有兴趣；气氛热烈。风生：有兴致；很风趣。","pronunciation":"tánxiàofēngshēng"},{"title":"啼笑皆非","id":"TXJF","album":"唐孟棨《本事诗情感》：“笑啼皆不敢，方验作人难。”","translation":"哭也不是；笑也不是。形容人的行为既令人感到难堪；又令人觉得可笑。皆非：都不是。","pronunciation":"tíxiàojiēfēi"},{"title":"谈笑有鸿儒","id":"TXYHR","album":"唐刘禹锡《陋室铭》：“谈笑有鸿儒，往来无白丁。”","translation":"鸿儒：大儒，有名的学者。与学问渊博的人在一起无拘无束地谈笑。指交游的人不同一般。","pronunciation":"tánxiàoyǒuhóngrú"},{"title":"谈笑自若","id":"TXZR","album":"晋陈寿《三国志吴志甘宁传》：“宁受攻累日，敌设高楼。雨射城中，士众皆惧，惟宁谈笑自若。”","translation":"指在不平常的情况下；有说有笑；同平常一样。自若：跟平常一样。","pronunciation":"tánxiàozìruò"},{"title":"谈笑自如","id":"TXZR","album":"宋陈师道《后山谈丛》卷一：“契丹犯澶渊，急书日至，一夕凡五至，莱公不发封，谈笑自如。”","translation":"和平常一样有说有笑。形容态度自然。","pronunciation":"tánxiàozìrú"},{"title":"莞尔而笑","id":"EEX","album":"《楚辞·渔父》：“渔父莞尔而笑，鼓泄而去。”","translation":"形容微笑的样子。","pronunciation":"wǎněrérxiào"},{"title":"五十步笑百步","id":"WSBXBB","album":"先秦孟轲《孟子梁惠王上》：“填然鼓之，兵刃既接，弃甲曳兵而走，或百步而后止，或五十步而后止。以五十步笑百步，则何如？”","translation":"败逃五十步的人讥笑败逃一百步的人。比喻缺点或错误性质相同，只有情节或重或轻的区别。","pronunciation":"wǔshíbùxiàobǎibù"},{"title":"笑傲风月","id":"XAFY","album":"明罗贯中《三国演义》第四十三回：“在草庐之中，但笑傲风月，抱膝危坐。”","translation":"犹言吟风弄月。形容心情悠闲自在。","pronunciation":"xiàoàofēngyuè"},{"title":"笑比河清","id":"XBHQ","album":"《宋史包拯传》：“立朝刚毅，贵戚宦官为之敛手，闻者皆惮之。人以包拯笑比黄河清。”","translation":"形容态度严肃，难见笑容。","pronunciation":"xiàobǐhéqīng"},{"title":"笑不可仰","id":"XBKY","album":"清蒲松龄《聊斋志异仙人岛》：“芳云又掩口语姝，两人皆笑不可仰。”","translation":"笑得直不起腰来。","pronunciation":"xiàobùkěyǎng"},{"title":"笑而不答","id":"XEBD","album":"唐李白《山中问答》诗：“问余何意栖碧山，笑而不答心自闲。”","translation":"只是微笑着，不作正面回答。","pronunciation":"xiàoérbùdá"},{"title":"先号后笑","id":"XHHX","album":"《易·同人》：“九五，同人先号咷而后笑，大师克相遇。”","translation":"①《易·同人》：“九五，同人先号咷而后笑，大师克相遇。”后以“先号后笑”指命运先凶后吉。②指文章或著作结尾比开头精彩。","pronunciation":"xiānhàohòuxiào"},{"title":"胁肩谄笑","id":"XJX","album":"先秦孟轲《孟子滕文公下》：“胁肩谄笑，病于夏畦。”","translation":"耸起双肩；做出谄媚的笑容。形容巴结奉承别人的丑态。胁肩：耸肩；形容恭敬的样子。","pronunciation":"xiéjiānchǎnxiào"},{"title":"笑里藏刀","id":"XLCD","album":"《旧唐书李义府传》：“既处权要，欲人附己，微忤意者，辄加倾陷。故时人言其笑中有刀，又以其柔而害物，亦谓之‘李猫’。”","translation":"形容对人外表和气；内心却十分阴险毒辣。藏：隐藏。","pronunciation":"xiàolǐcángdāo"},{"title":"谑浪笑傲","id":"LXA","album":"《诗经邶风终风》：“谑浪笑敖，中心是悼。”","translation":"形容戏谑笑闹。","pronunciation":"xuèlàngxiàoào"},{"title":"谑浪笑敖","id":"LXA","album":"《诗经邶风终风》：“终风且暴，顾我则笑，谑浪笑敖，中心是悼。”","translation":"形容戏谑笑闹。","pronunciation":"xuèlàngxiàoáo"},{"title":"笑骂从汝","id":"XMCR","album":"《宋史·邓绾传》：“笑骂从汝，好官须我为之。”","translation":"汝：你。指对他人的讥讽置之不理","pronunciation":"xiàomàcóngrǔ"},{"title":"笑面虎","id":"XMH","album":"宋·庞元英《谈薮》：“公衮性甚和，平居常若嬉笑，人谓之笑面虎。”","translation":"比喻外表善良，心地凶狠的人。","pronunciation":"xiàomiànhǔ"},{"title":"喜眉笑眼","id":"XMXY","album":"柳青《铜墙铁壁》第十章：“好像迎接贵客一样，喜眉笑眼朝着沟里张望。”","translation":"形容满脸笑容；非常高兴。","pronunciation":"xǐméixiàoyǎn"},{"title":"笑面夜叉","id":"XMYC","album":"宋·陈次升《弹蔡京第三状》：“时人目之为笑面夜叉，天下之所共知也。”","translation":"比喻面带笑容而居心狠毒的人。","pronunciation":"xiàomiànyèchā"},{"title":"嬉皮笑脸","id":"PXL","album":"清曹雪芹《红楼梦》第30回：“你见我和谁玩过！有和你素日嘻皮笑脸的那些姑娘们，你该问他们去！”","translation":"形容嬉笑不严肃的样子。","pronunciation":"xīpíxiàoliǎn"},{"title":"嘻皮笑脸","id":"XPXL","album":"①《红楼梦》第三十回：“你要仔细！你见我和谁玩过！有和你素日嘻皮笑脸的那些姑娘们，你该问他们去！”②赵树理《小二黑结婚》三：“金旺来了，嘻皮笑脸向小芹说：‘这会可算是个空子吧？”","translation":"脸上带着顽皮的或不正经的嘻笑。形容不严肃或轻浮的样子。","pronunciation":"xīpíxiàoliǎn"},{"title":"笑容可掬","id":"XRK","album":"明罗贯中《三国演义》第95回：“果见孔明坐于城楼之上，笑容可掬，焚香操琴。”","translation":"脸上的笑容好像可以用手捧起来一样。形容笑容满面。掬：用双手捧起来。","pronunciation":"xiàoróngkějū"},{"title":"相视而笑","id":"XSEX","album":"清·刘鹗《老残游记续集遗稿》第一回：“慧生指与老残看，彼此相视而笑。”","translation":"双方互相看着，发出会心的微笑。形容二者情合意洽的情态。","pronunciation":"xiāngshìérxiào"},{"title":"相视而笑，莫逆于心","id":"XSEXMNYX","album":"《庄子·大宗师》：“子祀、子舆、子犁、子来四人相与语曰：‘孰能以无为首，以生为脊，以死为尻，孰知生死存亡之一体者，吾与之友矣。’四人相视而笑，莫逆于心，遂相与为友。”","translation":"莫逆：彼此情投意合，非常相好。形容彼此间友谊深厚，无所违逆于心。","pronunciation":"xiāngshìérxiào，mònìyúxīn"},{"title":"先笑后号","id":"XXHH","album":"《易·同人》：“九五，同人先号咷而后笑，大师克相遇。”","translation":"《易·同人》：“九五，同人先号咷而后笑，大师克相遇。”后以“先笑后号”指命运先吉后凶。","pronunciation":"xiānxiàohòuhào"},{"title":"嬉笑怒骂","id":"XNM","album":"宋黄庭坚《东坡先生真赞》：“东坡之酒，赤壁之笛，嬉笑怒骂，皆成文章。”","translation":"嬉：戏乐。指由各种感情产生的不同表现。","pronunciation":"xīxiàonùmà"},{"title":"嘻笑怒骂","id":"XXNM","album":"①清·李渔《闲情偶寄·词曲·词采》：“照此法填词，则离合悲欢，嘻笑怒骂，无一语、一字，不带机趣而行矣。”②清·冯班《钝吟杂录·读古浅说》：“嘻笑怒骂，自是苏文病处；君子之文必庄重。”","translation":"①指嬉戏、欢笑、愤怒、詈骂等不同的情绪表现。②谓不拘守规格，率情任意地发挥表现。③嘲弄辱骂。","pronunciation":"xīxiàonùmà"},{"title":"嬉笑怒骂，皆成文章","id":"XNMJCWZ","album":"宋黄庭坚《东坡先生真赞》之一：“东坡之酒，赤壁之笛，嬉笑怒骂，皆成文章。”","translation":"指不拘题材形式，任意发挥，皆成妙文。","pronunciation":"xīxiàonùmà，jiēchéngwénzhāng"},{"title":"喜笑颜开","id":"XXYK","album":"明冯梦龙《醒世恒言》：“又行了两日，方到常山，径入府中，拜谒颜太守。故人相见，喜笑颜开。”","translation":"颜：脸色；开：舒展；开朗。形容心里高兴；满面笑容。","pronunciation":"xǐxiàoyánkāi"},{"title":"笑逐颜开","id":"XZYK","album":"明凌蒙初《初刻拍案惊奇》：“母亲方才转忧为喜，笑逐颜开道：'亏得儿子峥嵘有日，奋发有时。”","translation":"笑得使面容舒展开来。形容满脸笑容；十分高兴的样子。逐：驱使；颜：脸面。","pronunciation":"xiàozhúyánkāi"},{"title":"以宫笑角","id":"YGXJ","album":"北齐·刘昼《新论·文武》：“今代之人，为武者则非文，为文者则嗤武，各执其所长而相是非，犹以宫笑角，非适才之情，得实之论也。”","translation":"宫、角，均为古代五音之一。拿宫调讥笑角调。比喻用自以为是的偏见去讽刺、否定别人。","pronunciation":"yǐgōngxiàojiǎo"},{"title":"掩口而笑","id":"YKEX","album":"晋·陶渊明《晋故征西大将军长史孟府君传》：“亮以麈尾掩口而笑。”","translation":"捂嘴而笑。多指暗笑，窃笑。","pronunciation":"yǎnkǒuérxiào"},{"title":"倚门卖笑","id":"YMMX","album":"西汉司马迁《史记货殖列传》：“刺绣文，不如倚市门。”","translation":"旧时形容妓女的生活。","pronunciation":"yǐménmàixiào"},{"title":"倚门献笑","id":"YMXX","album":"明·冯梦龙《醒世恒言》第三卷：“美娘道：‘奴是好人家儿女，误落风尘，倘得姨娘主张从良，胜造九级浮图。若要我倚门献笑，送旧迎新，宁甘一死，决不情愿。’”","translation":"见“倚门卖笑”。","pronunciation":"yǐménxiànxiào"},{"title":"一颦一笑","id":"YYX","album":"《韩非子内储说左上》：“吾闻明主之爱，一颦一笑，颦有为颦，而笑有为笑。”","translation":"颦：皱眉。指忧和喜的表情。","pronunciation":"yīpínyīxiào"},{"title":"哑然失笑","id":"YRSX","album":"汉赵晔《吴赵春秋赵王元余外传》：“禹乃哑然而笑。”","translation":"失笑：不由自主地笑起来；哑然：形容笑声。情不自禁地笑出声来。","pronunciation":"yǎránshīxiào"},{"title":"音容笑貌","id":"YRXM","album":"鲁迅《关于太炎先生二三事》：“先生的音容笑貌，还在目前，而所讲的《说文解字》却一句也不记得了。”","translation":"音：说话的声音；容：容貌；笑起来的样子；指神态。指人的容貌和笑声。常用作怀念之词。","pronunciation":"yīnróngxiàomào"},{"title":"嫣然一笑","id":"RYX","album":"战国楚宋玉《登徒子好色赋》：“腰如束素，齿如舍贝，嫣然一笑，惑阳城，迷下蔡。”","translation":"嫣然：美好的样子　。形容女子笑得很美的样子。也作“嫣然而笑”。","pronunciation":"yānrányīxiào"},{"title":"有说有笑","id":"YSYX","album":"清吴趼人《情变》第五回：“想起昨天晚上，还是有说有笑，相亲相爱的何等有趣，今天晚上变了这个情形。”","translation":"连说带笑。形容十分欢快。","pronunciation":"yǒushuōyǒuxiào"},{"title":"言笑不苟","id":"YXBG","album":"《二刻拍案惊奇》卷二：“妙观变以师道自尊，妆模做样，尽自矜持，言笑不苟。”","translation":"不随便谈笑。形容态度严肃庄重。","pronunciation":"yánxiàobùgǒu"},{"title":"一笑百媚","id":"YXBM","album":"唐·白居易《长恨歌》：“回眸一笑百媚生，六宫粉黛无颜色。”","translation":"形容美人的笑态。","pronunciation":"yīxiàobǎimèi"},{"title":"遗笑大方","id":"YXDF","album":"语出《庄子·秋水》：“吾长见笑于大方之家。”明·荻岸散人《玉娇梨》第八回：“晚生小子，怎敢在老先生面前放肆。况才非七步，未免一时遗笑大方。”","translation":"谓让内行见笑。语本《庄子·秋水》：“吾长见笑于大方之家。”","pronunciation":"yíxiàodàfāng"},{"title":"贻笑大方","id":"XDF","album":"先秦庄周《庄子秋水》：“吾长见笑于大方之家。”","translation":"贻：遗留；大方：大方之家；泛指有某种专长的人。留下笑柄给内行人；让内行人笑话。","pronunciation":"yíxiàodàfāng"},{"title":"一笑了事","id":"YXLS","album":"清·李宝嘉《官场现形记》第四十六回：“抚台听了，先还摸不着头脑，还以为某人办事不诚实，所以钦差才加了他这个考语；后来别位司、道说起，晓得是为带着表，方才付之一笑了事。”","translation":"见“一笑了之”。","pronunciation":"yīxiàoleshì"},{"title":"一笑了之","id":"YXLZ","album":"沙汀《淘金记》：“那显然是幺长子对白酱丹的毒辣的讽刺；纵然他本人仅仅一笑了之。”","translation":"笑一笑就算了事。表示不予重视。","pronunciation":"yīxiàolezhī"},{"title":"眼笑眉飞","id":"YXMF","album":"清文康《儿女英雄传》第十五回：“只乐得他手舞足蹈，眼笑眉飞。褚一官等在旁看了，也自欢喜。”","translation":"形容极度高兴。","pronunciation":"yǎnxiàoméifēi"},{"title":"一笑倾城","id":"YXQC","album":"《汉书·外戚传上·孝武李夫人》：“北方有佳人，绝世而独立，一顾倾人城，再顾倾人国。”","translation":"《汉书·外戚传上·孝武李夫人》：“北方有佳人，绝世而独立，一顾倾人城，再顾倾人国。”后因以“一笑倾城”形容女子的绝色。","pronunciation":"yīxiàoqīngchéng"},{"title":"一笑千金","id":"YXQJ","album":"汉·崔骃《七依》：“回顾百万，一笑千金。”","translation":"美女一笑，价值千金。形容美人一笑很难得。","pronunciation":"yīxiàoqiānjīn"},{"title":"语笑喧呼","id":"YXXH","album":"明·无名氏《陈仓路》第四折：“则要你悄语低言，不要你语笑喧呼。”","translation":"见“语笑喧哗”。","pronunciation":"yǔxiàoxuānhū"},{"title":"语笑喧哗","id":"YXXH","album":"元·关汉卿《单刀会》第三折：“金鼓不许乱鸣，不许交头接耳，不许语笑喧哗。”","translation":"大声说笑。","pronunciation":"yǔxiàoxuānhuá"},{"title":"语笑喧阗","id":"YXX","album":"清曹雪芹《红楼梦》第53回：“一夜人声杂沓，语笑喧阗，爆竹起火，络绎不绝。”","translation":"形容许多人挤来挤去地大声说笑。","pronunciation":"yǔxiàoxuāntián"},{"title":"一笑一颦","id":"YXY","album":"茅盾《子夜》十：“大客厅上有几个人，都屏息侧立，在伺察吴荪甫的一笑一颦。”","translation":"同“一嚬一笑”。指脸上的表情。","pronunciation":"yīxiàoyīpín"},{"title":"言笑晏晏","id":"YX","album":"《诗·卫风·氓》：“总角之宴，言笑晏晏。”毛传：“晏晏，和柔也。”","translation":"说说笑笑，和柔温顺。","pronunciation":"yánxiàoyànyàn"},{"title":"言笑自若","id":"YXZR","album":"《三国志·蜀志·关羽传》：“时羽适请诸将饮食相对，臂血流离，盈于盘器，而羽割灸引酒，言笑自若。”宋·欧阳修《泷冈阡表》：“其后修贬夷陵，太夫人言笑自若。”","translation":"谈笑如常，十分镇定。","pronunciation":"yánxiàozìruò"},{"title":"言笑自如","id":"YXZR","album":"清·方苞《通议大夫江南布政使陈介墓志铭》：“群夷纵火，牛街镇去城三十馀里，火光烛天。公言笑自如，日夜为守战计，贼不敢逼。”","translation":"见“言笑自若”。","pronunciation":"yánxiàozìrú"},{"title":"一笑置之","id":"YXZZ","album":"宋陆游《书梦》诗：“一笑俱置之，浮生故多难。”","translation":"笑了一笑就放在旁边了；表示不当一回事。","pronunciation":"yīxiàozhìzhī"},{"title":"追欢买笑","id":"ZHMX","album":"宋·柳永《传花枝》词：“遇良辰，当美景，追欢买笑。”","translation":"追求欢乐。多指狎妓饮酒之类。","pronunciation":"zhuīhuānmǎixiào"},{"title":"追欢卖笑","id":"ZHMX","album":"明·徐渭《翠乡梦》第二出：“从俺爹爹丧过，宦囊萧索，日穷一日，直弄到我一个亲女儿出身为娼，追欢卖笑。”","translation":"谓出卖色情，供人取乐。","pronunciation":"zhuīhuānmàixiào"},{"title":"载欢载笑","id":"ZHZX","album":"汉·陈琳《答东阿王笺》：“夫听《白雪》之音，观《绿水》之节，然后《东野》《巴人》蚩鄙益著，载欢载笑，欲罢不能。”","translation":"形容尽情地欢笑。","pronunciation":"zǎihuānzǎixiào"},{"title":"载笑载言","id":"ZXZY","album":"汉·杨修《节游赋》：“于是迂回详观，目周一倦，御于方舟，载笑载言。”","translation":"边笑边说话。","pronunciation":"zàixiàozàiyán"}]}