{"items":[{"title":"春风得意","id":"CFDY","album":"唐孟郊《登科后》诗：“春风得意马蹄疾，一日看尽长安花。”","translation":"春风：春天和煦的风；得意：愿望得到满足时的高兴心情；和暖的春风使人觉得洋洋自得。①原指考中进士后洋洋自得的心情。②后用以称进士及第；功成名就。③形容因所谋求的事情成功而心情欢畅。","pronunciation":"chūnfēngdéyì"},{"title":"大快人心","id":"DKRX","album":"《明史余懋学传》：“如潘季驯之斥，大快人心，而犹累牍连章，为之申雪，是为欺罔。”","translation":"快：痛快。指坏人或坏事受到惩罚或打击；或坏事得以取缔；人们心理非常痛快。也作“人心大快”。","pronunciation":"dàkuàirénxīn"},{"title":"耳热眼花","id":"ERYH","album":"南朝梁简文帝《筝赋》：“耳热眼花之娱，千金万年之寿。”","translation":"眼睛发花，耳朵发热。形容饮酒微有醉意，精神兴奋的感觉","pronunciation":"ěrrèyǎnhuā"},{"title":"回光反照","id":"HGFZ","album":"元杨暹《刘行首》第三折：“阳台雾锁，楚岫云遮，弃死归生，回光返照。”","translation":"指日落时由于反射作用而天空中短时发亮。比喻人死前精神突然兴奋。也比喻事物灭亡前夕的短暂兴旺","pronunciation":"huíguāngfǎnzhào"},{"title":"回光返照","id":"HGFZ","album":"元·杨景贤《刘行首》第三折：“弃死归生，回光返照。”","translation":"日落时由于反射作用而发生的天空中短时间发光的现象。比喻人临死前忽然一阵短暂的神志清醒或精神兴奋。也比喻事物衰亡前出现的短暂的兴旺现象。","pronunciation":"huíguāngfǎnzhào"},{"title":"欢呼鼓舞","id":"HHGW","album":"宋·苏轼《缴进免五谷力胜税钱议札子》：“去岁扈从南郊，亲见百姓父老，瞻望圣颜，欢呼鼓舞。”","translation":"形容欢乐兴奋之极。","pronunciation":"huānhūgǔwǔ"},{"title":"豪情逸致","id":"HQYZ","album":"清·梁章钜《楹联丛话·三话·上·戏楼旧联》：“记得丁歌甲舞，曾醉昆仑，豪情逸致，飘飘若仙。”","translation":"豪情：指兴奋豪放的感情；逸致：悠闲脱俗的情趣。兴奋豪放的情感和洒脱的情趣。","pronunciation":"háoqíngyìzhì"},{"title":"哗世取名","id":"HSQM","album":"宋·陆游《除宝谟阁待制谢表》：“窃慕隐居求志之风，尤耻哗世取名之事。”","translation":"用浮夸的言行使世人兴奋激动，博取虚名。","pronunciation":"huáshìqǔmíng"},{"title":"惊喜欲狂","id":"JXYK","album":"宋·洪迈《夷坚志·乙志卷九·胡氏子》：“胡惊喜欲狂，即与偕入室，夜分乃去。”","translation":"既惊又喜，高兴得都要发疯了。形容喜出望外，过于兴奋的情壮。","pronunciation":"jīngxǐruòkuáng"},{"title":"眉飞色舞","id":"MFSW","album":"清李宝嘉《官场现形记》第一回：“王乡绅一听此言，不禁眉飞色舞。”","translation":"色：脸色；表情。双眉挑动；兴奋愉快的表情跃然脸上。形容非常兴奋得意的样子。","pronunciation":"méifēisèwǔ"},{"title":"眉花眼笑","id":"MHYX","album":"明吴承恩《西游记》第二回：“孙悟空在旁闻讲，喜得他抓耳挠腮，眉花眼笑。”","translation":"形容非常高兴、兴奋的样子","pronunciation":"méihuāyǎnxiào"},{"title":"眉欢眼笑","id":"MHYX","album":"清李渔《意中缘拒妁》：“若说起才郎的名字，只怕你们两个，都要眉欢眼笑起来。”","translation":"形容非常兴奋、高兴","pronunciation":"méihuānyǎnxiào"},{"title":"神采飞扬","id":"SCFY","album":"丁玲《梦珂》：“她居然很能够安逸的，高贵的，走过去握那少年导演的手，又用那神采飞扬的眼光去照顾一下全室的人。”","translation":"神采：人面部的神气和光彩。脸上的神态焕发有神。形容人兴奋得意；精神焕发的样子。","pronunciation":"shéncǎifēiyáng"},{"title":"忘乎其形","id":"WHQX","album":"郭沫若《高渐离》第五幕：“秦始皇已忘乎其形，愈摇动其身体，愈向高渐离身旁走去。”","translation":"犹忘形。形容得意或兴奋得失去常态。","pronunciation":"wànghūqíxíng"},{"title":"忘乎所以","id":"WHSY","album":"明冯梦龙《醒世恒言》：“夫人倾身陪奉，忘其所以。”","translation":"形容由于激动而忘了应有的态度；作出不适宜的举动。乎：古汉语虚词；无词汇意义；所以：指原来应有的态度或行为。","pronunciation":"wànghūsuǒyǐ"},{"title":"忘其所以","id":"WQSY","album":"明凌濛初《二刻拍案惊奇》第11卷：“一来看见大郎殷勤，道是敬他人才，安然托大，忘其所以。”","translation":"指因过分兴奋或得意而忘了应有的举止。","pronunciation":"wàngqísuǒyǐ"}]}