{
    "items": [
        {
            "author": "李清照",
            "content": [
                "寻寻觅觅",
                "冷冷清清",
                "凄凄惨惨戚戚",
                "乍暖还寒时候",
                "最难将息",
                "三杯两盏淡酒",
                "怎敌他",
                "晚来风急",
                "雁过也",
                "正伤心",
                "却是旧时相识",
                "满地黄花堆积",
                "憔悴损",
                "如今有谁堪摘",
                "守着窗儿",
                "独自怎生得黑",
                "梧桐更兼细雨",
                "到黄昏",
                "点点滴滴",
                "这次第",
                "怎一个愁字了得"
            ],
            "title": "声声慢·寻寻觅觅",
            "url": "http://www.cquctt.cn/shi/5138.html"
        },
        {
            "author": "诗经",
            "content": [
                "蒹葭苍苍",
                "白露为霜",
                "所谓伊人",
                "在水一方",
                "溯洄从之",
                "道阻且长",
                "溯游从之",
                "宛在水中央",
                "蒹葭萋萋",
                "白露未晞",
                "所谓伊人",
                "在水之湄",
                "溯洄从之",
                "道阻且跻",
                "溯游从之",
                "宛在水中坻",
                "蒹葭采采",
                "白露未已",
                "所谓伊人",
                "在水之涘",
                "溯洄从之",
                "道阻且右",
                "溯游从之",
                "宛在水中沚"
            ],
            "title": "蒹葭",
            "url": "http://www.cquctt.cn/shi/4729.html"
        },
        {
            "author": "毛泽东",
            "content": [
                "独立寒秋",
                "湘江北去",
                "橘子洲头",
                "看万山红遍",
                "层林尽染",
                "漫江碧透",
                "百舸争流",
                "鹰击长空",
                "鱼翔浅底",
                "万类霜天竞自由",
                "怅寥廓",
                "问苍茫大地",
                "谁主沉浮",
                "携来百侣曾游",
                "忆往昔峥嵘岁月稠",
                "恰同学少年",
                "风华正茂",
                "书生意气",
                "挥斥方遒",
                "指点江山",
                "激扬文字",
                "粪土当年万户侯",
                "曾记否",
                "到中流击水",
                "浪遏飞舟"
            ],
            "title": "沁园春·长沙",
            "url": "http://www.cquctt.cn/shi/5399.html"
        },
        {
            "author": "马致远",
            "content": [
                "夕阳下",
                "酒旆闲",
                "两三航未曾着岸",
                "落花水香茅舍晚",
                "断桥头卖鱼人散"
            ],
            "title": "寿阳曲·远浦帆归",
            "url": "http://www.cquctt.cn/shi/5404.html"
        },
        {
            "author": "张养浩",
            "content": [
                "峰峦如聚",
                "波涛如怒",
                "山河表里潼关路",
                "望西都",
                "意踌躇",
                "伤心秦汉经行处",
                "宫阙万间都做了土",
                "兴",
                "百姓苦",
                "亡",
                "百姓苦"
            ],
            "title": "山坡羊·潼关怀古",
            "url": "http://www.cquctt.cn/shi/5384.html"
        },
        {
            "author": "辛弃疾",
            "content": [
                "楚天千里清秋",
                "水随天去秋无际",
                "遥岑远目",
                "献愁供恨",
                "玉簪螺髻",
                "落日楼头",
                "断鸿声里",
                "江南游子",
                "把吴钩看了",
                "栏杆拍遍",
                "无人会",
                "登临意",
                "休说鲈鱼堪脍",
                "尽西风",
                "季鹰归未",
                "求田问舍",
                "怕应羞见",
                "刘郎才气",
                "可惜流年",
                "忧愁风雨",
                "树犹如此",
                "倩何人唤取",
                "红巾翠袖",
                "揾英雄泪"
            ],
            "title": "水龙吟·登建康赏心亭",
            "url": "http://www.cquctt.cn/shi/5350.html"
        },
        {
            "author": "周邦彦",
            "content": [
                "燎沉香",
                "消溽暑",
                "鸟雀呼晴",
                "侵晓窥檐语",
                "叶上初阳干宿雨",
                "水面清圆",
                "一一风荷举",
                "故乡遥",
                "何日去",
                "家住吴门",
                "久作长安旅",
                "五月渔郎相忆否",
                "小楫轻舟",
                "梦入芙蓉浦"
            ],
            "title": "苏幕遮·燎沉香",
            "url": "http://www.cquctt.cn/shi/5133.html"
        },
        {
            "author": "秦观",
            "content": [
                "雾失楼台",
                "月迷津渡",
                "桃源望断无寻处",
                "可堪孤馆闭春寒",
                "杜鹃声里斜阳暮",
                "驿寄梅花",
                "鱼传尺素",
                "砌成此恨无重数",
                "郴江幸自绕郴山",
                "为谁流下潇湘去"
            ],
            "title": "踏莎行·郴州旅舍",
            "url": "http://www.cquctt.cn/shi/5119.html"
        },
        {
            "author": "苏轼",
            "content": [
                "丙辰中秋",
                "欢饮达旦",
                "大醉",
                "作此篇",
                "兼怀子由",
                "明月几时有",
                "把酒问青天",
                "不知天上宫阙",
                "今夕是何年",
                "我欲乘风归去",
                "又恐琼楼玉宇",
                "高处不胜寒",
                "起舞弄清影",
                "何似在人间",
                "转朱阁",
                "低绮户",
                "照无眠",
                "不应有恨",
                "何事长向别时圆",
                "人有悲欢离合",
                "月有阴晴圆缺",
                "此事古难全",
                "但愿人长久",
                "千里共婵娟"
            ],
            "title": "水调歌头·丙辰中秋",
            "url": "http://www.cquctt.cn/shi/5102.html"
        },
        {
            "author": "柳永",
            "content": [
                "寒蝉凄切",
                "对长亭晚",
                "骤雨初歇",
                "都门帐饮无绪",
                "留恋处",
                "兰舟催发",
                "执手相看泪眼",
                "竟无语凝噎",
                "念去去",
                "千里烟波",
                "暮霭沉沉楚天阔",
                "多情自古伤离别",
                "更那堪冷落清秋节",
                "今宵酒醒何处",
                "杨柳岸",
                "晓风残月",
                "此去经年",
                "应是良辰好景虚设",
                "便纵有千种风情",
                "更与何人说"
            ],
            "title": "雨霖铃·寒蝉凄切",
            "url": "http://www.cquctt.cn/shi/5077.html"
        },
        {
            "author": "柳永",
            "content": [
                "对潇潇暮雨洒江天",
                "一番洗清秋",
                "渐霜风凄紧",
                "关河冷落",
                "残照当楼",
                "是处红衰翠减",
                "苒苒物华休",
                "唯有长江水",
                "无语东流",
                "不忍登高临远",
                "望故乡渺邈",
                "归思难收",
                "叹年来踪迹",
                "何事苦淹留",
                "想佳人",
                "妆楼颙望",
                "误几回",
                "天际识归舟",
                "争知我",
                "倚栏杆处",
                "正恁凝愁"
            ],
            "title": "八声甘州·对潇潇暮雨洒江天",
            "url": "http://www.cquctt.cn/shi/5082.html"
        },
        {
            "author": "黄庭坚",
            "content": [
                "痴儿了却公家事",
                "快阁东西倚晚晴",
                "落木千山天远大",
                "澄江一道月分明",
                "朱弦已为佳人绝",
                "青眼聊因美酒横",
                "万里归船弄长笛",
                "此心吾与白鸥盟"
            ],
            "title": "登快阁",
            "url": "http://www.cquctt.cn/shi/4951.html"
        },
        {
            "author": "卢纶",
            "content": [
                "鹫翎金仆姑",
                "燕尾绣蝥弧",
                "独立扬新令",
                "千营共一呼"
            ],
            "title": "和张仆射塞下曲·其一",
            "url": "http://www.cquctt.cn/shi/4875.html"
        },
        {
            "author": "李白",
            "content": [
                "海客谈瀛洲",
                "烟涛微茫信难求",
                "越人语天姥",
                "云霞明灭或可睹",
                "天姥连天向天横",
                "势拔五岳掩赤城",
                "天台四万八千丈一作“天台一万八千丈”",
                "对此欲倒东南倾",
                "我欲因之梦吴越",
                "一夜飞度镜湖月",
                "湖月照我影",
                "送我至剡溪",
                "谢公宿处今尚在",
                "渌水荡漾清猿啼",
                "脚著谢公屐",
                "身登青云梯",
                "半壁见海日",
                "空中闻天鸡",
                "千岩万转路不定",
                "迷花倚石忽已暝",
                "熊咆龙吟殷岩泉",
                "栗深林兮惊层巅",
                "云青青兮欲雨",
                "水澹澹兮生烟",
                "列缺霹雳",
                "丘峦崩摧",
                "洞天石扉",
                "訇然中开",
                "青冥浩荡不见底",
                "日月照耀金银台",
                "霓为衣兮风为马",
                "云之君兮纷纷而来下",
                "虎鼓瑟兮鸾回车",
                "仙之人兮列如麻",
                "忽魂悸以魄动",
                "恍惊起而长嗟",
                "惟觉时之枕席",
                "失向来之烟霞",
                "世间行乐亦如此",
                "古来万事东流水",
                "别君去兮何时还",
                "且放白鹿青崖间",
                "须行即骑访名山",
                "安能摧眉折腰事权贵",
                "使我不得开心颜!"
            ],
            "title": "梦游天姥吟留别 / 别东鲁诸公",
            "url": "http://www.cquctt.cn/shi/4844.html"
        },
        {
            "author": "陶渊明",
            "content": [
                "结庐在人境",
                "而无车马喧",
                "问君何能尔",
                "心远地自偏",
                "采菊东篱下",
                "悠然见南山",
                "山气日夕佳",
                "飞鸟相与还",
                "此中有真意",
                "欲辨已忘言"
            ],
            "title": "饮酒·其五",
            "url": "http://www.cquctt.cn/shi/4898.html"
        },
        {
            "author": "白居易",
            "content": [
                "元和十年",
                "予左迁九江郡司马",
                "明年秋",
                "送客湓浦口",
                "闻舟中夜弹琵琶者",
                "听其音",
                "铮铮然有京都声",
                "问其人",
                "本长安倡女",
                "尝学琵琶于穆",
                "曹二善才",
                "年长色衰",
                "委身为贾人妇",
                "遂命酒",
                "使快弹数曲",
                "曲罢悯然",
                "自叙少小时欢乐事",
                "今漂沦憔悴",
                "转徙于江湖间",
                "予出官二年",
                "恬然自安",
                "感斯人言",
                "是夕始觉有迁谪意",
                "因为长句",
                "歌以赠之",
                "凡六百一十六言",
                "命曰《琵琶行》",
                "浔阳江头夜送客",
                "枫叶荻花秋瑟瑟",
                "主人下马客在船",
                "举酒欲饮无管弦",
                "醉不成欢惨将别",
                "别时茫茫江浸月",
                "忽闻水上琵琶声",
                "主人忘归客不发",
                "寻声暗问弹者谁",
                "琵琶声停欲语迟",
                "移船相近邀相见",
                "添酒回灯重开宴",
                "千呼万唤始出来",
                "犹抱琵琶半遮面",
                "转轴拨弦三两声",
                "未成曲调先有情",
                "弦弦掩抑声声思",
                "似诉平生不得志",
                "低眉信手续续弹",
                "说尽心中无限事",
                "轻拢慢捻抹复挑",
                "初为《霓裳》后《六幺》",
                "大弦嘈嘈如急雨",
                "小弦切切如私语",
                "嘈嘈切切错杂弹",
                "大珠小珠落玉盘",
                "间关莺语花底滑",
                "幽咽泉流冰下难",
                "冰泉冷涩弦凝绝",
                "凝绝不通声暂歇",
                "别有幽愁暗恨生",
                "此时无声胜有声",
                "银瓶乍破水浆迸",
                "铁骑突出刀枪鸣",
                "曲终收拨当心画",
                "四弦一声如裂帛",
                "东船西舫悄无言",
                "唯见江心秋月白",
                "沉吟放拨插弦中",
                "整顿衣裳起敛容",
                "自言本是京城女",
                "家在虾蟆陵下住",
                "十三学得琵琶成",
                "名属教坊第一部",
                "曲罢曾教善才服",
                "妆成每被秋娘妒",
                "五陵年少争缠头",
                "一曲红绡不知数",
                "钿头银篦击节碎",
                "血色罗裙翻酒污",
                "今年欢笑复明年",
                "秋月春风等闲度",
                "弟走从军阿姨死",
                "暮去朝来颜色故",
                "门前冷落鞍马稀",
                "老大嫁作商人妇",
                "商人重利轻别离",
                "前月浮梁买茶去",
                "去来江口守空船",
                "绕船月明江水寒",
                "夜深忽梦少年事",
                "梦啼妆泪红阑干",
                "我闻琵琶已叹息",
                "又闻此语重唧唧",
                "同是天涯沦落人",
                "相逢何必曾相识",
                "我从去年辞帝京",
                "谪居卧病浔阳城",
                "浔阳地僻无音乐",
                "终岁不闻丝竹声",
                "住近湓江地低湿",
                "黄芦苦竹绕宅生",
                "其间旦暮闻何物",
                "杜鹃啼血猿哀鸣",
                "春江花朝秋月夜",
                "往往取酒还独倾",
                "岂无山歌与村笛",
                "呕哑嘲哳难为听",
                "今夜闻君琵琶语",
                "如听仙乐耳暂明",
                "莫辞更坐弹一曲",
                "为君翻作《琵琶行》",
                "感我此言良久立",
                "却坐促弦弦转急",
                "凄凄不似向前声",
                "满座重闻皆掩泣",
                "座中泣下谁最多",
                "江州司马青衫湿"
            ],
            "title": "琵琶行 / 琵琶引",
            "url": "http://www.cquctt.cn/shi/4846.html"
        },
        {
            "author": "王昌龄",
            "content": [
                "青海长云暗雪山",
                "孤城遥望玉门关",
                "黄沙百战穿金甲",
                "不破楼兰终不还"
            ],
            "title": "从军行（青海长云暗雪山）",
            "url": "http://www.cquctt.cn/shi/777.html"
        },
        {
            "author": "李清照",
            "content": [
                "寻寻觅觅",
                "冷冷清清",
                "凄凄惨惨戚戚",
                "乍暖还寒时候",
                "最难将息",
                "三杯两盏淡酒",
                "怎敌他",
                "晚来风急",
                "雁过也",
                "正伤心",
                "却是旧时相识",
                "满地黄花堆积",
                "憔悴损",
                "如今有谁堪摘",
                "守着窗儿",
                "独自怎生得黑",
                "梧桐更兼细雨",
                "到黄昏",
                "点点滴滴",
                "这次第",
                "怎一个愁字了得"
            ],
            "title": "声声慢·寻寻觅觅（寻寻觅觅，冷冷清清，凄凄惨惨戚戚）",
            "url": "http://www.cquctt.cn/shi/4662.html"
        },
        {
            "author": "黄庭坚",
            "content": [
                "痴儿了却公家事",
                "快阁东西倚晚晴",
                "落木千山天远大",
                "澄江一道月分明",
                "朱弦已为佳人绝",
                "青眼聊因美酒横",
                "万里归船弄长笛",
                "此心吾与白鸥盟"
            ],
            "title": "登快阁（痴儿了却公家事）",
            "url": "http://www.cquctt.cn/shi/2671.html"
        },
        {
            "author": "李商隐",
            "content": [
                "君问归期未有期",
                "巴山夜雨涨秋池",
                "何当共剪西窗烛",
                "却话巴山夜雨时"
            ],
            "title": "夜雨寄北",
            "url": "http://www.cquctt.cn/shi/632.html"
        },
        {
            "author": "王维",
            "content": [
                "太乙近天都",
                "连山到海隅",
                "白云回望合",
                "青霭入看无",
                "分野中峰变",
                "阴晴众壑殊",
                "欲投人处宿",
                "隔水问樵夫"
            ],
            "title": "终南山",
            "url": "http://www.cquctt.cn/shi/857.html"
        },
        {
            "author": "杜甫",
            "content": [
                "今夜鄜州月",
                "闺中只独看",
                "遥怜小儿女",
                "未解忆长安",
                "香雾云鬟湿",
                "清辉玉臂寒",
                "何时倚虚幌",
                "双照泪痕干"
            ],
            "title": "月夜",
            "url": "http://www.cquctt.cn/shi/416.html"
        },
        {
            "author": "杜甫",
            "content": [
                "花近高楼伤客心",
                "万方多难此登临",
                "锦江春色来天地",
                "玉垒浮云变古今",
                "北极朝廷终不改",
                "西山寇盗莫相侵",
                "可怜后主还祠庙",
                "日暮聊为梁甫吟"
            ],
            "title": "登楼",
            "url": "http://www.cquctt.cn/shi/20.html"
        },
        {
            "author": "李白",
            "content": [
                "凤凰台上凤凰游",
                "凤去台空江自流",
                "吴宫花草埋幽径",
                "晋代衣冠成古丘",
                "三山半落青天外",
                "二水中分白鹭洲",
                "总为浮云能蔽日",
                "长安不见使人愁"
            ],
            "title": "登金陵凤凰台",
            "url": "http://www.cquctt.cn/shi/100.html"
        }
    ]
}