{
    "items": [
        {
            "author": "李商隐",
            "content": [
                "云母屏风烛影深",
                "长河渐落晓星沉",
                "嫦娥应悔偷灵药",
                "碧海青天夜夜心"
            ],
            "title": "嫦娥（嫦娥应悔偷灵药）",
            "url": "http://www.cquctt.cn/shi/582.html"
        },
        {
            "author": "陆游",
            "content": [
                "莫笑农家腊酒浑",
                "丰年留客足鸡豚",
                "山重水复疑无路",
                "柳暗花明又一村",
                "箫鼓追随春社近",
                "衣冠简朴古风存",
                "从今若许闲乘月",
                "拄杖无时夜叩门"
            ],
            "title": "游山西村",
            "url": "http://www.cquctt.cn/shi/5370.html"
        },
        {
            "author": "李白",
            "content": [
                "故人西辞黄鹤楼",
                "烟花三月下扬州",
                "孤帆远影碧空尽",
                "唯见长江天际流"
            ],
            "title": "黄鹤楼送孟浩然之广陵",
            "url": "http://www.cquctt.cn/shi/4.html"
        },
        {
            "author": "贺知章",
            "content": [
                "碧玉妆成一树高",
                "万条垂下绿丝绦",
                "不知细叶谁裁出",
                "二月春风似剪刀"
            ],
            "title": "咏柳 / 柳枝词",
            "url": "http://www.cquctt.cn/shi/5365.html"
        },
        {
            "author": "朱熹",
            "content": [
                "胜日寻芳泗水滨",
                "无边光景一时新",
                "等闲识得东风面",
                "万紫千红总是春"
            ],
            "title": "春日",
            "url": "http://www.cquctt.cn/shi/5367.html"
        },
        {
            "author": "皮日休",
            "content": [
                "玉颗珊珊下月轮",
                "殿前拾得露华新",
                "至今不会天中事",
                "应是嫦娥掷与人"
            ],
            "title": "天竺寺八月十五日夜桂子",
            "url": "http://www.cquctt.cn/shi/5393.html"
        },
        {
            "author": "李白",
            "content": [
                "西登香炉峰",
                "南见瀑布水",
                "挂流三百丈",
                "喷壑数十里",
                "欻如飞电来",
                "隐若白虹起",
                "初惊河汉落",
                "半洒云天里",
                "仰观势转雄",
                "壮哉造化功",
                "海风吹不断",
                "江月照还空",
                "空中乱潈射",
                "左右洗青壁",
                "飞珠散轻霞",
                "流沫沸穹石",
                "而我乐名山",
                "对之心益闲",
                "无论漱琼液",
                "还得洗尘颜",
                "且谐宿所好",
                "永愿辞人间",
                "日照香炉生紫烟",
                "遥看瀑布挂前川",
                "飞流直下三千尺",
                "疑是银河落九天"
            ],
            "title": "望庐山瀑布水二首",
            "url": "http://www.cquctt.cn/shi/5516.html"
        },
        {
            "author": "林杰",
            "content": [
                "七夕今宵看碧霄",
                "牵牛织女渡河桥",
                "家家乞巧望秋月",
                "穿尽红丝几万条"
            ],
            "title": "乞巧",
            "url": "http://www.cquctt.cn/shi/5369.html"
        },
        {
            "author": "刘禹锡",
            "content": [
                "湖光秋月两相和",
                "潭面无风镜未磨",
                "遥望洞庭山水色",
                "白银盘里一青螺"
            ],
            "title": "望洞庭",
            "url": "http://www.cquctt.cn/shi/5373.html"
        },
        {
            "author": "叶绍翁",
            "content": [
                "萧萧梧叶送寒声",
                "江上秋风动客情",
                "知有儿童挑促织",
                "夜深篱落一灯明"
            ],
            "title": "夜书所见",
            "url": "http://www.cquctt.cn/shi/5374.html"
        },
        {
            "author": "杜甫",
            "content": [
                "黄四娘家花满蹊",
                "千朵万朵压枝低",
                "留连戏蝶时时舞",
                "自在娇莺恰恰啼"
            ],
            "title": "江畔独步寻花·其六",
            "url": "http://www.cquctt.cn/shi/5375.html"
        },
        {
            "author": "张籍",
            "content": [
                "洛阳城里见秋风",
                "欲作家书意万重",
                "复恐匆匆说不尽",
                "行人临发又开封"
            ],
            "title": "秋思",
            "url": "http://www.cquctt.cn/shi/5377.html"
        },
        {
            "author": "吕岩",
            "content": [
                "草铺横野六七里",
                "笛弄晚风三四声",
                "归来饱饭黄昏后",
                "不脱蓑衣卧月明"
            ],
            "title": "牧童 / 令牧童答钟弱翁",
            "url": "http://www.cquctt.cn/shi/5382.html"
        },
        {
            "author": "佚名",
            "content": [
                "昔我往矣",
                "杨柳依依",
                "今我来思",
                "雨雪霏霏",
                "行道迟迟",
                "载渴载饥",
                "我心悲伤",
                "莫知我哀"
            ],
            "title": "采薇(节选)",
            "url": "http://www.cquctt.cn/shi/5385.html"
        },
        {
            "author": "辛弃疾",
            "content": [
                "茅檐低小",
                "溪上青青草",
                "醉里吴音相媚好",
                "白发谁家翁媪",
                "大儿锄豆溪东",
                "中儿正织鸡笼",
                "最喜小儿亡赖",
                "溪头卧剥莲蓬"
            ],
            "title": "清平乐·村居",
            "url": "http://www.cquctt.cn/shi/5179.html"
        },
        {
            "author": "辛弃疾",
            "content": [
                "明月别枝惊鹊",
                "清风半夜鸣蝉",
                "稻花香里说丰年",
                "听取蛙声一片",
                "七八个星天外",
                "两三点雨山前",
                "旧时茅店社林边",
                "路转溪头忽见"
            ],
            "title": "西江月·夜行黄沙道中",
            "url": "http://www.cquctt.cn/shi/5184.html"
        },
        {
            "author": "王观",
            "content": [
                "水是眼波横",
                "山是眉峰聚",
                "欲问行人去那边",
                "眉眼盈盈处",
                "才始送春归",
                "又送君归去",
                "若到江南赶上春",
                "千万和春住"
            ],
            "title": "卜算子·送鲍浩然之浙东",
            "url": "http://www.cquctt.cn/shi/5088.html"
        },
        {
            "author": "苏轼",
            "content": [
                "游蕲水清泉寺",
                "寺临兰溪",
                "溪水西流",
                "山下兰芽短浸溪",
                "松间沙路净无泥",
                "潇潇暮雨子规啼",
                "谁道人生无再少",
                "门前流水尚能西",
                "休将白发唱黄鸡"
            ],
            "title": "浣溪沙·游蕲水清泉寺",
            "url": "http://www.cquctt.cn/shi/5122.html"
        },
        {
            "author": "郑燮",
            "content": [
                "咬定青山不放松",
                "立根原在破岩中",
                "千磨万击还坚劲",
                "任尔东西南北风"
            ],
            "title": "竹石",
            "url": "http://www.cquctt.cn/shi/5013.html"
        },
        {
            "author": "袁枚",
            "content": [
                "牧童骑黄牛",
                "歌声振林樾",
                "意欲捕鸣蝉",
                "忽然闭口立"
            ],
            "title": "所见",
            "url": "http://www.cquctt.cn/shi/5017.html"
        },
        {
            "author": "高鼎",
            "content": [
                "草长莺飞二月天",
                "拂堤杨柳醉春烟",
                "儿童散学归来早",
                "忙趁东风放纸鸢"
            ],
            "title": "村居",
            "url": "http://www.cquctt.cn/shi/5020.html"
        },
        {
            "author": "王维",
            "content": [
                "远看山有色",
                "近听水无声",
                "春去花还在",
                "人来鸟不惊"
            ],
            "title": "画",
            "url": "http://www.cquctt.cn/shi/5022.html"
        },
        {
            "author": "张志和",
            "content": [
                "西塞山前白鹭飞",
                "桃花流水鳜鱼肥",
                "青箬笠",
                "绿蓑衣",
                "斜风细雨不须归"
            ],
            "title": "渔歌子·西塞山前白鹭飞",
            "url": "http://www.cquctt.cn/shi/5033.html"
        },
        {
            "author": "白居易",
            "content": [
                "江南好",
                "风景旧曾谙",
                "日出江花红胜火",
                "春来江水绿如蓝",
                "能不忆江南"
            ],
            "title": "忆江南·江南好",
            "url": "http://www.cquctt.cn/shi/5040.html"
        },
        {
            "author": "翁卷",
            "content": [
                "绿遍山原白满川",
                "子规声里雨如烟",
                "乡村四月闲人少",
                "才了蚕桑又插田"
            ],
            "title": "乡村四月",
            "url": "http://www.cquctt.cn/shi/4991.html"
        },
        {
            "author": "杨万里",
            "content": [
                "篱落疏疏一径深",
                "树头花落未成阴",
                "儿童急走追黄蝶",
                "飞入菜花无处寻"
            ],
            "title": "宿新市徐公店",
            "url": "http://www.cquctt.cn/shi/4982.html"
        },
        {
            "author": "王安石",
            "content": [
                "京口瓜洲一水间",
                "钟山只隔数重山",
                "春风又绿江南岸",
                "明月何时照我还"
            ],
            "title": "泊船瓜洲",
            "url": "http://www.cquctt.cn/shi/4928.html"
        },
        {
            "author": "苏轼",
            "content": [
                "横看成岭侧成峰",
                "远近高低各不同",
                "不识庐山真面目",
                "只缘身在此山中"
            ],
            "title": "题西林壁",
            "url": "http://www.cquctt.cn/shi/4948.html"
        },
        {
            "author": "苏轼",
            "content": [
                "水光潋滟晴方好",
                "山色空蒙雨亦奇",
                "欲把西湖比西子",
                "淡妆浓抹总相宜"
            ],
            "title": "饮湖上初晴后雨二首·其二",
            "url": "http://www.cquctt.cn/shi/4956.html"
        },
        {
            "author": "苏轼",
            "content": [
                "荷尽已无擎雨盖",
                "菊残犹有傲霜枝",
                "一年好景君须记",
                "最是橙黄橘绿时"
            ],
            "title": "赠刘景文 / 冬景",
            "url": "http://www.cquctt.cn/shi/4958.html"
        },
        {
            "author": "杨万里",
            "content": [
                "一叶渔船两小童",
                "收篙停棹坐船中",
                "怪生无雨都张伞",
                "不是遮头是使风"
            ],
            "title": "舟过安仁",
            "url": "http://www.cquctt.cn/shi/4971.html"
        },
        {
            "author": "杨万里",
            "content": [
                "泉眼无声惜细流",
                "树阴照水爱晴柔",
                "小荷才露尖尖角",
                "早有蜻蜓立上头"
            ],
            "title": "小池",
            "url": "http://www.cquctt.cn/shi/4977.html"
        },
        {
            "author": "王安石",
            "content": [
                "爆竹声中一岁除",
                "春风送暖入屠苏",
                "千门万户曈曈日",
                "总把新桃换旧符"
            ],
            "title": "元日",
            "url": "http://www.cquctt.cn/shi/4927.html"
        },
        {
            "author": "曹植",
            "content": [
                "煮豆燃豆萁",
                "豆在釜中泣",
                "本是同根生",
                "相煎何太急",
                "煮豆持作羹",
                "漉菽以为汁",
                "萁在釜下燃",
                "豆在釜中泣",
                "本自同根生",
                "相煎何太急"
            ],
            "title": "七步诗",
            "url": "http://www.cquctt.cn/shi/4900.html"
        },
        {
            "author": "王维",
            "content": [
                "渭城朝雨浥轻尘",
                "客舍青青柳色新",
                "劝君更尽一杯酒",
                "西出阳关无故人"
            ],
            "title": "渭城曲 / 送元二使安西",
            "url": "http://www.cquctt.cn/shi/4853.html"
        },
        {
            "author": "白居易",
            "content": [
                "离离原上草",
                "一岁一枯荣",
                "野火烧不尽",
                "春风吹又生",
                "远芳侵古道",
                "晴翠接荒城",
                "又送王孙去",
                "萋萋满别情"
            ],
            "title": "草 / 赋得古原草送别",
            "url": "http://www.cquctt.cn/shi/4794.html"
        },
        {
            "author": "王维",
            "content": [
                "独在异乡为异客",
                "每逢佳节倍思亲",
                "遥知兄弟登高处",
                "遍插茱萸少一人"
            ],
            "title": "九月九日忆山东兄弟 / 九月九忆山东兄弟",
            "url": "http://www.cquctt.cn/shi/4762.html"
        },
        {
            "author": "白朴",
            "content": [
                "孤村落日残霞",
                "轻烟老树寒鸦",
                "一点飞鸿影下",
                "青山绿水",
                "白草红叶黄花"
            ],
            "title": "天净沙·秋",
            "url": "http://www.cquctt.cn/shi/7093.html"
        },
        {
            "author": "龚自珍",
            "content": [
                "九州生气恃风雷",
                "万马齐喑究可哀",
                "我劝天公重抖擞",
                "不拘一格降人才"
            ],
            "title": "己亥杂诗·其二百二十",
            "url": "http://www.cquctt.cn/shi/5016.html"
        },
        {
            "author": "李白",
            "content": [
                "床前明月光",
                "疑是地上霜",
                "举头望明月",
                "低头思故乡"
            ],
            "title": "静夜思(床前明月光)",
            "url": "http://www.cquctt.cn/shi/153.html"
        },
        {
            "author": "叶绍翁",
            "content": [
                "萧萧梧叶送寒声",
                "江上秋风动客情",
                "知有儿童挑促织",
                "夜深篱落一灯明"
            ],
            "title": "夜书所见（萧萧梧叶送寒声）",
            "url": "http://www.cquctt.cn/shi/985.html"
        },
        {
            "author": "于谦",
            "content": [
                "千锤万击出深山",
                "烈火焚烧若等闲",
                "粉身碎骨浑不怕",
                "要留清白在人间"
            ],
            "title": "石灰吟（千锤万击出深山）",
            "url": "http://www.cquctt.cn/shi/1015.html"
        },
        {
            "author": "龚自珍",
            "content": [
                "九州生气恃风雷",
                "万马齐喑究可哀",
                "我劝天公重抖擞",
                "不拘一格降人才"
            ],
            "title": "己亥杂诗（九州生气恃风雷）",
            "url": "http://www.cquctt.cn/shi/1052.html"
        },
        {
            "author": "杜牧",
            "content": [
                "远上寒山石径斜",
                "白云生处有人家",
                "停车坐爱枫林晚",
                "霜叶红于二月花"
            ],
            "title": "山行",
            "url": "http://www.cquctt.cn/shi/501.html"
        },
        {
            "author": "杨万里",
            "content": [
                "篱落疏疏一径深",
                "树头花落未成阴",
                "儿童急走追黄蝶",
                "飞入菜花无处寻"
            ],
            "title": "宿新市徐公店（篱落疏疏一径深）",
            "url": "http://www.cquctt.cn/shi/1002.html"
        },
        {
            "author": "杨万里",
            "content": [
                "泉眼无声惜细流",
                "树阴照水爱晴柔",
                "小荷才露尖尖角",
                "早有蜻蜓立上头"
            ],
            "title": "小池（泉眼无声惜细流）",
            "url": "http://www.cquctt.cn/shi/1005.html"
        },
        {
            "author": "刘禹锡",
            "content": [
                "湖光秋月两相和",
                "潭面无风镜未磨",
                "遥望洞庭山水色",
                "白银盘里一青螺"
            ],
            "title": "望洞庭（湖光秋月两相和）",
            "url": "http://www.cquctt.cn/shi/3028.html"
        },
        {
            "author": "纳兰性德",
            "content": [
                "山一程",
                "水一程",
                "身向榆关那畔行",
                "夜深千帐灯",
                "风一更",
                "雪一更",
                "聒碎乡心梦不成",
                "故园无此声"
            ],
            "title": "长相思·山一程",
            "url": "http://www.cquctt.cn/shi/4652.html"
        },
        {
            "author": "张籍",
            "content": [
                "洛阳城里见秋风",
                "欲作家书意万重",
                "复恐匆匆说不尽",
                "行人临发又开封"
            ],
            "title": "秋思（洛阳城里见秋风）",
            "url": "http://www.cquctt.cn/shi/3147.html"
        },
        {
            "author": "袁枚",
            "content": [
                "牧童骑黄牛",
                "歌声振林樾",
                "意欲捕鸣蝉",
                "忽然闭口立"
            ],
            "title": "所见（牧童骑黄牛）",
            "url": "http://www.cquctt.cn/shi/2599.html"
        },
        {
            "author": "郑燮",
            "content": [
                "咬定青山不放松",
                "立根原在破岩中",
                "千磨万击还坚韧",
                "任尔东西南北风"
            ],
            "title": "题竹石画（咬定青山不放松）",
            "url": "http://www.cquctt.cn/shi/2627.html"
        },
        {
            "author": "曹植",
            "content": [
                "煮豆燃豆萁",
                "漉豉以为汁",
                "萁在釜下燃",
                "豆在釜中泣",
                "本是同根生",
                "相煎何太急"
            ],
            "title": "七步诗（煮豆燃豆萁）",
            "url": "http://www.cquctt.cn/shi/2175.html"
        },
        {
            "author": "朱熹",
            "content": [
                "胜日寻芳泗水滨",
                "无边光景一时新",
                "等闲识得东风面",
                "万紫千红总是春"
            ],
            "title": "春日（胜日寻芳泗水滨）",
            "url": "http://www.cquctt.cn/shi/1723.html"
        },
        {
            "author": "苏轼",
            "content": [
                "横看成岭侧成峰",
                "远近高低各不同",
                "不识庐山真面目",
                "只缘身在此山中"
            ],
            "title": "题西林壁（横看成岭侧成峰）",
            "url": "http://www.cquctt.cn/shi/1211.html"
        },
        {
            "author": "王安石",
            "content": [
                "京口瓜洲一水间",
                "钟山只隔数重山",
                "春风又绿江南岸",
                "明月何时照我还"
            ],
            "title": "泊船瓜洲（京口瓜洲一水间）",
            "url": "http://www.cquctt.cn/shi/1243.html"
        },
        {
            "author": "王安石",
            "content": [
                "爆竹声中一岁除",
                "春风送暖入屠苏",
                "千门万户瞳瞳日",
                "总把新桃换旧符"
            ],
            "title": "元日（爆竹声中一岁除）",
            "url": "http://www.cquctt.cn/shi/1267.html"
        },
        {
            "author": "陆游",
            "content": [
                "莫笑农家腊酒浑",
                "丰年留客足鸡豚",
                "山重水复疑无路",
                "柳暗花明又一村",
                "萧鼓追随春社近",
                "衣冠简朴古风存",
                "从今若许闲乘月",
                "拄杖无时夜叩门"
            ],
            "title": "游山西村（莫笑农家腊酒浑）",
            "url": "http://www.cquctt.cn/shi/1365.html"
        },
        {
            "author": "高鼎",
            "content": [
                "草长莺飞二月天",
                "拂堤杨柳醉春烟",
                "儿童散学归来早",
                "忙趁东风放纸鸢"
            ],
            "title": "村居（草长莺飞二月天）",
            "url": "http://www.cquctt.cn/shi/1396.html"
        },
        {
            "author": "孟浩然",
            "content": [
                "春眠不觉晓",
                "处处闻啼鸟",
                "夜来风雨声",
                "花落知多少"
            ],
            "title": "春晓",
            "url": "http://www.cquctt.cn/shi/714.html"
        },
        {
            "author": "王昌龄",
            "content": [
                "寒雨连江夜入吴",
                "平明送客楚山孤",
                "洛阳亲友如相问",
                "一片冰心在玉壶"
            ],
            "title": "芙蓉楼送辛渐",
            "url": "http://www.cquctt.cn/shi/779.html"
        },
        {
            "author": "王维",
            "content": [
                "人闲桂花落",
                "夜静春山空",
                "月出惊山鸟",
                "时鸣春涧中"
            ],
            "title": "鸟鸣涧",
            "url": "http://www.cquctt.cn/shi/817.html"
        },
        {
            "author": "李白",
            "content": [
                "日照香炉生紫烟",
                "遥看瀑布挂前川",
                "飞流直下三千尺",
                "疑是银河落九天"
            ],
            "title": "望庐山瀑布",
            "url": "http://www.cquctt.cn/shi/216.html"
        },
        {
            "author": "李白",
            "content": [
                "天门中断楚江开",
                "碧水东流至此回",
                "两岸青山相对出",
                "孤帆一片日边来"
            ],
            "title": "望天门山",
            "url": "http://www.cquctt.cn/shi/217.html"
        },
        {
            "author": "李白",
            "content": [
                "李白乘舟将欲行",
                "忽闻岸上踏歌声",
                "桃花潭水深千尺",
                "不及汪伦送我情"
            ],
            "title": "赠汪伦",
            "url": "http://www.cquctt.cn/shi/263.html"
        },
        {
            "author": "杜甫",
            "content": [
                "好雨知时节",
                "当春乃发生",
                "随风潜入夜",
                "润物细无声",
                "野径云俱黑",
                "江船火独明",
                "晓看红湿处",
                "花重锦官城"
            ],
            "title": "春夜喜雨",
            "url": "http://www.cquctt.cn/shi/15.html"
        },
        {
            "author": "杜甫",
            "content": [
                "剑外忽传收蓟北",
                "初闻涕泪满衣裳",
                "却看妻子愁何在",
                "漫卷诗书喜欲狂",
                "白日放歌须纵酒",
                "青春作伴好还乡",
                "即从巴峡穿巫峡",
                "便下襄阳向洛阳"
            ],
            "title": "闻官军收河南河北",
            "url": "http://www.cquctt.cn/shi/69.html"
        },
        {
            "author": "李白",
            "content": [
                "众鸟高飞尽",
                "孤云独去闲",
                "相看两不厌",
                "只有敬亭山"
            ],
            "title": "独坐敬亭山",
            "url": "http://www.cquctt.cn/shi/105.html"
        }
    ]
}