{
    "items": [
        {
            "word": "一"
        },
        {
            "word": "二"
        },
        {
            "word": "三"
        },
        {
            "word": "四"
        },
        {
            "word": "五"
        },
        {
            "word": "六"
        },
        {
            "word": "七"
        },
        {
            "word": "八"
        },
        {
            "word": "九"
        },
        {
            "word": "十"
        },
        {
            "word": "百"
        },
        {
            "word": "千"
        },
        {
            "word": "人"
        },
        {
            "word": "口"
        },
        {
            "word": "手"
        },
        {
            "word": "足"
        }
    ],
    "place": "place"
}