{
    "items": [
        {
            "title": "A",
            "url": "http://www.leleketang.com/chengyu/list501-1.shtml",
            "total": "24",
            "id": "501"
        },
        {
            "title": "B",
            "url": "http://www.leleketang.com/chengyu/list502-1.shtml",
            "total": "164",
            "id": "502"
        },
        {
            "title": "C",
            "url": "http://www.leleketang.com/chengyu/list503-1.shtml",
            "total": "151",
            "id": "503"
        },
        {
            "title": "D",
            "url": "http://www.leleketang.com/chengyu/list504-1.shtml",
            "total": "141",
            "id": "504"
        },
        {
            "title": "E",
            "url": "http://www.leleketang.com/chengyu/list505-1.shtml",
            "total": "20",
            "id": "505"
        },
        {
            "title": "F",
            "url": "http://www.leleketang.com/chengyu/list506-1.shtml",
            "total": "120",
            "id": "506"
        },
        {
            "title": "G",
            "url": "http://www.leleketang.com/chengyu/list507-1.shtml",
            "total": "121",
            "id": "507"
        },
        {
            "title": "H",
            "url": "http://www.leleketang.com/chengyu/list508-1.shtml",
            "total": "133",
            "id": "508"
        },
        {
            "title": "J",
            "url": "http://www.leleketang.com/chengyu/list510-1.shtml",
            "total": "188",
            "id": "510"
        },
        {
            "title": "K",
            "url": "http://www.leleketang.com/chengyu/list511-1.shtml",
            "total": "46",
            "id": "511"
        },
        {
            "title": "L",
            "url": "http://www.leleketang.com/chengyu/list512-1.shtml",
            "total": "123",
            "id": "512"
        },
        {
            "title": "M",
            "url": "http://www.leleketang.com/chengyu/list513-1.shtml",
            "total": "101",
            "id": "513"
        },
        {
            "title": "N",
            "url": "http://www.leleketang.com/chengyu/list514-1.shtml",
            "total": "48",
            "id": "514"
        },
        {
            "title": "O",
            "url": "http://www.leleketang.com/chengyu/list515-1.shtml",
            "total": "3",
            "id": "515"
        },
        {
            "title": "P",
            "url": "http://www.leleketang.com/chengyu/list516-1.shtml",
            "total": "58",
            "id": "516"
        },
        {
            "title": "Q",
            "url": "http://www.leleketang.com/chengyu/list517-1.shtml",
            "total": "142",
            "id": "517"
        },
        {
            "title": "R",
            "url": "http://www.leleketang.com/chengyu/list518-1.shtml",
            "total": "57",
            "id": "518"
        },
        {
            "title": "S",
            "url": "http://www.leleketang.com/chengyu/list519-1.shtml",
            "total": "221",
            "id": "519"
        },
        {
            "title": "T",
            "url": "http://www.leleketang.com/chengyu/list520-1.shtml",
            "total": "103",
            "id": "520"
        },
        {
            "title": "W",
            "url": "http://www.leleketang.com/chengyu/list523-1.shtml",
            "total": "104",
            "id": "523"
        },
        {
            "title": "X",
            "url": "http://www.leleketang.com/chengyu/list524-1.shtml",
            "total": "158",
            "id": "524"
        },
        {
            "title": "Y",
            "url": "http://www.leleketang.com/chengyu/list525-1.shtml",
            "total": "296",
            "id": "525"
        },
        {
            "title": "Z",
            "url": "http://www.leleketang.com/chengyu/list526-1.shtml",
            "total": "218",
            "id": "526"
        }
    ]
}