{"items":[{"title":"唇齿相依","id":"CCXY","album":"晋陈寿《三国志魏志鲍勋传》：“王师屡征而未有所克者，盖以吴蜀唇齿相依，凭阻山水，有难拔之势故也。”","translation":"嘴唇和牙齿互相依靠；比喻双方关系密切；互相依存；利害与共。也作“唇齿相济。”","pronunciation":"chúnchǐxiāngyī"},{"title":"出言不逊","id":"CYBX","album":"晋陈寿《三国志魏志张郃传》：“图（郭图）惭，又更谮郃曰：‘郃快军败，出言不逊。’郃惧，乃归太祖。”","translation":"言：话；说；出言：说话；逊：谦让；恭顺。说话不客气；没有礼貌。也作“出口不逊。”","pronunciation":"chūyánbùxùn"},{"title":"出言不逊","id":"CYBX","album":"晋陈寿《三国志魏志张郃传》：“图（郭图）惭，又更谮郃曰：‘郃快军败，出言不逊。’郃惧，乃归太祖。”","translation":"言：话；说；出言：说话；逊：谦让；恭顺。说话不客气；没有礼貌。也作“出口不逊。”","pronunciation":"chūyánbùxùn"},{"title":"方寸已乱","id":"FCYL","album":"清李宝嘉《官场现形记》第三回：“你们别吵！我此刻方寸已乱，等我定一定神再谈。”","translation":"方寸：指心。心绪纷乱。","pronunciation":"fāngcùnyǐluàn"},{"title":"鸡犬不留","id":"JQBL","album":"清吴趼人《痛史》第六回：“探马报说沿江上下全是元兵，江阴已经失守，常州已经被屠，常州城内鸡犬不留，知常州府事家铉翁不知去向。”","translation":"连鸡狗都不留下。形容斩尽杀绝或抢掠一空。","pronunciation":"jīquǎnbùliú"},{"title":"路人皆知","id":"LRJZ","album":"晋习凿齿《汉晋春秋》：“司马昭之心，路人所知也。吾不能坐受废辱，今日当与卿等自出讨之。”","translation":"比喻人所共知的野心。","pronunciation":"lùrénjiēzhī"},{"title":"青蝇吊客","id":"QYDK","album":"《三国志·吴书·虞翻传》裴松之注引《虞翻别传》：“自恨疏节，骨体不媚，犯上获罪，当长没海隅。生无可与语，死以青蝇为吊客。”","translation":"死后只有青蝇来吊。比喻生前没有知己朋友的人。","pronunciation":"qīngyíngdiàokè"},{"title":"秋风扫落叶","id":"QFSLY","album":"晋陈寿《三国志魏志辛毗传》：“以明公之威，应困穷之敌，击疲弊之寇，无异迅风之振秋叶矣。”","translation":"比喻强大的力量扫荡腐朽弱小者；也比喻扫除净尽。","pronunciation":"qiūfēngsǎoluòyè"},{"title":"识时务者为俊杰","id":"SSWZWJJ","album":"晋习凿齿《襄阳记》：“识时务者在乎俊杰。此间自有伏龙、凤雏。”","translation":"意思是能认清时代潮流的，是聪明能干的人。认清时代潮流势，才能成为出色的人物。","pronunciation":"shíshíwùzhěwéijùnjié"},{"title":"手不释卷","id":"SBSJ","album":"三国魏曹丕《典论自叙》：“上雅好诗书文籍，虽在军旅，手不释卷。”","translation":"释：放开；卷：书本。书本不离手。形容勤奋好学。","pronunciation":"shǒubùshìjuàn"},{"title":"味如鸡肋","id":"WRJL","album":"《三国志·魏志·武帝纪》裴松之注引《九州春秋》曰：“夫鸡肋，弃之如可惜，食之无所得，以比汉中，知王欲还也。”","translation":"鸡肋：鸡的肋骨，没有肉，比喻无多大意味而又不忍舍弃的东西。比喻事情不做可惜，做起来没有多大好处。","pronunciation":"wèirújīlèi"},{"title":"危在旦夕","id":"WZDX","album":"晋陈寿《三国志吴志太史慈传》：“今管亥暴乱，北海被围，孤穷无援，危在旦夕。”","translation":"形容危险就在眼前。旦夕：早晨和晚上；指很短时间之内。","pronunciation":"wēizàidànxī"},{"title":"要言不烦","id":"YYBF","album":"三国魏管辰《管辂别传》：“可谓要言不烦也。”","translation":"要：简要；烦：烦琐。形容说话或写文章简明扼要；一点不罗嗦。","pronunciation":"yàoyánbùfá"},{"title":"一身是胆","id":"YSSD","album":"晋陈寿《三国志蜀志赵云传》：“以云为翊军将军”裴松之注引《赵云别传》：“先主明旦自来，至云营围视昨战处，曰：‘子龙一身都是胆也！’”","translation":"形容胆量大，无所畏惧。","pronunciation":"yīshēnshìdǎn"},{"title":"一身是胆","id":"YSSD","album":"晋陈寿《三国志蜀志赵云传》：“以云为翊军将军”裴松之注引《赵云别传》：“先主明旦自来，至云营围视昨战处，曰：‘子龙一身都是胆也！’”","translation":"形容胆量大，无所畏惧。","pronunciation":"yīshēnshìdǎn"},{"title":"壮士解腕","id":"ZSJW","album":"晋陈寿《三国志魏志陈泰传》：“古人有言：‘蝮蛇螫手，壮士解腕。’”","translation":"勇士手腕被蝮蛇咬伤，就立即截断，以免毒性扩散全身。比喻作事要当机立断，不可犹豫不决。","pronunciation":"zhuàngshìjiěwàn"},{"title":"言过其实","id":"YGQS","album":"晋陈寿《三国志蜀志马良传》：“马谡言过其实，不可大用，君其察之！”","translation":"言：语言；过：超过；越过；实：实际。原指言语不实；超过自己的实际能力。现多指说话说得过分夸张、不符合实际。","pronunciation":"yánguòqíshí"},{"title":"司马昭之心，路人皆知","id":"SMZZXLRJZ","album":"《三国志·魏书·高贵乡公传》斐松之注引《汉晋春秋》：“司马昭之心，路人皆知。”","translation":"路人：路上的人，指所有的人。比喻人所共知的野心。","pronunciation":"sīmǎzhāozhīxīn，lùrénjiēzhī"},{"title":"蓝田生玉","id":"LTSY","album":"晋陈寿《三国志吴志诸葛恪传》：“诸葛恪字元逊，瑾长子也。”裴松之注引晋虞溥《江表传》：“蓝田生玉，真不虚也。”","translation":"旧时比喻贤父生贤子。","pronunciation":"lántiánshēngyù"},{"title":"髀肉复生","id":"RFS","album":"晋陈寿《三国志蜀书先主传》“荆州豪杰归先主者日益多，表疑其心，阴御之。”裴松之注引晋司马彪《九州春秋》：“吾常身不离鞍，髀肉皆消；今不复骑，髀里肉生，日月若驰，老将至矣。","translation":"髀：大腿。因为长久不骑马，大腿上的肉又长起来了。形容长久过着安逸舒适的生活，无所作为。","pronunciation":"bìròufùshēng"},{"title":"髀肉复生","id":"RFS","album":"晋陈寿《三国志蜀书先主传》“荆州豪杰归先主者日益多，表疑其心，阴御之。”裴松之注引晋司马彪《九州春秋》：“吾常身不离鞍，髀肉皆消；今不复骑，髀里肉生，日月若驰，老将至矣。","translation":"髀：大腿。因为长久不骑马，大腿上的肉又长起来了。形容长久过着安逸舒适的生活，无所作为。","pronunciation":"bìròufùshēng"},{"title":"十鼠同穴","id":"SSTX","album":"晋陈寿《三国志魏志鲍勋传》：“勋无活分，而汝等敢纵之！收三官已下付刺奸，当令十鼠同穴。”","translation":"比喻使集中在一起，一网打尽。","pronunciation":"shíshǔtóngxué"},{"title":"士别三日，当刮目相待","id":"SBSRDGMXD","album":"《三国志·吴志·吕蒙传》注引《江表传》：“士别三日，即更刮目相待。”","translation":"指别人已有进步，不能再用老眼光去看他。","pronunciation":"shì　bié　sān　rì，dāng　guāmùxiāng　dài"},{"title":"兵贵神速","id":"BGSS","album":"晋陈寿《三国志魏志郭嘉传》：“太祖将征袁尚……嘉表曰：‘兵贵神速。今千里袭人，辎重多，难以趣利，且彼闻之，必为备；不如留辎重，轻兵兼道以出，掩其不意。’”","translation":"贵：可贵；神速：特别迅速。用兵以行动特别迅速为贵。","pronunciation":"bīngguìshénsù"},{"title":"兵贵神速","id":"BGSS","album":"晋陈寿《三国志魏志郭嘉传》：“太祖将征袁尚……嘉表曰：‘兵贵神速。今千里袭人，辎重多，难以趣利，且彼闻之，必为备；不如留辎重，轻兵兼道以出，掩其不意。’”","translation":"贵：可贵；神速：特别迅速。用兵以行动特别迅速为贵。","pronunciation":"bīngguìshénsù"},{"title":"士别三日，刮目相待","id":"SBSRGMXD","album":"晋陈寿《三国志吴志吕蒙传》：“遂拜蒙母，结友而别”南朝宋裴松之注：“士别三日，即更刮目相待。”","translation":"指别人已有进步，当另眼相看。","pronunciation":"shìbiésānrì，guāmùxiāngdài"},{"title":"乐不思蜀","id":"LBSS","album":"晋习凿齿《汉晋春秋》：“王问禅曰：‘颇思蜀否？’禅曰：‘此间乐，不思蜀。’”","translation":"蜀：指三国时蜀国。蜀后主刘禅投降司马昭后；被安置在洛阳仍过荒淫生活；快乐得不想回国。比喻乐而忘返或乐而忘本。","pronunciation":"lèbùsīshǔ"},{"title":"乐不思蜀","id":"LBSS","album":"晋习凿齿《汉晋春秋》：“王问禅曰：‘颇思蜀否？’禅曰：‘此间乐，不思蜀。’”","translation":"蜀：指三国时蜀国。蜀后主刘禅投降司马昭后；被安置在洛阳仍过荒淫生活；快乐得不想回国。比喻乐而忘返或乐而忘本。","pronunciation":"lèbùsīshǔ"},{"title":"弃之可惜","id":"QZKX","album":"《三国志·魏志·武帝纪》裴松之注引《九州春秋》：“夫鸡肋，弃之如可惜，食之无所得，以比汉中，知王欲还也。”","translation":"扔掉它未免可惜。","pronunciation":"qìzhīkěxī"},{"title":"上楼去梯","id":"SLQT","album":"《三国志·蜀志·诸葛亮传》：“琦乃将亮游观后园，共上高楼。饮宴之间，令人去梯，因谓亮曰：‘今日上不至天，下不至地，言出子口，入于吾耳，可以言示？’”","translation":"比喻进行极其秘密的谋划。也比喻诱人上当。","pronunciation":"shànglóuqùtī"},{"title":"死不瞑目","id":"SBM","album":"晋陈寿《三国志吴志孙坚传》：“卓逆天无道，荡覆王室，今不夷汝三族，悬示四海，则吾死不瞑目。”","translation":"死了也不闭眼。指人将要死之时心里有放不下的事情。多用来形容志向或心愿未能实现；死不甘心。","pronunciation":"sǐbùmíngmù"},{"title":"变生肘腋","id":"BSZY","album":"晋陈寿《三国志蜀志法正传》：“亮答曰：‘主公之在公安也，北畏曹公之强，东惮孙权之逼，近则惧孙夫人生变于肘腋之下，当斯之时，进退狼跋。’”","translation":"肘腋：胳肢窝。比喻事变就发生在身边。","pronunciation":"biànshēngzhǒuyè"},{"title":"翻然改图","id":"FRGT","album":"晋陈寿《三国志蜀志吕凯传》：“将军若能翻然改图，易迹更步，古人不难追，鄙土何足宰哉！”","translation":"迅速改变过来，另作打算","pronunciation":"fānrángǎitú"},{"title":"对症下药","id":"DZXY","album":"宋朱熹《朱子语类》第41卷：“克己复礼，便是捉得病根，对证下药。”","translation":"症：病症；下药：用药。医生针对病人的病情开方用药。比喻针对具体情况；采取具体有效措施。","pronunciation":"duìzhèngxiàyào"},{"title":"饮醇自醉","id":"YCZZ","album":"《三国志·吴书·周瑜传》裴松之注引《江表传》：“与周公谨交，若饮醇醪，不觉自醉。”","translation":"醇：浓酒。比喻与宽厚人交，不觉心醉。","pronunciation":"yǐnchúnzìzuì"},{"title":"惊肉生髀","id":"JRS","album":"《三国志·蜀志·先主传》裴松之注引晋司马彪《九州春秋》：“备住荆州数年，尝于表刘表坐起至厕，见髀里肉生，慨然流涕。还坐，表怪问备，备曰：‘吾常身不离鞍，髀肉皆消。今不复骑，髀里肉生。日月若驰，老将至矣，而功业不建，是以悲耳。’”","translation":"《三国志·蜀志·先主传》“绍遣将道路奉迎，身去邺二百里，与先主相见”裴松之注引晋司马彪《九州春秋》：“备住荆州数年，尝于表刘表坐起至厕，见髀里肉生，慨然流涕。还坐，表怪问备，备曰：‘吾常身不离鞍，髀肉皆消。今不复骑，髀里肉生。日月若驰，老将至矣，而功业不","pronunciation":"jīngròushēngbì"},{"title":"不急之务","id":"BJZW","album":"晋陈寿《三国志吴志孙和传》：“弃不急之务，以修功业之墓，其于名行，岂不善哉！”","translation":"务：事务。不紧迫的事务。","pronunciation":"bùjízhīwù"},{"title":"不谋而合","id":"BMEH","album":"晋干宝《搜神记》第二卷：“二人之言，不谋而合。”","translation":"谋：计议；商议；合：相合一致。事先没有商量过而彼此意见或行动却完全一致。","pronunciation":"bùmóuérhé"},{"title":"单刀赴会","id":"DDFH","album":"明罗贯中《三国演义》第66回：“吾来日驾小舟，只用亲随十余人，单刀赴会，看鲁肃如何近我！”","translation":"原指三国名将关羽随身带一口大刀和少数随从在东吴参加宴会。后泛指只身或仅带少数人去参加有危险的约会。含有赞颂赴会者富有胆略的意思。","pronunciation":"dāndāofùhuì"},{"title":"盖世无双","id":"GSWS","album":"西汉司马迁《史记项羽本纪》：“力拔山兮气盖世。”","translation":"盖：压倒。世上再没有第二个。","pronunciation":"gàishìwúshuāng"},{"title":"刮目相看","id":"GMXK","album":"晋陈寿《三国志吴志吕蒙传》：“遂拜蒙母，结友而别”裴松之注引《江表传》：“士别三日，即更刮目相待。”","translation":"去掉旧的看法；用新眼光看待。","pronunciation":"guāmùxiāngkàn"},{"title":"刮目相待","id":"GMXD","album":"《三国志·吴志·吕蒙传》注引《江表传》：“士别三日，即更刮目相待。”","translation":"刮目：擦眼睛，表示用新眼光看人。比喻去掉旧日的看法，用新的眼光来看待人或事物。","pronunciation":"guāmùxiāngdài"},{"title":"老生常谈","id":"LSCT","album":"晋陈寿《三国志魏志管辂传》：“此老生之常谭。”","translation":"老生：老书生。原指老书生经常谈论的事物或观点。后泛指毫无新意的理论或老话。","pronunciation":"lǎoshēngchángtán"},{"title":"迷途知返","id":"MTZF","album":"晋陈寿《三国志魏志袁术传》：“以身试祸，岂不痛哉！若迷而知返，尚可以免。”","translation":"迷途：迷失道路；返：回来。迷失了道路；知道后改到正路上来。比喻犯了错误后；知道改正。","pronunciation":"mítúzhīfǎn"},{"title":"狼狈不堪","id":"LBBK","album":"宋朱熹《与政府札子》：“风痰大作，头目旋晕，几欲僵卧，今已累日，精神愈见昏慢，委是狼狈不堪。”","translation":"狼狈：疲惫、窘迫的样子；堪：忍受。指困顿窘迫的样子。","pronunciation":"lángbèibùkān"},{"title":"三余读书","id":"SYDS","album":"《三国志·魏志·王肃传》裴松之注引《魏略》：“从学者云：‘苦渴无日。’遇言：‘当以三余。’或问三余之意，遇言：‘冬者岁之余，夜者日之余，阴雨者时之余也。’”","translation":"充分利用一切空余时间读书。","pronunciation":"sānyúdúshū"},{"title":"所向无敌","id":"SXWD","album":"三国蜀诸葛亮《心书》：“善将者，因天之时，就地之势，依人之利，则所向无敌，所击者万全矣。”","translation":"没有能敌得住的对手。指谁也抵挡不住。多形容军威极壮；锐不可当。","pronunciation":"suǒxiàngwúdí"},{"title":"谈笑自若","id":"TXZR","album":"晋陈寿《三国志吴志甘宁传》：“宁受攻累日，敌设高楼。雨射城中，士众皆惧，惟宁谈笑自若。”","translation":"指在不平常的情况下；有说有笑；同平常一样。自若：跟平常一样。","pronunciation":"tánxiàozìruò"},{"title":"掩目捕雀","id":"YMBQ","album":"晋陈寿《三国志魏志陈琳传》：“谚有‘掩目捕雀’。夫微物尚不可欺以得志，况大国之事，其可以诈立乎！”","translation":"遮着眼睛捉麻雀。比喻自己骗自己。","pronunciation":"yǎnmùbǔquè"},{"title":"鱼贯而入","id":"YGER","album":"晋陈寿《三国志魏志邓艾传》：“将士皆攀木缘崖，鱼贯而进。”","translation":"像游鱼那样首尾连贯地进入。比喻有秩序地相继而进。","pronunciation":"yúguànérrù"},{"title":"孜孜不倦","id":"ZZBJ","album":"《尚书君陈》：“惟日孜孜，无敢逸豫。”《后汉书鲁丕传》：“性沉深好学，孳孳不倦。”《三国志蜀书向朗传》：“乃更潜心典籍，孜孜不倦。”","translation":"勤奋努力；不知疲倦（孜孜：勤勉的样子）。","pronunciation":"zīzībùjuàn"},{"title":"雷霆之怒","id":"LZN","album":"《三国志吴志陆逊传》：“今不忍小忿，而发雷霆之怒，违垂堂之戒，轻万乘之重，此臣之所惑也。”","translation":"雷霆：霹雳。象霹雳一样的盛怒。形容愤怒到了极点。","pronunciation":"léitíngzhīlù"},{"title":"司马昭之心","id":"SMZZX","album":"晋陈寿《三国志魏志高贵乡公传》：“高贵乡公卒裴松之注引《汉晋春秋》：“司马昭之心，路人所知也。”","translation":"比喻人所共知的野心。","pronunciation":"sīmǎzhāozhīxīn"},{"title":"所向无前","id":"SXWQ","album":"《三国志·魏志·鲜卑传》裴松之注引《魏书》：“年十四五，异部大人卜贲邑钞取其外家牛羊，檀石槐策骑追击，所向无前，悉还得所亡。”","translation":"所指向的地方，谁也阻挡不住。","pronunciation":"suǒxiàngwúqián"},{"title":"不知所措","id":"BZSC","album":"晋陈寿《三国志吴志诸葛恪传》：“皇太子以丁酋践尊号，哀喜交并，不知所措。”","translation":"措：安置；处理。不知道怎么办才好。形容受窘或发慌的状态。也作“莫知所措”、“未知所措”。","pronunciation":"bùzhīsuǒcuò"},{"title":"大发雷霆","id":"DFL","album":"明凌濛初《初刻拍案惊奇》第15卷：“陈秀才大发雷霆。”","translation":"霆：暴雷；雷霆：震耳的雷声。形容大发脾气；高声怒斥别人。","pronunciation":"dàfāléitíng"},{"title":"不谋而同","id":"BMET","album":"唐韩愈《请上尊号表》：“考其所陈，中于义理，天人合愿，不谋而同。”","translation":"谋：商量。事先没有商量，言行都保持一致","pronunciation":"bùmóuértóng"},{"title":"髀里肉生","id":"LRS","album":"《三国志·蜀书·先主传》裴松之注引晋·司马彪《九州春秋》：“备曰：‘吾常身不离鞍，髀肉皆消；今不复骑，髀里肉生。’”","translation":"髀：大腿。因为长久不骑马，大腿上的肉又长起来了。形容长久过着安逸舒适的生活，无所作为。","pronunciation":"bìlǐròushēng"},{"title":"负重致远","id":"FZZY","album":"南朝宋范晔《后汉书赵憙传》：“更始曰：‘茧栗犊，岂能负重致远乎？”","translation":"负：背着；致：送到。背着重东西走远路。比喻能够负担艰巨任务。","pronunciation":"fùzhòngzhìyuǎn"},{"title":"负重致远","id":"FZZY","album":"南朝宋范晔《后汉书赵憙传》：“更始曰：‘茧栗犊，岂能负重致远乎？”","translation":"负：背着；致：送到。背着重东西走远路。比喻能够负担艰巨任务。","pronunciation":"fùzhòngzhìyuǎn"},{"title":"竭尽全力","id":"JJQL","album":"《宋书宗越传》：“诛戮群公及何迈等，莫不尽心竭力，故帝凭其爪牙，无所忌惮。”","translation":"竭尽：用尽。用尽全部力量。","pronunciation":"jiéjìnquánlì"},{"title":"如鱼得水","id":"RYDS","album":"晋陈寿《三国志蜀志诸葛亮传》：“孤之有孔明，犹鱼之有水也。”","translation":"好像鱼得到水一样。比喻得到跟自己十分投合的人或对自己很适合的环境。","pronunciation":"rúyúdéshuǐ"},{"title":"如鱼得水","id":"RYDS","album":"晋陈寿《三国志蜀志诸葛亮传》：“孤之有孔明，犹鱼之有水也。”","translation":"好像鱼得到水一样。比喻得到跟自己十分投合的人或对自己很适合的环境。","pronunciation":"rúyúdéshuǐ"},{"title":"胆大如斗","id":"DDRD","album":"《三国志·蜀志·姜维传》：“维妻子皆伏诛。”裴松之注引《世语》：“维死时见剖，胆如斗大。”","translation":"形容胆量极大。","pronunciation":"dǎndàrúdǒu"},{"title":"倒屣相迎","id":"DXY","album":"晋陈寿《三国志魏志王粲传》：“贵重朝廷，常车骑填巷，宾客盈坐。闻粲在门，倒屣迎之。”","translation":"屣：鞋。古人家居脱鞋席地而坐，争于迎客，将鞋穿倒。形容热情欢迎宾客。","pronunciation":"dàoxǐxiāngyíng"},{"title":"断头将军","id":"DTJJ","album":"晋陈寿《三国志蜀志张飞传》：“卿等无状，侵夺我州，我州但有断头将军，无有降将军也。”","translation":"比喻坚决抵抗，宁死不屈的将领。","pronunciation":"duàntóujiāngjūn"},{"title":"断头将军","id":"DTJJ","album":"晋陈寿《三国志蜀志张飞传》：“卿等无状，侵夺我州，我州但有断头将军，无有降将军也。”","translation":"比喻坚决抵抗，宁死不屈的将领。","pronunciation":"duàntóujiāngjūn"},{"title":"顾曲周郎","id":"GQZL","album":"晋陈寿《三国志吴志周瑜传》：“瑜少精意于音乐，虽三爵之后，其有阙误，瑜必知之，知之必顾，故时有人谣曰：‘曲有误，周郎顾。’”","translation":"原指周瑜业于音乐。后泛指通音乐戏曲的人。","pronunciation":"gùqǔzhōuláng"},{"title":"顾曲周郎","id":"GQZL","album":"晋陈寿《三国志吴志周瑜传》：“瑜少精意于音乐，虽三爵之后，其有阙误，瑜必知之，知之必顾，故时有人谣曰：‘曲有误，周郎顾。’”","translation":"原指周瑜业于音乐。后泛指通音乐戏曲的人。","pronunciation":"gùqǔzhōuláng"},{"title":"含蓼问疾","id":"HWJ","album":"晋陈寿《三国志蜀志先主传》：“吾何忍弃去。”裴松之注引晋习凿齿曰：“观其所以结物情者，岂徒投醪抚寒，含蓼问疾而已哉？”","translation":"蓼：一种苦味水草。不顾辛苦，慰问疾病。旧时比喻君主安抚军民，跟百姓同甘共苦。","pronunciation":"hánliǎowènjí"},{"title":"南州冠冕","id":"NZGM","album":"《三国志·蜀书·庞统传》：“徽甚异之，称统当为南州士之冠冕。”","translation":"南方人才中杰出的人。指才识出众的人。","pronunciation":"nánzhōuguānmiǎn"},{"title":"吴下阿蒙","id":"WXAM","album":"晋虞溥《江表传》：“至于今者，学识英博，非复吴下阿蒙。”","translation":"吴下：现江苏长江以南；阿蒙：指吕蒙。居处吴下一隅的吕蒙。比喻人学识尚浅。","pronunciation":"wúxiàāméng"},{"title":"吴下阿蒙","id":"WXAM","album":"晋虞溥《江表传》：“至于今者，学识英博，非复吴下阿蒙。”","translation":"吴下：现江苏长江以南；阿蒙：指吕蒙。居处吴下一隅的吕蒙。比喻人学识尚浅。","pronunciation":"wúxiàāméng"},{"title":"顾名思义","id":"GMSY","album":"晋陈寿《三国志魏志王昶传》：“故以玄默冲虚为名，欲使汝曹顾名思义，不敢违越也。”","translation":"顾：看；名：指人或事物的称呼；义：意义；含义。看到名称就可联想到它的含义。","pronunciation":"gùmíngsīyì"},{"title":"画饼充饥","id":"HBCJ","album":"晋陈寿《三国志魏志卢毓传》：“选举莫取有名，名如画地作饼，不可啖也。”","translation":"画个饼子以解饥饿。比喻徒有虚名而无实惠。也比喻借空想安慰自己。","pronunciation":"huàbǐngchōngjī"},{"title":"画饼充饥","id":"HBCJ","album":"晋陈寿《三国志魏志卢毓传》：“选举莫取有名，名如画地作饼，不可啖也。”","translation":"画个饼子以解饥饿。比喻徒有虚名而无实惠。也比喻借空想安慰自己。","pronunciation":"huàbǐngchōngjī"},{"title":"倩人捉刀","id":"RZD","album":"《三国志·魏志·陈思王植传》：“言出为论，下笔成章，顾当面试，奈何倩人？”南朝宋·刘义庆《世说新语·容止》：“魏王雅望非常，然床头捉刀人，此乃英雄也。”","translation":"倩：请；捉刀：代人执笔作文。请人代做文章。","pronunciation":"qiànrénzhuōdāo"},{"title":"开门揖盗","id":"KMYD","album":"晋陈寿《三国志吴志孙权传》：“况今奸宄竞逐，豺狼满道，乃欲哀亲戚，顾礼制，是犹开门而揖盗，未可以为仁也。”","translation":"揖：打拱；表示欢迎。开门请强盗进来。比喻引进坏人；招来祸患。","pronunciation":"kāiményīdào"},{"title":"下笔成章","id":"XBCZ","album":"晋陈寿《三国志魏志陈思王植传》：“言出为论，下笔成章。”","translation":"章：文章。形容富有才华；思路敏捷。一动笔就能写成文章。","pronunciation":"xiàbǐchéngzhāng"},{"title":"扬汤止沸","id":"YTZF","album":"晋陈寿《三国志魏志董卓传》：“卓未至，进败”裴松之注引《典略》：“臣闻扬汤止沸，不如灭火去薪。”","translation":"把锅里开着的水舀起来再倒回去，使它凉下来不沸腾。比喻办法不彻底，不能从根本上解决问题。","pronunciation":"yángtāngzhǐfèi"},{"title":"临危不顾","id":"LWBG","album":"《三国志魏志陈留王传》：“和、琇、抚皆抗不挠，拒会凶言，临危不顾。”","translation":"临：遇到；危：危险。遇到危难的时候，一点也不怕。","pronunciation":"línwēibùgù"},{"title":"流芳百世","id":"LFBS","album":"南朝宋刘义庆《世说新语尤悔》：“桓公卧语曰：‘作此寂寞，将为文景所笑。’既而屈起坐曰：‘既不能流芳后世，亦不足复遗臭万载耶？’”","translation":"流：流传；芳：花草的香气；比喻好的名声；百世：古人以30年为一世；形容极为久远的时间。美好的名声在后世永久流传。也作“流芳千古”。","pronunciation":"liúfāngbǎishì"},{"title":"超群绝伦","id":"CQJL","album":"晋陈寿《三国志蜀志关羽传》：“当与翼德并驱争先，犹未及髯之绝伦逸群也。”","translation":"超：超过；超群：超出众人；绝：没有；伦：同辈。超出众人；同辈中没有可以相比的。也作“逸群绝伦。”","pronunciation":"chāoqúnjuélún"},{"title":"超群绝伦","id":"CQJL","album":"晋陈寿《三国志蜀志关羽传》：“当与翼德并驱争先，犹未及髯之绝伦逸群也。”","translation":"超：超过；超群：超出众人；绝：没有；伦：同辈。超出众人；同辈中没有可以相比的。也作“逸群绝伦。”","pronunciation":"chāoqúnjuélún"},{"title":"车载斗量","id":"CZDL","album":"晋陈寿《三国志吴志孙权传》“遣都尉赵咨使魏”裴松之注引三国吴韦昭《吴书》：“如臣之比，车载斗量，不可胜数。”","translation":"载：装载。用车装；用斗量。形容事物、人才很多；也作“斗量车载”。","pronunciation":"chēzàidǒuliáng"},{"title":"车载斗量","id":"CZDL","album":"晋陈寿《三国志吴志孙权传》“遣都尉赵咨使魏”裴松之注引三国吴韦昭《吴书》：“如臣之比，车载斗量，不可胜数。”","translation":"载：装载。用车装；用斗量。形容事物、人才很多；也作“斗量车载”。","pronunciation":"chēzàidǒuliáng"},{"title":"飞沙走石","id":"FSZS","album":"唐谷神子《博异志吕乡筠》：“若人间吹之，飞沙走石，翔鸟坠地，走兽脑裂。”","translation":"飞：使飞扬；走：使滚动。沙土飞扬；石子滚动。形容风力极大。","pronunciation":"fēishāzǒushí"},{"title":"坚壁清野","id":"JBQY","album":"晋陈寿《三国志魏志荀彧传》：“今东方皆已收麦，必坚壁清野以待敌军，将军攻之不拔，路之无获，不出十日，则十万之众未战而自固耳。”","translation":"坚壁：加固营垒；清野：将四野的财物清理收藏起来。加固营垒；清理收藏财物。","pronunciation":"jiānbìqīngyě"},{"title":"坚壁清野","id":"JBQY","album":"晋陈寿《三国志魏志荀彧传》：“今东方皆已收麦，必坚壁清野以待敌军，将军攻之不拔，路之无获，不出十日，则十万之众未战而自固耳。”","translation":"坚壁：加固营垒；清野：将四野的财物清理收藏起来。加固营垒；清理收藏财物。","pronunciation":"jiānbìqīngyě"},{"title":"开诚布公","id":"KCBG","album":"晋陈寿《三国志蜀志诸葛亮评论》：“诸葛亮之为相国也……开诚心，布公道。”","translation":"开诚：敞开胸怀；表示诚意；布公：公正无私地发表自己的见解。指坦白无私、诚恳公正地亮出自己的见解。","pronunciation":"kāichéngbùgōng"},{"title":"七擒七纵","id":"QQQZ","album":"晋陈寿《三国志蜀志诸葛亮传》：“亮率众南征，其秋悉平。”裴松之注引《汉晋春秋》：“亮笑，纵使更战，七纵七擒，而亮犹遣获。”","translation":"三国时，诸葛亮出兵南方，将当地酋长孟获捉住七次，放了七次，使他真正服输，不再为敌。比喻运用策略，使对方心服。","pronunciation":"qīqínqīzòng"},{"title":"七擒七纵","id":"QQQZ","album":"晋陈寿《三国志蜀志诸葛亮传》：“亮率众南征，其秋悉平。”裴松之注引《汉晋春秋》：“亮笑，纵使更战，七纵七擒，而亮犹遣获。”","translation":"三国时，诸葛亮出兵南方，将当地酋长孟获捉住七次，放了七次，使他真正服输，不再为敌。比喻运用策略，使对方心服。","pronunciation":"qīqínqīzòng"},{"title":"求田问舍","id":"QTWS","album":"晋陈寿《三国志魏志陈登传》：“君有国士之名，今天下大乱，帝主失所，望君忧国忘家，有救世之意，而君求田问舍，言无可采。”","translation":"舍：房子。多方购买田地，到处问询屋介。指只知道置产业，谋求个人私利。比喻没有远大的志向。","pronunciation":"qiútiánwènshě"},{"title":"穷兵黩武","id":"QBW","album":"三国曹丕《车驾临江还诏三公》：“三世为将，道家所忌；穷兵黩武，古有所戒。”","translation":"穷：用尽；竭尽。黩：任意；轻率。出动全部兵力；任意发动战争。形容极端好战。","pronunciation":"qióngbīngdúwǔ"},{"title":"忍辱负重","id":"RRFZ","album":"晋陈寿《三国志吴志陆逊传》：“国家所以屈诸君使相承望者，以仆有尺寸可称，能忍辱负重故也。”","translation":"忍受耻辱；承当重任。指为了重任而忍受一切屈辱。","pronunciation":"rěnrǔfùzhòng"},{"title":"偃旗息鼓","id":"QXG","album":"晋陈寿《三国志蜀志赵云传》：“成都既定，以云为翊军将军。”裴松之注引《赵云别传》：“云入营，更大开门，偃旗息鼓，公军疑云有伏兵，引去。”","translation":"偃：放倒；息：停止。原指秘密行军；不暴露目标。后用以指休战或不声不响停止行动。","pronunciation":"yǎnqíxīgǔ"},{"title":"偃旗息鼓","id":"QXG","album":"晋陈寿《三国志蜀志赵云传》：“成都既定，以云为翊军将军。”裴松之注引《赵云别传》：“云入营，更大开门，偃旗息鼓，公军疑云有伏兵，引去。”","translation":"偃：放倒；息：停止。原指秘密行军；不暴露目标。后用以指休战或不声不响停止行动。","pronunciation":"yǎnqíxīgǔ"},{"title":"志同道合","id":"ZTDH","album":"晋陈寿《三国志陈思王植传》：“及其见举于汤武、周文，诚道合志同，玄漠神通。”","translation":"形容彼此志向相同；信仰、志趣一致。志：志向；道：道路；信仰。","pronunciation":"zhìtóngdàohé"},{"title":"飞砂转石","id":"FSZS","album":"《三国志·吴志·陆胤传》：“风则折木，飞砂转石。”","translation":"同“飞沙走石”。","pronunciation":"fēishāzhuǎnshí"},{"title":"七纵七禽","id":"QZQQ","album":"相传三国时诸葛亮出兵南方，曾七次生擒酋长孟获，又七次释放，终于使孟获心悦诚服。事见《三国志·蜀志·诸葛亮传》“亮率众南征，其秋悉平”裴松之注引《汉晋春秋》。","translation":"亦作“七纵七擒”。相传三国时诸葛亮出兵南方，曾七次生擒酋长孟获，又七次释放，终于使孟获心悦诚服。《三国志·蜀志·诸葛亮传》“亮率众南征，其秋悉平”裴松之注引《汉晋春秋》：“亮至南中，所在战捷。闻孟获者，为夷、汉所服，募生致之。既得，使观于营陈之间，问曰：","pronunciation":"qīzòngqīqín"},{"title":"笃学好古","id":"XHG","album":"《三国志·吴志·孙瑜传》：“济阴人马普笃学好古，瑜厚礼之。”","translation":"笃学：专心好学。指专心致至地学习古代曲籍。","pronunciation":"dǔxuéhàogǔ"},{"title":"伏龙凤雏","id":"FLFC","album":"《三国志·蜀志·诸葛亮传》裴松之注引《襄阳记》：“刘备访世事于司马德操。德操曰：‘儒生俗士，岂识时务？识时务者在乎俊杰。此间自有伏龙、凤雏。’备问为谁，曰：‘诸葛孔明、庞士元也。’","translation":"伏龙：（卧龙）诸葛孔明。凤雏：庞士元。两人都是汉末三国时期著名的谋略家，军事家。后指隐而未现的有较高学问和能耐的人。","pronunciation":"fúlóngfèngchú"},{"title":"龙骧虎视","id":"LHS","album":"汉潘勖《册魏公九锡文》：“君龙骧虎视，旁眺八维，掩讨逆节，折冲四海。”","translation":"象龙马高昂着头，象老虎注视着猎物。形容人的气慨威武。也比喻雄才大略。","pronunciation":"lóngxiānghǔshì"}]}