{"items":[{"title":"鞭不及腹","id":"BBJF","album":"先秦左丘明《左传宣公十五年》：“虽鞭之长，不及马腹。”","translation":"及：到。指鞭子虽长，也不能打马肚子。比喻力量达不到","pronunciation":"biānbùjífù"},{"title":"各自为政","id":"GZWZ","album":"左丘明《左传宣公二年》：“畴昔之羊子为政，今日之事我为政。”","translation":"指各自在职权范围内按照自己的主张行事；不互相配合。比喻不考虑全局；各搞一套。","pronunciation":"gèzìwéizhèng"},{"title":"病入膏肓","id":"BRG","album":"先秦左丘明《左传成公十年》：“医至，曰：‘疾不可为也，在肓之上，膏之下，攻之不可，达之不及，药不至焉，不可为也。’公曰：‘良医也。’厚为之礼而归之。”","translation":"膏肓：我国古代医学名称；心尖脂肪叫“膏”；心脏和膈膜之间叫“肓”。古代认为“膏肓”是药力达不到的地方。后形容病情严重到无法治疗的程度。也比喻事态严重；无法挽救。也作“病在膏肓”。","pronunciation":"bìngrùgāohuāng"},{"title":"多难兴邦","id":"DNXB","album":"左丘明《左传昭公四年》：“邻国之难，不可虞也。或多难以固其国，启其疆土；或无难以丧其国，失其守宇。”","translation":"邦：国家。国家多灾多难，在一定条件下可以激励人民奋发图强，战胜困难，使国家强盛起来。","pronunciation":"duōnànxīngbāng"},{"title":"二竖为虐","id":"ESWN","album":"《左传·成公十年》：“公疾病，求医于秦。秦伯使医缓为之。未至，公梦疾为二竖子，曰：‘彼良医也，惧伤我，焉逃之？’其一曰：‘居肓之上，膏之下，若我何？’”","translation":"竖：小子；二竖：指病魔；虐：侵害。比喻疾病缠身。","pronunciation":"èrshùwéinüè"},{"title":"困兽犹斗","id":"KSYD","album":"先秦左丘明《左传宣公十二年》：“得臣犹在，忧未歇也。困兽犹斗，况国相乎！”","translation":"困兽：被围困的野兽；犹：还、仍；斗：搏斗。被围困的野兽还要搏斗。比喻陷于绝境的失败者还要顽抗。","pronunciation":"kùnshòuyóudòu"},{"title":"马首是瞻","id":"MSSZ","album":"先秦左丘明《左传襄公十四年》：“苟偃令曰：‘鸡鸣而驾，塞井夷灶，唯余马首是瞻。’”","translation":"首：头；是：指示代词；起提前受事成分的作用；瞻：往前或向上看。原指作战时士卒看主将的马头行事。后比喻服从指挥或依附某人。","pronunciation":"mǎshǒushìzhān"},{"title":"名列前茅","id":"MLQM","album":"先秦左丘明《左传宣公十二年》：“蔿敖为宰，择楚国之令典，军行，右辕，左追蓐，前茅虑无，中权，后劲。”","translation":"名：名次；前茅：春秋时楚国用茅草做报警用的旌旗；行军时拿着走在队伍的前面；作为报警的信号；故称“前茅”。比喻名次挂在前面。多指考试或竞赛等。","pronunciation":"mínglièqiánmáo"},{"title":"多行不义必自毙","id":"DXBYBZB","album":"先秦左丘明《左传隐公元年》：“多行不义，必自毙，子姑待之。”","translation":"坏事干多了，结果是自己找死。","pronunciation":"duōxíngbùyìbìzìbì"},{"title":"其貌不扬","id":"QMBY","album":"唐裴度《自题写真赞》：“尔才不长，尔貌不扬，胡为将，胡为相？”","translation":"其：他的；不扬：不出众。指人的外貌不漂亮。也形容器物不美观。","pronunciation":"qímàobùyáng"},{"title":"人心如面","id":"RXRM","album":"《左传·襄公三十一年》：“人心之不同，如其面焉，吾岂敢谓子面如吾面乎？”","translation":"心：指思想、感情等。指每个人的思想也象每个人的面貌一样，各不相同。","pronunciation":"rénxīnrúmiàn"},{"title":"风马牛不相及","id":"FMNBXJ","album":"先秦左丘明《左传僖公四年》：“君处北海，寡人处南海，唯是风马牛不相及也。”","translation":"风：放逸；走失；及：到达；碰头。指两地相隔很远；即使马、牛走失；也不会跑到对方境内。另种说法：兽类雌雄相诱叫“风”；马和牛不同类；不致相诱。比喻事物之间毫不相干。","pronunciation":"fēngmǎniúbùxiāngjí"},{"title":"食指大动","id":"SZDD","album":"《左传·宣公四年》：“楚人献鼋于郑灵公，公子宋与子家将见，子公之食指动。”","translation":"原指有美味可吃的预兆，后形容看到有好吃的东西而贪婪的样子。","pronunciation":"shízhǐdàdòng"},{"title":"同室操戈","id":"TSCG","album":"南朝宋范晔《后汉书郑玄传》：“康成入我室操吾矛以伐我乎？”","translation":"自家人动刀枪。泛指内部相争。操：拿；戈：古代的一种兵器。","pronunciation":"tóngshìcāogē"},{"title":"相敬如宾","id":"XJRB","album":"南朝宋范晔《后汉书逸民传庞公》：“居岘山之南，未尝入城府。夫妻相敬如宾。”","translation":"宾：贵客。互相敬重就像与宾客相处一样。","pronunciation":"xiāngjìngrúbīn"},{"title":"言犹在耳","id":"YYZE","album":"先秦左丘明《左传文公七年》：“今君虽终，言犹在耳。”","translation":"话音还在耳边回响。","pronunciation":"yányóuzàiěr"},{"title":"直言贾祸","id":"ZYJH","album":"先秦左丘明《左传成公十五年》：“子好直言，必及于难。”","translation":"直：坦率、直爽；贾：买，引伸为招致。指说话坦率的人会惹祸。","pronunciation":"zhíyángǔhuò"},{"title":"余勇可贾","id":"YYKJ","album":"先秦左丘明《左传成公二年》：“欲勇者贾余余勇。”杜预注：“贾，卖也。言已勇有余，欲卖之。”","translation":"余勇：剩下来的勇力；贾：卖。还有剩余下来的勇力可以卖给人家。原形容勇士的豪迈气概；后也可指力未使尽。","pronunciation":"yúyǒngkěgǔ"},{"title":"众怒难犯","id":"ZNNF","album":"先秦左丘明《左传襄公十年》：“众怒难犯，专欲难成，合二难以安国，危之道也。”","translation":"群众的愤怒不可触犯。","pronunciation":"zhòngnùnánfàn"},{"title":"不贪为宝","id":"BTWB","album":"《左传襄公十五年》，我以不贪为宝，尔以玉为宝，若以与我，皆丧宝也。","translation":"表示以不贪为可贵、崇高，也表示廉洁奉公。","pronunciation":"bùtānwébǎo"},{"title":"言不由衷","id":"YBYZ","album":"先秦左丘明《左传隐公三年》：信不由中，质无益也。杨伯峻注：“人言为信，中同衷。”","translation":"由：从；衷：内心。话不是从内心发出来的；即说的话不是出于真心实意；指心口不一。","pronunciation":"yánbùyóuzhōng"},{"title":"人非圣贤，孰能无过","id":"RFSXSNWG","album":"先秦左丘明《左传宣公二年》：“人谁无过，过而能改，善莫大焉。”","translation":"旧时指一般人犯错误是难免的。","pronunciation":"rénfēishèngxián，shúnéngwúguò"},{"title":"一字褒贬","id":"YZBB","album":"晋杜预《春秋经传集解序》：“《春秋》虽以一字为褒贬，然皆须数句以成言。”","translation":"一个字的褒扬或贬斥。泛指作文用字措辞严谨有分寸。","pronunciation":"yīzìbāobiǎn"},{"title":"同仇敌忾","id":"TCD","album":"《诗经秦风无衣》：“与子同仇。”先秦左丘明《左传文公四年》：“诸侯敌王所忾。”","translation":"同仇：共同对敌；敌：对抗，抵拒；忾：愤怒。指全体一致痛恨敌人。","pronunciation":"tóngchóudíkài"},{"title":"以小人之心，度君子之腹","id":"YXRZXDJZZF","album":"先秦左丘明《左传昭公二十八年》：“愿以小人之腹，为君子之心。”","translation":"用卑劣的心意去猜测品行高尚的人。","pronunciation":"yǐxiǎorénzhīxīn，duójūnzǐzhīfù"},{"title":"魏颗结草","id":"WKJC","album":"春秋晋魏颗不从父以嬖妾殉葬之命而遣嫁之，后与秦将杜回战于辅氏，“颗见老人结草以亢杜回，杜回踬而颠，故获之。夜梦之曰：‘余，而所嫁妇人之父也……余是以报。’”见《左传·宣公十五年》。","translation":"春秋晋魏颗不从父以嬖妾殉葬之命而遣嫁之，后与秦将杜回战于辅氏，“颗见老人结草以亢杜回，杜回踬而颠，故获之。夜梦之曰：‘余，而所嫁妇人之父也……余是以报。’”见《左传·宣公十五年》。后因以“魏颗结草”表示受恩深重，竭力报效之意。","pronunciation":"wèikējiécǎo"},{"title":"鞭长不及马腹","id":"BCBJMF","album":"先秦左丘明《左传宣公十五年》：“古人有言曰：‘虽鞭之长，不及马腹。’”","translation":"及：到。鞭子虽然很长，但是不应该打到马肚子。比喻力所不能及","pronunciation":"biānchángbùjímǎfù"},{"title":"齐大非偶","id":"QDFO","album":"先秦左丘明《左传桓公六年》：“齐侯欲以文姜妻郑大子忽，大子忽辞。人问其故，大子曰：‘人各有耦，齐大，非吾耦也。’”","translation":"指辞婚者表示自己门第或势位卑微，不敢高攀","pronunciation":"qídàfēiǒu"},{"title":"董狐直笔","id":"DHZB","album":"《左传·宣公二年》载：赵穿杀晋灵公，身为正卿的赵盾没有管，董狐认为赵盾应负责任，便在史策上记载说“赵盾弑其君”。为赵盾所杀。后孔子称赞说：“董狐，古之良史也，书法不隐。”","translation":"董狐：春秋时晋国的史官。直笔：根据事实，如实记载。指敢于秉笔直书，尊重史实，不阿权贵的正直史家。","pronunciation":"dǒnghúzhíbǐ"},{"title":"庚癸频呼","id":"GGPH","album":"《左传·哀公十三年》记载：春秋时吴王夫差与晋、鲁等国会盟，吴大夫申叔仪向鲁大夫公孙有山氏乞粮。回答说：“梁则无矣，粗粮有之，若登首山以呼，曰：‘庚癸乎！’则诺。”","translation":"庚、癸：军粮的隐语。原是军中乞粮的隐语。后指向人借钱。","pronunciation":"gēngguǐpínhū"},{"title":"河清难俟","id":"HQN","album":"左丘明《左传襄公八年》：“俟河之清，人寿几何？”","translation":"俟：等待。很难等到黄河水清。比喻时间太长，难以等待。","pronunciation":"héqīngnánsì"},{"title":"口血未干","id":"KXWG","album":"先秦左丘明《左传襄公九年》：“与大国盟，口血未干而背之，可乎？”","translation":"古时订立盟约，要在嘴上涂上牲口的血。指订约不久就毁约。","pronunciation":"kǒuxuèwèigān"},{"title":"宽猛相济","id":"KMXJ","album":"先秦左丘明《左传昭公二十年》：“政宽则民慢，慢则纠之以猛；猛则民残，残则施之以宽。宽以济猛，猛以济宽，政是以和。”","translation":"指政治措施要宽和严互相补充。","pronunciation":"kuānměngxiāngjì"},{"title":"南风不竞","id":"NFBJ","album":"先秦左丘明《左传襄公十八年》：“不害，吾骤歌北风，又歌南风，南风不竞，多死声，楚必无功。”","translation":"南风：南方的音乐；不竞：指乐音微弱。原指楚军战不能胜。后比喻竞赛的对手力量不强。","pronunciation":"nánfēngbùjìng"},{"title":"齐大非耦","id":"QDF","album":"《左传·桓公六年》：“齐侯欲以文姜妻郑大子忽，大子忽辞。人问其故，大子曰：‘人各有耦，齐大，非吾耦也。’”","translation":"旧时凡因不是门当户对而辞婚的，常用此话表示不敢高攀的意思。","pronunciation":"qídàfēiǒu"},{"title":"若敖鬼馁","id":"RAGN","album":"《左传·宣公四年》：“若敖氏之鬼，不其馁尔？”","translation":"若敖：指春秋时楚国的若敖氏；馁：饿。若敖氏的鬼受饿了。比喻没有后代，无人祭祀。","pronunciation":"ruòáoguǐněi"},{"title":"五世其昌","id":"WSQC","album":"先秦左丘明《左传庄公二十二年》：“有妫之后，将育于姜。五世其昌，并于正卿。八世之后，莫之与京。”","translation":"世：代；其：时间副词，交要。五世之后，子孙昌盛。旧时用于祝人新婚。","pronunciation":"wǔshìqíchāng"},{"title":"郐下无讥","id":"XWJ","album":"《左传·襄公二十九年》：“吴公子札来聘……为之歌《陈》，曰‘国无主，其能久乎！’自《郐》以下无讥焉。”杜预注：“《郐》第十三，《曹》第十四。言季子闻此二国歌，不复讥论之，以其微也。”","translation":"《左传·襄公二十九年》：“吴公子札来聘……为之歌《陈》，曰‘国无主，其能久乎！’自《郐》以下无讥焉。”杜预注：“《郐》第十三，《曹》第十四。言季子闻此二国歌，不复讥论之，以其微也。”后以“郐下无讥”言其微不足道。","pronunciation":"kuàixiàwújī"},{"title":"鞭长莫及","id":"BCMJ","album":"清昭槤《啸亭续录魏柏乡相公》：“滇、黔、蜀、粤地方边远，今将满兵遽撤，恐一旦有变，有鞭长莫及之虞。”","translation":"鞭：马鞭子；莫：不；及：够得上。马鞭虽长；但打不到马肚子上。原意是说即使有力量；也使不得；因为马肚子不是鞭打的地方。后比喻力量达不到。","pronunciation":"biānchángmòjí"},{"title":"宾至如归","id":"BZRG","album":"先秦左丘明《左传襄公三十一年》：“宾至如归，无宁灾患，不畏寇盗，而亦不患燥湿。”","translation":"宾：来宾；客人；至：到；归：回家。客人来到这里；就如同回到自己家一样。形容旅店、饭店等招待周到；起居饮食舒适；来客感到满意。","pronunciation":"bīnzhìrúguī"},{"title":"楚材晋用","id":"CCJY","album":"左丘明《左传襄公二十六年》：“晋卿不如楚，其大夫则贤，皆卿材也。如杞梓、皮革，自楚往也。虽楚有材，晋实用之。”","translation":"楚国的人才为晋国所用。比喻本国的人才外流到别的国家工作。","pronunciation":"chǔcáijìnyòng"},{"title":"唇亡齿寒","id":"CWCH","album":"先秦左丘明《左传僖公五年》：“谚所谓‘辅车相依，唇亡齿寒’者，其虞虢之谓也。”","translation":"亡：没有。嘴唇没有了；牙齿就会感到寒冷。比喻两者关系密切；相互依存；利害相关。","pronunciation":"chúnwángchǐhán"},{"title":"唇亡齿寒","id":"CWCH","album":"先秦左丘明《左传僖公五年》：“谚所谓‘辅车相依，唇亡齿寒’者，其虞虢之谓也。”","translation":"亡：没有。嘴唇没有了；牙齿就会感到寒冷。比喻两者关系密切；相互依存；利害相关。","pronunciation":"chúnwángchǐhán"},{"title":"不以一眚掩大德","id":"BYYYDD","album":"先秦左丘明《左传僖公三十三年》：“大夫何罪？且吾不以一眚掩大德。”","translation":"以：因；眚：过失，错误；掩：遮蔽，遮盖；德：德行。不因为一个人有个别的错误而抹杀他的大功绩。","pronunciation":"bùyǐyīshěngyǎndàdé"},{"title":"皮之不存，毛将焉附","id":"PZBCMJYF","album":"先秦左丘明《左传僖公十四年》：“皮之不存，毛将安傅？”","translation":"焉：哪儿；附：依附。皮都没有了，毛往哪里依附呢？比喻事物失去了借以生存的基础，就不能存在。","pronunciation":"pízhībùcún，máojiāngyānfù"},{"title":"庆父不死，鲁难未已","id":"QFBSLNWY","album":"先秦左丘明《左传闵公元年》：“不去庆父，鲁难未已。”","translation":"不杀掉庆父，鲁国的灾难不会停止。比喻不清除制造内乱的罪魁祸首，就得不到安宁。","pronunciation":"qìngfùbùsǐ，lǔnànwèiyǐ"},{"title":"十年生聚，十年教训","id":"SNSJSNJX","album":"《左传·哀公元年》：“越十年生聚，而十年教训，二十年之外，吴其为沼乎！”","translation":"生聚：繁殖人口，聚积物力；教训：教育，训练。指军民同心同德，积聚力量，发愤图强，以洗刷耻辱。","pronunciation":"shíniánshēngjù，shíniánjiàoxùn"},{"title":"三折肱为良医","id":"SZWLY","album":"先秦左丘明《左传定公十三年》：“三折肱知为良医。”","translation":"几次断臂，就能懂得医治断臂的方法。后比喻对某事阅历多，富有经验，自能造诣精深。","pronunciation":"sānzhégōngwéiliángyī"},{"title":"怀璧其罪","id":"HQZ","album":"左丘明《左传桓公十年》：“匹夫无罪，怀璧其罪。”","translation":"怀：怀藏。身藏璧玉，因此获罪。原指财能致祸。后也比喻有才能而遭受忌妒和迫害。","pronunciation":"huáibìqízuì"},{"title":"蹊田夺牛","id":"TDN","album":"《左传·宣公十一年》：“‘牵牛以蹊人之田，而夺之牛。’牵牛以蹊者，信有罪矣；而夺之牛，罚已重矣。”","translation":"蹊：践踏；夺：强取。因牛践踏了田，抢走人家的牛。比喻罪轻罚重。","pronunciation":"xītiánduóniú"},{"title":"一鼓作气","id":"YGZQ","album":"先秦左丘明《左传庄公十年》：“夫战，勇气也。一鼓作气，再而衰，三而竭。”","translation":"一鼓：第一次击鼓；作：振作；气：士气。作战时第一次敲鼓可以鼓起战士的锐气。比喻趁劲足时一下子把事情完成。","pronunciation":"yīgǔzuòqì"},{"title":"欲盖弥彰","id":"YGMZ","album":"先秦左丘明《左传昭公七年》：“或求名而不得，或欲盖而名章，惩不义也。”","translation":"盖：遮掩；弥：更加；彰：明显。要掩盖坏事的真相；结果反而暴露得更加明显。","pronunciation":"yùgàimízhāng"},{"title":"有备无患","id":"YBWH","album":"先秦左丘明《左传襄公十一年》：“《书》曰：‘居安思危。’思则有备，有备无患。”","translation":"备：防备；患：患难；灾祸。事先有防备就可能避免灾祸。","pronunciation":"yǒubèiwúhuàn"},{"title":"数典忘祖","id":"SDWZ","album":"《左传昭公十五年》：“籍父其无后乎！数典而忘其祖。”","translation":"数：数说；典：史册。数说着典籍；却忘记了自己祖宗的事。后用以比喻忘了事物的原本、根由。现在比喻对于本国历史的无知。","pronunciation":"shǔdiǎnwàngzǔ"},{"title":"宴安鸩毒","id":"YAD","album":"《左传闵公元年》：“宴安鸩毒，不可怀也。”杜预注：“以宴安比之鸩毒。”","translation":"比喻耽于逸乐而杀身。","pronunciation":"yànānzhèndú"},{"title":"班荆道故","id":"BJDG","album":"先秦左丘明《左传襄公二十六年》：“伍举奔郑，将遂奔晋。声子将如晋，遇之于郑郊，班荆与食，而言复故。”杜预注：“班：布也。”","translation":"班：铺开；道：叙说。用荆铺在地上坐在上面谈说过去的事情。形容老朋友在路上碰到了，坐下来谈谈别后的情况。","pronunciation":"bānjīngdàogù"},{"title":"不宁唯是","id":"BNWS","album":"先秦左丘明《左传昭公元年》：“不宁唯是，又使围蒙其先君。”","translation":"宁：请助词，无义；唯：只是；是：这样。不只是这样。即不仅如此。","pronunciation":"bùníngwéishì"},{"title":"灭此朝食","id":"MCCS","album":"先秦左丘明《左传成公二年》：“齐侯曰：‘余姑翦灭此而朝食！’”","translation":"此：代词；指敌人；朝食：吃早饭。意思是消灭了这伙敌人再吃早饭。表示消灭敌人的急切心情或对敌人的仇恨蔑视。","pronunciation":"miècǐzhāoshí"},{"title":"莫予毒也","id":"MYDY","album":"先秦左丘明《左传僖公二十八年》：“晋侯闻之而后喜可知也，曰：‘莫余毒也已。’”","translation":"莫：没有谁；予：我；毒：危害；也：语助词。没有人能危害我了。表示可以为所欲为了。","pronunciation":"mòyúdúyě"},{"title":"噬脐莫及","id":"SQMJ","album":"唐高彦休《唐阙史卢相国指挥镇州事》：“一失其机，噬脐无及。”","translation":"噬脐：用嘴咬肚脐。象咬自己肚脐似的，够不着。比喻后悔也来不及。","pronunciation":"shìqímòjí"},{"title":"上下其手","id":"SXQS","album":"唐周矩《为索元礼首按制狱疏》：“微讽动以探其情，所推者必上下其手，希圣旨也。”","translation":"比喻暗中勾结；随意玩弄手法；串通作弊。","pronunciation":"shàngxiàqíshǒu"},{"title":"噬脐何及","id":"SQHJ","album":"先秦左丘明《左传庄公六年》：“若不早图，后君噬齐（脐），其及图之乎？”","translation":"噬脐：用嘴咬肚脐。象咬自己肚脐似的，够不着。比喻后悔也来不及。","pronunciation":"shìqíhéjí"},{"title":"无能为役","id":"WNWY","album":"《左传·成公二年》：“此城濮之赋也。有先君之明与先大夫之肃，故捷。克于先大夫，无能为役。”","translation":"役：役使。简直连供给他们役使都不配。自谦才干远不能和别人相比。","pronunciation":"wúnéngwéiyì"},{"title":"宴安鸠毒","id":"YAD","album":"先秦左丘明《左传闵公元年》：“宴安鸠毒，不可怀也。”","translation":"宴安：贪图安逸、享乐；鸠毒：喝毒酒自杀。安乐就象毒药。指贪图享受就等于喝毒酒自杀。","pronunciation":"yànānzhèndú"},{"title":"一之谓甚","id":"YZWS","album":"先秦左丘明《左传僖公五年》：“晋不可启，寇不可玩。一之谓甚，其可再乎？”","translation":"甚：过分。做了一次，已经过分。比喻错误不能重犯。","pronunciation":"yīzhīwèishèn"},{"title":"不逞之徒","id":"BCZT","album":"先秦左丘明《左传襄公十年》：“司氏、堵氏、侯氏、子师氏皆丧田焉，故五族聚群不逞之人，因公子之徒以作乱。”","translation":"不逞：不得志，不如意；徒：人（含贬义）。因心怀不满而闹事捣乱的人。","pronunciation":"bùchěngzhītú"},{"title":"城下之盟","id":"CXZM","album":"先秦左丘明《左传桓公十二年》：“大败之，为城下之盟而还。”","translation":"盟：盟约；和约。因强敌兵临城下而被迫签订的屈辱性和约。","pronunciation":"chéngxiàzhīméng"},{"title":"从善如流","id":"CSRL","album":"先秦左丘明《左传成公八年》：“君子曰：‘从善如流，宜哉！’”","translation":"从：听从；善：指高明正确的意见和建议；如流：像水从高处流下那么快。听从高明正确的意见和建议就像水从高处流下来一样顺畅。形容乐于接受别人提出的正确意见。","pronunciation":"cóngshànrúliú"},{"title":"大义灭亲","id":"DYMQ","album":"先秦左丘明《左传隐公四年》：“大义灭亲，其是之谓乎？”","translation":"为了维护正义；对犯了罪的亲属不包庇；使之受到应得的惩处。","pronunciation":"dàyìmièqīn"},{"title":"大义灭亲","id":"DYMQ","album":"先秦左丘明《左传隐公四年》：“大义灭亲，其是之谓乎？”","translation":"为了维护正义；对犯了罪的亲属不包庇；使之受到应得的惩处。","pronunciation":"dàyìmièqīn"},{"title":"东道主","id":"DDZ","album":"左丘明《左传僖公三十年》：“若舍郑以为东道主，行李之往来，共其乏困，君亦无所害。”","translation":"泛指接待或宴客的主人。","pronunciation":"dōngdàozhǔ"},{"title":"冬日可爱","id":"DRKA","album":"左丘明《左传文公七年》：“赵衰，冬日之日也；赵盾，夏日之日也。”杜预注“冬日可爱，夏日可畏。”","translation":"如同冬天里的太阳那样使人感到温暖、亲切。比喻人态度温和慈爱，使人愿意接近。","pronunciation":"dōngrìkěài"},{"title":"膏肓之疾","id":"GZJ","album":"《左传·成公十年》：“在肓之上，膏之下，攻之不可，达之不及，药不至焉，不可为也。”","translation":"指不可医治的绝症。","pronunciation":"gāohuāngzhījí"},{"title":"华而不实","id":"HEBS","album":"先秦左丘明《左传文公五年》：“且华而不实，怨之所聚也。”","translation":"华；同“花”；开花；实：结果实。光开花；不结果。比喻外表好看；内里空虚；有名无实。","pronunciation":"huáérbùshí"},{"title":"假途灭虢","id":"JTM","album":"明罗贯中《三国演义》第56回：“此乃假途灭虢之计也。虚名收川，实取荆州。”","translation":"泛指用借路的名义而灭亡这个国家。","pronunciation":"jiǎtúmièguó"},{"title":"量力而行","id":"LLEX","album":"先秦左丘明《左传昭公十五年》：“力能则进，否则退，量力而行。”","translation":"量：估量；估计；行：做；干。衡量自己的力量去行事。","pronunciation":"liànglìérxíng"},{"title":"聊以卒岁","id":"LYZS","album":"先秦左丘明《左传襄公二十一年》：“人谓叔向曰：‘子离于罪，其为不知乎？’叔向曰：‘与其死亡若何？诗曰：优哉游哉，聊以卒岁。知也。’”","translation":"聊：姑且；勉强；卒：尽；终；岁：一年。姑且这样度过一年。本指逍遥自在地度日。现用以形容生活的艰难。","pronunciation":"liáoyǐzúsuì"},{"title":"疲于奔命","id":"PYBM","album":"南朝宋范晔《后汉书袁绍传》：“使敌疲于奔命，人不得安业，我未劳而彼已困，不及三年，可坐剋也。”","translation":"疲：疲乏；劳累；奔命：奉命奔走。原指因奉命到处奔走；精疲力竭。后指忙于奔走应付；非常疲劳。也形容事情繁多；忙得精疲力尽。","pronunciation":"píyúbēnmìng"},{"title":"食言而肥","id":"SYEF","album":"先秦左丘明《左传哀公二十五年》：“是食言多矣，能无肥乎？”","translation":"食言：失信。指不守信用，只图自己占便宜。","pronunciation":"shíyánérféi"},{"title":"心腹之患","id":"XFZH","album":"南朝宋范晔《后汉书陈蕃传》：“今寇贼在处，四支之疾；内政不理，心腹之患。”","translation":"比喻隐藏在内部的严重祸害。心腹：这里指内部；患：祸害。","pronunciation":"xīnfùzhīhuàn"},{"title":"行将就木","id":"XJJM","album":"先秦左丘明《左传僖公二十三年》：“我二十五年矣，又如是而嫁，则就木焉。请待子。”","translation":"指人寿命已经不长；快要进棺材了。行将：快要；木：棺材。","pronunciation":"xíngjiāngjiùmù"},{"title":"一国三公","id":"YGSG","album":"先秦左丘明《左传僖公五年》：“一国三公，吾谁适从？”","translation":"公：古代诸侯国君的通称。一个国家有三个主持政事的人。比喻事权不统一，使人不知道听谁的话好。","pronunciation":"yīguósāngōng"},{"title":"一见如故","id":"YJRG","album":"先秦左丘明《左传襄公二十九年》：“聘于郑，见子产，如旧相识。”","translation":"故：故人；老朋友。初次相见就像老朋友一样。形容彼此一接触就情投意合。","pronunciation":"yījiànrúgù"},{"title":"包藏祸心","id":"BCHX","album":"先秦左丘明《左传昭公元年》：“小国无罪，恃实其罪。将恃大国之安靖已，而无乃包藏祸心以图之。”","translation":"包藏：暗藏；祸心：害人之心。表示心里藏着坏主意；怀着害人的意图。","pronunciation":"bāocánghuòxīn"},{"title":"知难而退","id":"ZNET","album":"先秦左丘明《左传僖公二十八年》：“军志曰：‘允当则归。’又曰：‘知难而退。’”","translation":"知道困难就退却下来。","pronunciation":"zhīnánértuì"},{"title":"铤而走险","id":"EZX","album":"《左传文公十七年》：“小国之事大国也，德则其人也，不德则其鹿也，铤而走险，急何能择？”","translation":"指在无路可走的时候采取冒险行为。铤：快跑的样子；走险：奔赴险地。","pronunciation":"tǐngérzǒuxiǎn"},{"title":"不辨菽麦","id":"BBM","album":"先秦左丘明《左传成公十八年》：“周子有兄而无慧，不能辨菽麦。”杜预注：“菽，大豆也。豆麦殊形易别，故以为痴者之候。”","translation":"辨：分清；菽：豆类。分不清豆子和麦子。形容愚昧无知；或指缺乏实际生产知识。","pronunciation":"bùbiànshūmài"},{"title":"假道灭虢","id":"JDM","album":"《左传僖公二年》：“晋荀息请以屈产之乘，与垂棘之璧，假道于虞以伐虢。”","translation":"假：借；道：道路；虢：春秋时诸侯国，在今山西平陆及河南三门峡一带。泛指用借路的名义而灭亡这个国家。","pronunciation":"jiǎdàomièguó"},{"title":"泱泱大风","id":"DF","album":"《左传襄公二十九年》：“为之歌《齐》，曰：'美哉，泱泱乎，大风也哉！表东海者，其大公乎！国未可量也。'”","translation":"泱泱：宏大的样子。指气魄宏大的大国风度。","pronunciation":"yāngyāngdàfēng"},{"title":"不自量力","id":"BZLL","album":"唐玄奘《大唐西域记摩揭陀国上》：“今诸外道不自量力，结党连群，敢声论鼓，惟愿大师摧诸异道。”","translation":"量：估计。不能估计自己的力量。指过高估计自己的实力。","pronunciation":"bùzìliànglì"},{"title":"量力而为","id":"LLEW","album":"《左传昭公十五年》：“力能则进，否则退，量力而行。”","translation":"量：估量。按照自己力量的大小去做，不要勉强。","pronunciation":"liànglìérwéi"},{"title":"北门之管","id":"BMZG","album":"先秦左丘明《左传僖公三十二年》：“杞子自郑使告于秦曰：‘郑人使我掌其北门之管，若潜师以来，国可得也。’”杜预注：“管，钥也。”","translation":"管：钥匙。表示军事要地或守御重任","pronunciation":"běiménzhīguǎn"},{"title":"北门锁钥","id":"BMSY","album":"宋孔平仲《孔氏谈苑》第五卷：“寇莱公守北门，虏使经由，问曰：‘相公望重，何以不在中书？’答曰：‘主上以朝廷无事，北门锁钥非准不可。’”","translation":"原指北城门上的锁和钥匙。后借指北方的军事要地。","pronunciation":"běiménsuǒyuè"},{"title":"表里山河","id":"BLSH","album":"先秦左丘明《左传僖公二十八年》：“子犯曰：‘战也。战而捷，必得诸侯。若其不捷，表里山河，必无害也。’”杜预注：“晋国外河而内山。”","translation":"表里：即内外。外有大河，内有高山。指有山河天险作为屏障。","pronunciation":"biǎolǐshānhé"},{"title":"高下在心","id":"GXZX","album":"左丘明《左传宣公十五年》：“天方授楚，未可与争，虽晋之强，能违天乎？谚曰：‘高下在心。’”","translation":"高下：比喻伸和屈。原意是做事要斟酌情况，采取适当办法。后形容能胸有成竹地处理事情。","pronunciation":"gāoxiàzàixīn"},{"title":"庚癸之呼","id":"GGZH","album":"《左传·哀公十三年》记载：春秋时吴王夫差与晋、鲁等国会盟，吴大夫申叔仪向鲁大夫公孙有山氏乞粮。回答说：“梁则无矣，粗粮有之，若登首山以呼，曰：‘庚癸乎！’则诺。”","translation":"庚、癸：军粮的隐语。原是军中乞粮的隐语。后指向人借钱。","pronunciation":"gēngguǐzhīhū"},{"title":"贪天之功","id":"TTZG","album":"先秦左丘明《左传僖公二十四年》：“窃人之财，犹谓之盗，况贪天之功以为己力乎。”","translation":"贪：贪图。把天所成就的功绩说成是自己的力量。现指抹杀群众或领导的力量，把功劳归于自己。","pronunciation":"tāntiānzhīgōng"},{"title":"河鱼腹疾","id":"HYFJ","album":"先秦左丘明《左传宣公十二年》：“河鱼腹疾，奈何？”","translation":"指腹泻。","pronunciation":"héyúfùjí"},{"title":"好整以暇","id":"HZYX","album":"左丘明《左传成公十六年》：“日臣之使于楚也，子重问晋国之勇。臣对曰：‘好以众整。’曰：‘又何如？’臣对曰：‘好以暇。’”","translation":"整：严整；暇：不急迫。形容既严整，又从容。也指事情虽多，仍旧从容不迫。","pronunciation":"hàozhěngyǐxiá"},{"title":"及瓜而代","id":"JGED","album":"《左传·庄公八年》：“齐侯使连称，管至父戍葵丘。瓜时而往，曰：‘及瓜而代。’”","translation":"及：到。到明年瓜熟时派人接替。指任职期满由他人继任。","pronunciation":"jíguāérdài"},{"title":"南冠楚囚","id":"NGCQ","album":"《左传·成公九年》：“晋侯观于军府，见钟仪，问之曰：‘南冠而絷者，谁也？’有司对曰：‘郑人所献楚囚也。’使税之，召而吊之。再拜稽首。”","translation":"南冠：楚国在南方，因此称楚冠为南冠。本指被俘的楚国囚犯。后泛称囚犯或战俘。","pronunciation":"nánguānchǔqiú"},{"title":"秦庭之哭","id":"QTZK","album":"北周庾信《哀江南赋》：“鬼同曹社之谋，人有秦庭之哭。”","translation":"原指向别国请求救兵。后也指哀求别人救助。","pronunciation":"qíntíngzhīkū"},{"title":"生聚教训","id":"SJJX","album":"先秦左丘明《左传哀公元年》：“越十年生聚，而十年教训，二十年之外，吴其为沼乎！”","translation":"生聚：繁殖人口，聚积物力；教训：教育，训练。指军民同心同德，积聚力量，发愤图强，以洗刷耻辱。","pronunciation":"shēngjùjiàoxùn"},{"title":"天夺之魄","id":"TDZP","album":"《左传·宣公十五年》：“原叔必有大咎，天夺之魄矣。”《晋书·温峤传》：“天夺其魄，死期将至。”","translation":"魄：魂魄。天夺去了他的魂魄。比喻人离死不远。","pronunciation":"tiānduózhīpò"},{"title":"相惊伯有","id":"XJBY","album":"先秦左丘明《左传昭公七年》：“郑人相惊以伯有，曰：‘伯有至矣。’则皆走，不知所往。”","translation":"伯有：春秋时郑国大夫良霄的字，相传他死后鬼魂作祟。形容无缘无故自相惊扰。","pronunciation":"xiāngjīngbóyǒu"},{"title":"唯命是从","id":"WMSC","album":"先秦左丘明《左传昭公十二年》：“今周与四国服事君王，将唯命是从，岂其爱鼎？”","translation":"只要有命令就听从；形容完全服从命令。唯：唯独；命：命令。","pronunciation":"wéimìngshìcóng"},{"title":"唯利是图","id":"WLST","album":"晋葛洪《抱朴子》：“名过其实，由于夸诳，内抱贪浊，惟利是图。”","translation":"只要有利就去追求。惟：只有；惟独；图：贪图；追求。","pronunciation":"wéilìshìtú"},{"title":"无所适从","id":"WSSC","album":"宋姚宽《西溪丛语》：“观古今诸家潮之说者多矣……源殊派异，无所适从。”","translation":"适：往；从：听从；跟从。不知听从哪一个好。指不知怎么办才好。","pronunciation":"wúsuǒshìcóng"},{"title":"河鱼之疾","id":"HYZJ","album":"《左传宣公十二年》：“河鱼腹疾，奈何？”","translation":"河鱼：腹疾的隐称，因鱼腐烂是从腹中开始而得名。指腹泻。","pronunciation":"héyúzhījí"},{"title":"山河表里","id":"SHBL","album":"语出《左传·僖公二十八年》：“楚师背酅而舍。晋侯患之，听舆人之诵曰：‘原田每每，舍其旧而新是谋。’公疑焉。子犯曰：‘战也！战而捷，必得诸侯；若其不捷，表里山河，必无害也。’”","translation":"语出《左传僖公二十八年》：“楚师背酅而舍。晋侯患之，听舆人之诵曰：‘原田每每，舍其旧而新是谋。’公疑焉。子犯曰：‘战也！战而捷，必得诸侯；若其不捷，表里山河，必无害也。’”后以“山河表里”形容形势险要。","pronunciation":"shānhébiǎolǐ"},{"title":"析骸以爨","id":"XHY","album":"《左传宣公十五年》载曰：敝邑易子而食，析骸以爨。","translation":"指被围日久，粮尽柴绝的困境。亦以形容战乱或灾荒时期百姓的悲惨生活。","pronunciation":"xīháiyǐcuàn"},{"title":"自郐以下","id":"ZYX","album":"先秦左丘明《左传襄公二十九年》：“自郐以下无讥焉。”","translation":"吴国的季礼在鲁国看周代的乐舞，对于各诸侯国的乐曲都有评论，但从刽国以下他就没有再表示意见。比喻从某某以下就不值得评论。","pronunciation":"zìkuàiyǐxià"},{"title":"若敖之鬼","id":"RAZG","album":"《左传宣公四年》：“鬼犹求食，若敖氏之鬼，不其馁尔？”","translation":"若敖：指春秋时楚国的若敖氏。若敖氏的鬼将因灭宗而无人祭祀。比喻没有后代，无人祭祀。","pronunciation":"ruòáozhīguǐ"},{"title":"自诒伊戚","id":"ZYQ","album":"《诗经小雅小明》：“心之忧矣，自诒伊戚。”《左传宣公二年》：“乌呼，我之怀矣，自诒伊戚，其我之谓矣。”","translation":"自寻烦恼；自招灾殃。","pronunciation":"zìyíyīqī"},{"title":"言归于好","id":"YGYH","album":"先秦左丘明《左传僖公九年》：“凡我同盟之人，既盟之后，言归于好。”","translation":"言：文言中用在句首的虚词；没有实际意义；归于：回到。指重新和好。","pronunciation":"yánguīyúhǎo"},{"title":"断章取义","id":"DZQY","album":"先秦左丘明《左传襄公二十八年》：“赋《诗》断章，余取所求焉。”","translation":"原指引用《诗经》中某一篇章的诗句；借用来表达自己的意思；并不是所引诗篇的原意。后泛指引用别人的诗文或谈话；只根据自己的理解或需要截取片断或部分；而不顾全文和原意。","pronunciation":"duànzhāngqǔyì"},{"title":"冒天下之大不韪","id":"MTXZDB","album":"先秦左丘明《左传隐公十一年》：“犯五不韪，而以伐人，其丧师也，不亦宜乎？”","translation":"不韪：不是，错误。去干普天下的人都认为不对的事情。指不顾舆论的遣责而去干坏事。","pronunciation":"màotiānxiàzhīdàbùwéi"},{"title":"叹为观止","id":"TWGZ","album":"先秦左丘明《左传襄公二十九年》：“德至矣哉，大矣！如天之无不帱也，如地之无不载也。虽甚盛德，其蔑以加于此矣，观止矣。若有他乐，吾不敢请已。”","translation":"看到这里就够了；不必再看别的。指赞美所见的事物好到极点。","pronunciation":"tànwéiguānzhǐ"},{"title":"玩火自焚","id":"WHZF","album":"先秦左丘明《左传隐公四年》：“夫兵，犹火也，弗戢，将自焚也。”","translation":"玩火的必定会烧了自己。比喻干冒险或害人的勾当；最后受害的还是自己。玩：玩弄；焚：烧。","pronunciation":"wánhuǒzìfén"},{"title":"先声夺人","id":"XSDR","album":"先秦左丘明《左传昭公二十一年》：“军志有之：先人有夺人之心，后人有待其衰。”","translation":"声：声势；夺人：指动摇人心。先张扬自己的声势以压倒对方。也比喻做事抢先一步。","pronunciation":"xiānshēngduórén"},{"title":"狼子野心","id":"LZYX","album":"先秦左丘明《左传宣公四年》：“子文曰：‘必杀之。是子也，熊虎之状，而豺狼之声，弗杀，必灭若敖氏矣。’谚曰：狼子野心。是乃狼也，其可畜乎？”","translation":"狼子：狼崽子；幼小的狼；野心：野兽凶残的本性。狼崽子虽小却有野兽的凶残本性。比喻坏人凶残的秉性或疯狂的欲望。","pronunciation":"lángzǐyěxīn"},{"title":"有恃无恐","id":"YSWK","album":"先秦左丘明《左传僖公二十六年》：“齐候曰：‘室如悬罄，野无青草，何恃而不恐？’对曰：‘恃先王之命。’”","translation":"恃：依仗；依靠；恐：害怕。因为有所依仗而无所畏惧；毫无顾忌。","pronunciation":"yǒushìwúkǒng"},{"title":"尾大不掉","id":"WDBD","album":"先秦左丘明《左传昭公十一年》：“末大必折，尾大不掉。”","translation":"掉：摇动。尾巴太大，掉转不灵。旧时比喻部下的势力很大，无法指挥调度。现比喻机构庞大，指挥不灵。","pronunciation":"wěidàbùdiào"},{"title":"无以复加","id":"WYFJ","album":"东汉班固《汉书王莽传下》：“宜崇其制度，宣视海内，且令万世之后无以复加也。”","translation":"复：再。再也不能超过。指程度达到了顶点。","pronunciation":"wúyǐfùjiā"},{"title":"劳师袭远","id":"LSXY","album":"《左传·僖公三十二年》：“劳师以袭远，非所闻也。”","translation":"发动军队袭击远方的敌人，多指冒险的军事活动。","pronunciation":"láoshīxíyuǎn"},{"title":"爱鹤失众","id":"AHSZ","album":"先秦左丘明《左传闵公二年》：“狄人伐卫，卫懿公好鹤，鹤有乘轩者。将战，国人受甲者皆曰：‘使鹤，鹤有禄位。余焉能战？’”","translation":"比喻因小失大。","pronunciation":"àihèshīzhòng"},{"title":"背城借一","id":"BCJY","album":"先秦左丘明《左传成公二年》：“请收合余烬，背城借一。”","translation":"背城：背向自己的城堡；借一：凭借最后一战。背靠自己的城堡与敌人决一死战。意谓作最后的奋斗。","pronunciation":"bèichéngjièyī"},{"title":"怙恶不悛","id":"EB","album":"先秦左丘明《左传隐公六年》：“长恶不悛，从自及也。虽欲救之，其将能乎？”","translation":"一贯作恶；屡教不改。怙：坚持；悛：悔改。","pronunciation":"hù"},{"title":"杀敌致果","id":"SDZG","album":"先秦左丘明《左传宣公二年》：“杀敌为果，致果为毅。”","translation":"致：使得到；果：果敢除敌。勇敢杀敌，建立战功。","pronunciation":"shādízhìguǒ"},{"title":"避君三舍","id":"BJSS","album":"先秦左丘明《左传僖公二十三年》：“若以君之灵，得反晋国，晋楚治兵，遇于中原，其避君三舍。”","translation":"舍：古代计量单位，1舍＝30里。指退让和回避","pronunciation":"bìjūnsānshě"},{"title":"后悔无及","id":"HHWJ","album":"左丘明《左传哀公六年》：“既成谋矣，盍及其未作也，先诸？作而后悔，亦无及也。”","translation":"指后悔已经来不及了","pronunciation":"hòuhuǐwújí"},{"title":"奉若神明","id":"FRSM","album":"左丘明《左传襄公十四年》：“敬之如神明。”","translation":"奉：信奉；神明：神灵的总称。对某人或某事物尊崇信奉得像迷信的人崇信神灵一样。","pronunciation":"fèngruòshénmíng"},{"title":"悔之无及","id":"HZWJ","album":"晋陈寿《三国志董卓传》：“及溺乎船，悔之无及。”","translation":"无及：来不及。后悔也来不及了。指做事或说话不当；过后才察觉到；但已经无可挽回。","pronunciation":"huǐzhīwújí"},{"title":"举棋不定","id":"JQBD","album":"先秦左丘明《左传襄公二十五年》：“弈者举棋不定，不胜其耦。”","translation":"举：拿起；拿着。拿着棋子不知道该怎么下。比喻临事犹豫不决；拿不定主意。","pronunciation":"jǔqíbùdìng"},{"title":"贪得无厌","id":"TDWY","album":"《四游记三至岳阳飞度》：“洞宾叹曰：‘人心贪得无厌，一至于此！’”","translation":"贪：求多；得：获取；厌：满足。追求财物没有满足的时候。","pronunciation":"tāndéwúyàn"},{"title":"退避三舍","id":"TBSS","album":"先秦左丘明《左传僖公二十三年》：“若以君之灵，得反晋国，晋楚治兵，遇于中原，其辟君三舍。”","translation":"后退九十里。比喻为避免冲突；向对方作出回避或让步。舍：古时行军；一舍为三十里。","pronunciation":"tuìbìsānshè"},{"title":"退避三舍","id":"TBSS","album":"先秦左丘明《左传僖公二十三年》：“若以君之灵，得反晋国，晋楚治兵，遇于中原，其辟君三舍。”","translation":"后退九十里。比喻为避免冲突；向对方作出回避或让步。舍：古时行军；一舍为三十里。","pronunciation":"tuìbìsānshè"},{"title":"后悔不及","id":"HHBJ","album":"《左传哀公六年》：“既成谋矣，何及其未作也，先诸？作而后悔，亦无及也。”","translation":"后悔已经来不及了。","pronunciation":"hòuhuǐbùjí"},{"title":"藏垢纳污","id":"CGNW","album":"先秦左丘明《左传宣公十五年》：“川泽纳污，山薮藏疾，瑾瑜匿瑕，国君含垢，天之道也。”","translation":"垢、污：肮脏的东西；纳：容纳。比喻包容坏人坏事。也比喻居上位者有容人之量；能够容忍有损自己的言行。也作“藏污纳垢”。","pronunciation":"cánggòunàwū"},{"title":"藏污纳垢","id":"CWNG","album":"清孙雨林《皖江血定计》：“收回那十八省剩水残山，洗尽这二百年藏污纳垢。”","translation":"污、垢：肮脏的东西。比喻隐藏或包容坏人坏事。","pronunciation":"cángwūnàgòu"},{"title":"尔虞我诈","id":"EYWZ","album":"先秦左丘明《左传宣公十五年》：“我无尔诈，尔无我虞。”","translation":"尔：你；虞：猜测。意思是我骗你；你骗我；互相欺骗。","pronunciation":"ěryúwǒzhà"},{"title":"刚愎自用","id":"GZY","album":"先秦左丘明《左传宣公十二年》：“刚愎不仁，未肯用命。”","translation":"刚：强硬。愎：固执；任性。刚愎：倔强固执；不接受别人的意见。自用：自以为是。固执任性；自以为是。","pronunciation":"gāngbìzìyòng"},{"title":"魂飞魄散","id":"HFPS","album":"左丘明《左传昭公二十五年》：“心之精爽，是谓魂魄；魂魄去之，何以能久？”","translation":"魂：灵魂；魄：是指所谓依附形体而显现的精神。指魂飞了；魄也散了。形容极度惊恐。","pronunciation":"húnfēipòsàn"},{"title":"骄奢淫逸","id":"JSYY","album":"先秦左丘明《左传隐公三年》：“骄、奢、淫、佚，所自邪也。”","translation":"骄：骄横；奢：奢侈；淫：荒淫；逸：安逸、放荡。骄纵、奢侈、淫乱、放荡。形容生活放纵奢移；荒淫无度。","pronunciation":"jiāoshēyínyì"},{"title":"艰难险阻","id":"JNXZ","album":"左丘明《左传僖公二十八年》：“晋侯在外十九年矣，而果得晋国，险阻艰难，备尝之矣。”","translation":"险阻：险恶阻塞的地方。指前进过程中遇到的困难、危险和阻碍。","pronunciation":"jiānnánxiǎnzǔ"},{"title":"结草衔环","id":"JCXH","album":"先秦左丘明《左传宣公十五年》：“及辅氏之役，颗见老人结草以亢杜回，杜回踬而颠，故获之。”","translation":"结草：把草结成绳子；搭救恩人。比喻感恩报德；誓死不忘。","pronunciation":"jiécǎoxiánhuán"},{"title":"居安思危","id":"JASW","album":"先秦左丘明《左传襄公十一年》：“《书》曰：‘居安思危’，思则有备，有备无患。”","translation":"居：处在。处于安全的环境；要想到可能出现的危难。","pronunciation":"jūānsīwēi"},{"title":"厉兵秣马","id":"LBM","album":"先秦左丘明《左传僖公三十三年》：“郑穆公使视客馆，则束载厉兵秣马矣。”","translation":"磨好兵器，喂好马。形容准备战斗。","pronunciation":"lìbīngmòmǎ"},{"title":"甚嚣尘上","id":"SXCS","album":"先秦左丘明《左传成公十六年》：“甚嚣，且尘上矣。”","translation":"甚：很；嚣：喧闹。原指军营中人声喧哗；尘土飞扬。形容传播消息；议论纷纷。现多指错误或反动言论非常嚣张。","pronunciation":"shènxiāochénshàng"},{"title":"天经地义","id":"TJDY","album":"先秦左丘明《左传昭公二十五年》：“夫礼，天之经也，地之义也，民之行也。”","translation":"经：道；原则；义：正理。绝对正确；不能改变的道理。比喻理所当然；不可置疑。","pronunciation":"tiānjīngdìyì"},{"title":"生死存亡","id":"SSCW","album":"五代王仁裕《开元天宝遗事》：“我婿离家不归，数岁蔑有音耗，生死存亡，弗可知也。”","translation":"生存或者死亡。形容局势或斗争的发展已到最后关头。","pronunciation":"shēngsǐcúnwáng"},{"title":"痛心疾首","id":"TXJS","album":"先秦左丘明《左传成公十三年》：“诸侯备闻此言，斯是用痛心疾首，昵就寡人。”","translation":"伤心而且头痛。形容伤心痛恨到了极点。疾首：头痛。","pronunciation":"tòngxīnjíshǒu"},{"title":"外强中干","id":"WQZG","album":"先秦左丘明《左传僖公十五年》：“外强中干，进退不可，周旋不能。”","translation":"指外表好像很强大；实际上很虚弱。","pronunciation":"wàiqiángzhōnggān"},{"title":"畏首畏尾","id":"WSWW","album":"先秦左丘明《左传文公十七年》：“古人有言云：‘畏首畏尾，身其余几？’”","translation":"比喻作事胆子小；顾虑多。畏：畏惧；害怕。","pronunciation":"wèishǒuwèiwěi"},{"title":"幸灾乐祸","id":"XZLH","album":"南北朝颜之推《颜氏家训诫兵》：“若居承平之世，睥睨宫阃，幸灾乐祸，首为逆乱。”","translation":"指人缺乏善意；在别人遇到灾祸时感到高兴。幸：高兴；乐：欢喜。","pronunciation":"xìngzāilèhuò"},{"title":"一成一旅","id":"YCYL","album":"先秦左丘明《左传哀公元年》：“有田一成，有众一旅，能布其德而兆其谋。”","translation":"成：古时以方圆十里为一成；旅：古时以兵士五百人为一旅。形容地窄人少，力量单薄。","pronunciation":"yīchéngyīlǚ"},{"title":"趾高气扬","id":"ZGQY","album":"先秦左丘明《左传桓公十三年》：“莫敖必败，举趾高，心不固矣。”","translation":"走路时脚抬得很高；神气十足。形容得意忘形的样子。","pronunciation":"zhǐgāoqìyáng"},{"title":"众叛亲离","id":"ZPQL","album":"先秦左丘明《左传隐公四年》：“夫州吁阻兵而安忍，阻兵无众，安忍无亲，众叛亲离，难以济矣。”","translation":"众人反对；亲人背离。形容陷于孤立；不得人心。叛：背叛；离：离开；背。","pronunciation":"zhòngpànqīnlí"},{"title":"斩草除根","id":"ZCCG","album":"先秦左丘明《左传隐公六年》：“为国家者，见恶，如农夫之务去草焉……绝其本根，勿使能殖。”","translation":"斩：砍断；斩草：割草；除：去掉。割草要把草根彻底除掉。比喻除去祸根；不留后患。","pronunciation":"zhǎncǎochúgēn"},{"title":"衔环结草","id":"XHJC","album":"《左传宣公十五年》：“及辅氏之役，颗见老人结草以亢杜回，杜回踬而颠，故获之。唐白居易《赎鸡》诗：“莫学衔环雀，崎岖谩报恩。”","translation":"结草：把草结成绳子，搭救恩人；衔环：嘴里衔着玉环。旧时比喻感恩报德，至死不忘。","pronunciation":"xiánhuánjiécǎo"},{"title":"险阻艰难","id":"XZJN","album":"《左传僖公二十八年》：“险阻艰难备尝之矣。”","translation":"险阻：危险和障碍。前进道路上的困难、危险和障碍。","pronunciation":"xiǎnzǔjiānnán"},{"title":"一薰一莸","id":"YY","album":"左传僖公四年：一薰一莸，十年尚犹有臭。《左传》僖公四年：一薰一莸，十年尚犹有臭。先秦‧左丘明《左传‧僖公四年》：一薰一莸，十年尚犹有臭。","translation":"薰：香草。莸：臭草。香臭夹杂，往往只闻其臭不闻其香。故用来比喻一善一恶之中，善易消而恶难除。有两个意思：(1)比喻善易消恶易存，或善不能止恶，恶能消善。(2)一香一臭，善恶分明。","pronunciation":"yīxūnyīyóu"},{"title":"魑魅魍魉","id":"","album":"先秦左丘明《左传宣公三年》：“魑魅魍魉，莫能逢之。”","translation":"魑魅：也作“螭魅”；古代传说中山里湖沼里的鬼怪妖精；魍魉：亦作“罔两”；古代传说中的山川精怪。指害人的鬼怪。后用来比喻各种各样的坏人。原作“魑魅罔两”。","pronunciation":"chīmèiwǎngliǎng"},{"title":"秣马厉兵","id":"MLB","album":"先秦左丘明《左传成公十六年》：“搜乘补卒，秣马利兵，修陈固列。”","translation":"磨好兵器，喂好马。形容准备战斗。","pronunciation":"mòmǎlìbīng"},{"title":"车辙马迹","id":"CZMJ","album":"《左传昭公十二年》：“昔穆王欲肆其心，周行天下，将皆必有车辙马迹焉。”","translation":"指车马行过的痕迹。","pronunciation":"chēzhémǎjì"},{"title":"郑昭宋聋","id":"ZZSL","album":"《左传·宣公十四年》：“楚子使申舟聘於齐，曰：‘无假道於宋。’亦使公子冯聘於晋，不假道於郑。申舟以孟诸之役恶宋，曰：‘郑昭宋聋，晋使不害，我则必死。’王曰：‘杀女，我伐之。’见犀而行。及宋，宋人止之……乃杀之。”","translation":"《左传·宣公十四年》：“楚子使申舟聘于齐，曰：‘无假道于宋。’亦使公子冯聘于晋，不假道于郑。申舟以孟诸之役恶宋，曰：‘郑昭宋聋，晋使不害，我则必死。’王曰：‘杀女，我伐之。’见犀而行。及宋，宋人止之……乃杀之。”杜预注：“昭，明也。聋，闇也。”后以“郑昭","pronunciation":"zhèngzhāosònglóng"},{"title":"屦及剑及","id":"JJJ","album":"先秦左丘明《左传宣公十四年》：“投袂而起，屦及于窒皇，剑及于寝门之外，车及于蒲胥之市。秋九月，楚子围宋。”","translation":"屦：鞋；及：赶上。形容人奋发兴起，行动果断迅速","pronunciation":"jùjíjiànjí"},{"title":"褴褛筚路","id":"L","album":"先秦左丘明《左传宣公十二年》：“筚路蓝缕，以启山林。”","translation":"指穿着破衣，驾着柴车，开发山林，形容开创者的艰辛","pronunciation":"lánlǚbìlù"},{"title":"筚路蓝缕","id":"LLL","album":"先秦左丘明《左传宣公十二年》：“筚路蓝缕，以启山林。”","translation":"筚路：柴车；蓝缕：破衣服。坐着柴车；穿着破衣服；去开辟山林。后用以形容创业的艰苦。","pronunciation":"bìlùlánlǚ"},{"title":"出口入耳","id":"CKRE","album":"左丘明《左传昭公二十年》：“王曰：‘言出于余口，入于尔耳，谁告建也？’”","translation":"指品德、才能超出同类之上。","pronunciation":"chūkǒurùěr"},{"title":"栋折榱崩","id":"DZB","album":"左丘明《左传襄公三十一年》：“栋折榱崩，侨将厌焉，敢不尽言。”","translation":"榱：椽子。正梁和椽子都毁坏了。比喻当政的人倒台或死去。","pronunciation":"dòngzhécuībēng"},{"title":"蜂目豺声","id":"FMCS","album":"左丘明《左传文公元年》：“蜂目而豺声，忍人也。”","translation":"眼睛象蜂，声音象豺。形容坏人的面貌声音。","pronunciation":"fēngmùcháishēng"},{"title":"封豕长蛇","id":"FCS","album":"左丘明《左传定公四年》：“吴为封豕长蛇，以荐食上国，虐始于楚。”","translation":"封：大。豕：猪。大猪和长蛇。比喻凶暴恶毒的大坏蛋。","pronunciation":"fēngshǐchángshé"},{"title":"改步改玉","id":"GBGY","album":"左丘明《左传定公五年》：“季平子行东野，还，未至。丙申，卒于房。阳虎将以玙璠敛，仲梁怀弗与，曰：‘改步改玉。’”","translation":"步：古代祭祀时祭者与尸相距的步数，以地位排列。改变步数，改换玉饰。指死者身份改变，安葬礼数也应变更。","pronunciation":"gǎibùgǎiyù"},{"title":"呼庚呼癸","id":"HGHG","album":"《左传·哀公十三年》记载：春秋时吴王夫差与晋、鲁等国会盟，吴大夫申叔仪向鲁大夫公孙有山氏乞粮。回答说：“梁则无矣，粗粮有之，若登首山以呼，曰：‘庚癸乎！’则诺。”","translation":"庚、癸：军粮的隐语。原是军中乞粮的隐语。后指向人借钱。","pronunciation":"hūgēnghūguǐ"},{"title":"毁家纾难","id":"HJN","album":"先秦左丘明《左传庄公三十年》：“斗穀於菟为令尹，自毁其家，以纾楚国之难。”","translation":"毁：毁坏；纾：缓和；解除。指捐献家产以帮助国家减轻危难。","pronunciation":"huǐjiāshūnàn"},{"title":"济河焚舟","id":"JHFZ","album":"左丘明《左传文公三年》：“秦伯伐晋，济河焚舟。”","translation":"济：渡过；焚：烧。渡过河就把渡船烧了。形容断绝退路；准备决一死战。","pronunciation":"jìhéfénzhōu"},{"title":"剑及屦及","id":"JJJ","album":"左丘明《左传宣公十四年》：“楚子闻之，投袂而起，屦及于窒皇，剑及于寝门之外，车及于蒲胥之市。秋九月，楚子围宋。”","translation":"形容行动坚决迅速。","pronunciation":"jiànjíjùjí"},{"title":"肉袒牵羊","id":"RTQY","album":"《左传·宣公十二年》：“郑伯肉袒牵羊以逆，曰：‘孤不天，不能事君，使君怀怒以及敝邑，孤之罪也。’”","translation":"牵羊：牵着羊，表示犒劳军队。古代战败投降的仪式。","pronunciation":"ròutǎnqiānyáng"},{"title":"舍旧谋新","id":"SJMX","album":"先秦左丘明《左传僖公二十八年》：“原田每每，舍其旧而新是谋。”","translation":"指弃旧求新。","pronunciation":"shějiùmóuxīn"},{"title":"投袂而起","id":"TEQ","album":"先秦左丘明《左传宣公十四年》：“楚子闻之，投袂而起。”","translation":"投袂：挥动袖子。形容精神振作，立即行动起来的神态。","pronunciation":"tóumèiérqǐ"},{"title":"班荆道旧","id":"BJDJ","album":"典出《左传襄公二十六年》：“楚伍参与蔡太师子朝友，其子伍举与声子相善……伍举奔郑，将遂奔晋。声子将如晋，遇之于郑郊，班荆相与食，而言复故。”杜预注：“班，布也。布荆坐地，共议归楚，事朋友世亲。”","translation":"指朋友相遇于途，铺荆坐地，共叙情怀。后泛指朋友相遇，共叙离情。亦","pronunciation":"bānjīngdàojiù"}]}