{"items":[{"title":"黑白分明","id":"HBFM","album":"汉董仲舒《春秋繁露保位权》：“黑白分明，然后民知所去就。”","translation":"黑、白：黑白两种颜色；明：清楚。黑白两色分得很清。比喻对是非好坏分得非常清楚。","pronunciation":"hēibáifēnmíng"},{"title":"城门失火，殃及池鱼","id":"CMSHYJCY","album":"北齐杜弼《为东魏檄蜀文》：“但恐楚国亡猿，祸延林木；城门失火，殃及池鱼。”","translation":"城门失火，大家都到护城河取水，水用完了，鱼也死了。比喻因受连累而遭到损失或祸害。","pronunciation":"chéngménshīhuǒ，yāngjíchíyú"},{"title":"路人皆知","id":"LRJZ","album":"晋习凿齿《汉晋春秋》：“司马昭之心，路人所知也。吾不能坐受废辱，今日当与卿等自出讨之。”","translation":"比喻人所共知的野心。","pronunciation":"lùrénjiēzhī"},{"title":"秋风过耳","id":"QFGE","album":"汉赵晔《吴越春秋吴王寿梦传》：“富贵之于我，如秋风之过耳。”","translation":"象秋风从耳边吹过一样。比喻与己无关，毫不再意。","pronunciation":"qiūfēngguòěr"},{"title":"同病相怜","id":"TBXL","album":"汉赵晔《吴越春秋阖闾内传》：“子不闻《河上歌》乎？同病相怜，同忧相救。”","translation":"比喻因有同样的遭遇或痛苦而互相同情。怜：怜惜。","pronunciation":"tóngbìngxiānglián"},{"title":"味如鸡肋","id":"WRJL","album":"《三国志·魏志·武帝纪》裴松之注引《九州春秋》曰：“夫鸡肋，弃之如可惜，食之无所得，以比汉中，知王欲还也。”","translation":"鸡肋：鸡的肋骨，没有肉，比喻无多大意味而又不忍舍弃的东西。比喻事情不做可惜，做起来没有多大好处。","pronunciation":"wèirújīlèi"},{"title":"叶公好龙","id":"YGHL","album":"西汉刘向《新序杂事》：“叶公子高好龙，钩以写龙，凿以写龙，屋室雕文以写龙。于是天龙闻而下之，窥头于牖，施尾于堂。叶公见之，弃而还走。”","translation":"叶公：春秋时陈国的一个人；好：爱好。比喻表面上爱好某种事物；但并非真正地爱好它；甚至畏惧它。","pronunciation":"yègōnghàolóng"},{"title":"殃及池鱼","id":"YJCY","album":"战国吕不韦《吕氏春秋必己》：“宋桓司马有宝珠，抵罪出亡，王使人问珠之所在，曰：‘投之池中。’于是竭池而求之，无得，鱼死焉。此言祸福之相及也。”","translation":"比喻无缘无故地遭受祸害。","pronunciation":"yāngjíchíyú"},{"title":"一窍不通","id":"YQBT","album":"战国吕不韦《吕氏春秋过理》：“杀比干而视其心，不适也。孔子闻之曰：‘其窍通，则比干不死矣。’”高诱注：“纣性不仁，心不通，安于为恶，杀比干，故孔子言其一窍通则比干不见杀也。”","translation":"窍：洞；这里指心窍。一窍都不是贯通的。比喻什么都不懂；闭塞、愚钝。","pronunciation":"yīqiàobùtōng"},{"title":"贫无立锥之地","id":"PWLZZD","album":"汉·韩婴《韩诗外传》卷四：“十子者，不能亲也，无置锥之地，而王公不能与争名，则是圣人之未得志者也。”《汉书·食货志》：“富者田连仟佰，贫者亡（无）立锥之地。”","translation":"穷得连可以插下锥子那样小的地方都没有。形容穷困之极。","pronunciation":"pínwúlìzhuīzhīdì"},{"title":"一字褒贬","id":"YZBB","album":"晋杜预《春秋经传集解序》：“《春秋》虽以一字为褒贬，然皆须数句以成言。”","translation":"一个字的褒扬或贬斥。泛指作文用字措辞严谨有分寸。","pronunciation":"yīzìbāobiǎn"},{"title":"司马昭之心，路人皆知","id":"SMZZXLRJZ","album":"《三国志·魏书·高贵乡公传》斐松之注引《汉晋春秋》：“司马昭之心，路人皆知。”","translation":"路人：路上的人，指所有的人。比喻人所共知的野心。","pronunciation":"sīmǎzhāozhīxīn，lùrénjiēzhī"},{"title":"魏颗结草","id":"WKJC","album":"春秋晋魏颗不从父以嬖妾殉葬之命而遣嫁之，后与秦将杜回战于辅氏，“颗见老人结草以亢杜回，杜回踬而颠，故获之。夜梦之曰：‘余，而所嫁妇人之父也……余是以报。’”见《左传·宣公十五年》。","translation":"春秋晋魏颗不从父以嬖妾殉葬之命而遣嫁之，后与秦将杜回战于辅氏，“颗见老人结草以亢杜回，杜回踬而颠，故获之。夜梦之曰：‘余，而所嫁妇人之父也……余是以报。’”见《左传·宣公十五年》。后因以“魏颗结草”表示受恩深重，竭力报效之意。","pronunciation":"wèikējiécǎo"},{"title":"髀肉复生","id":"RFS","album":"晋陈寿《三国志蜀书先主传》“荆州豪杰归先主者日益多，表疑其心，阴御之。”裴松之注引晋司马彪《九州春秋》：“吾常身不离鞍，髀肉皆消；今不复骑，髀里肉生，日月若驰，老将至矣。","translation":"髀：大腿。因为长久不骑马，大腿上的肉又长起来了。形容长久过着安逸舒适的生活，无所作为。","pronunciation":"bìròufùshēng"},{"title":"髀肉复生","id":"RFS","album":"晋陈寿《三国志蜀书先主传》“荆州豪杰归先主者日益多，表疑其心，阴御之。”裴松之注引晋司马彪《九州春秋》：“吾常身不离鞍，髀肉皆消；今不复骑，髀里肉生，日月若驰，老将至矣。","translation":"髀：大腿。因为长久不骑马，大腿上的肉又长起来了。形容长久过着安逸舒适的生活，无所作为。","pronunciation":"bìròufùshēng"},{"title":"慈明无双","id":"CMWS","album":"南朝宋范晔《后汉书荀爽传》：“爽字慈明，一名谞。幼而好学，年十二，能通《春秋》、《论语》。……颍川为之语曰：‘荀氏八龙，慈明无双。’”","translation":"赞扬兄弟或平辈中之最负声望者。","pronunciation":"címíngwúshuāng"},{"title":"董狐直笔","id":"DHZB","album":"《左传·宣公二年》载：赵穿杀晋灵公，身为正卿的赵盾没有管，董狐认为赵盾应负责任，便在史策上记载说“赵盾弑其君”。为赵盾所杀。后孔子称赞说：“董狐，古之良史也，书法不隐。”","translation":"董狐：春秋时晋国的史官。直笔：根据事实，如实记载。指敢于秉笔直书，尊重史实，不阿权贵的正直史家。","pronunciation":"dǒnghúzhíbǐ"},{"title":"二桃杀三士","id":"ETSSS","album":"三国蜀诸葛亮《梁甫吟》：“一朝被谗言，二桃杀三士。”","translation":"将两个桃子赐给三个壮士，三壮士因相争而死。比喻借刀杀人。","pronunciation":"èrtáoshāsānshì"},{"title":"庚癸频呼","id":"GGPH","album":"《左传·哀公十三年》记载：春秋时吴王夫差与晋、鲁等国会盟，吴大夫申叔仪向鲁大夫公孙有山氏乞粮。回答说：“梁则无矣，粗粮有之，若登首山以呼，曰：‘庚癸乎！’则诺。”","translation":"庚、癸：军粮的隐语。原是军中乞粮的隐语。后指向人借钱。","pronunciation":"gēngguǐpínhū"},{"title":"橘化为枳","id":"HW","album":"春秋齐晏婴《晏子春秋杂下十》：“婴闻之，橘生淮南则为橘，生于淮北则为枳，叶徒相似，其实味不同。所以然者何？水土异也。”","translation":"比喻人由于环境的影响而变坏。","pronunciation":"júhuàwéizhǐ"},{"title":"金鼓齐鸣","id":"JGQM","album":"左丘明《左传僖公二十二年》：“金鼓以声气也。”","translation":"金鼓：古时军队演习、作战时用以助军威、壮声势的金钟和战鼓。金钟战鼓一齐鸣响。形容战斗激烈；士气高昂。","pronunciation":"jīngǔqímíng"},{"title":"临潼斗宝","id":"LDB","album":"清曹雪芹《红楼梦》第75回：“于是天天宰猪割羊，屠鹅戮鸭，好似临潼斗宝一般，都要卖弄自己家的好厨役好烹炮。”","translation":"比喻夸耀豪富、争强赌胜的行动。","pronunciation":"líntóngdòubǎo"},{"title":"目不窥园","id":"MBKY","album":"东汉班固《汉书董仲书传》：“下帷讲诵，弟子传以久次相授业，或莫见其面。盖三年不窥园，其精如此。”","translation":"窥：瞥看。原指汉代董仲舒专心治学；几年中都无暇观赏花园中的景致。后用以比喻埋头钻研；不为外事分心。","pronunciation":"mùbùkuīyuán"},{"title":"三豕涉河","id":"SSH","album":"战国吕不韦《吕氏春秋察传》：“子夏之晋，过卫，有读史记者曰：‘晋师三豕涉河。’子夏曰：‘非也，是己亥也。夫己与三相近，豕与亥相似。’至于晋而问之，则曰晋师己亥涉河也。”","translation":"比喻文字传写或刊印讹误。","pronunciation":"sānshǐshèhé"},{"title":"若敖鬼馁","id":"RAGN","album":"《左传·宣公四年》：“若敖氏之鬼，不其馁尔？”","translation":"若敖：指春秋时楚国的若敖氏；馁：饿。若敖氏的鬼受饿了。比喻没有后代，无人祭祀。","pronunciation":"ruòáoguǐněi"},{"title":"一夔已足","id":"YYZ","album":"《韩非子·外储说左下》：“不也，夔非一足也，……一而足也。”《吕氏春秋·察传》：“夫乐，天地之精也，得失之节也，故唯圣人为能和，乐之本也。楚能和之，以平天下，若夔者一而足矣！”","translation":"夔：古贤臣名，为舜时的典乐官。夔一人已足制乐。指只要是真正的人才，有一个就足够了。","pronunciation":"yīkuíyǐzú"},{"title":"敬姜犹绩","id":"JJYJ","album":"《国语·鲁语下》载，春秋时文伯歜已为鲁相，其母敬姜犹纺绩不辍，歜问之，敬姜曰：“今我，寡也，尔又在下位，朝夕处事，犹恐忘先人之业，况有怠惰，其何以避辟！”","translation":"《国语·鲁语下》载，春秋时文伯歜已为鲁相，其母敬姜犹纺绩不辍，歜问之，敬姜曰：“今我，寡也，尔又在下位，朝夕处事，犹恐忘先人之业，况有怠惰，其何以避辟！”后遂以“敬姜犹绩”为富贵而不忘根本的典实。","pronunciation":"jìngjiāngyóujì"},{"title":"二竖为灾","id":"ESWZ","album":"春秋鲁左丘明《左传成公十年》：“公疾病，求医于秦。秦伯使医缓为之。未至，公梦疾为二竖子，曰：‘彼良医也，惧伤我，焉逃之？’其一曰：‘居肓之上，膏之下，若我何？’”","translation":"竖：小子；二竖：指病魔。比喻疾病缠身","pronunciation":"èrshùwéizāi"},{"title":"砥柱中流","id":"ZZL","album":"春秋齐晏婴《晏子春秋内篇谏下》：“吾尝从君济于河，鼋衔左骖，以入砥柱之中流。”","translation":"砥柱：山名；在河南境内三门峡、黄河中；形如柱石；立在急流当中；故名；中流：河流中央。比喻能在艰难环境中起支柱作用。砥柱屹立在急流中央","pronunciation":"dǐzhùzhōngliú"},{"title":"乐不思蜀","id":"LBSS","album":"晋习凿齿《汉晋春秋》：“王问禅曰：‘颇思蜀否？’禅曰：‘此间乐，不思蜀。’”","translation":"蜀：指三国时蜀国。蜀后主刘禅投降司马昭后；被安置在洛阳仍过荒淫生活；快乐得不想回国。比喻乐而忘返或乐而忘本。","pronunciation":"lèbùsīshǔ"},{"title":"乐不思蜀","id":"LBSS","album":"晋习凿齿《汉晋春秋》：“王问禅曰：‘颇思蜀否？’禅曰：‘此间乐，不思蜀。’”","translation":"蜀：指三国时蜀国。蜀后主刘禅投降司马昭后；被安置在洛阳仍过荒淫生活；快乐得不想回国。比喻乐而忘返或乐而忘本。","pronunciation":"lèbùsīshǔ"},{"title":"弃之可惜","id":"QZKX","album":"《三国志·魏志·武帝纪》裴松之注引《九州春秋》：“夫鸡肋，弃之如可惜，食之无所得，以比汉中，知王欲还也。”","translation":"扔掉它未免可惜。","pronunciation":"qìzhīkěxī"},{"title":"坐怀不乱","id":"ZHBL","album":"明兰陵笑笑生《金瓶梅词话》第56回：“人人都说他无行，其实水秀才原是坐怀不乱的。”","translation":"春秋时鲁国的柳下惠将受冻的女子裹于怀中，没有发生非礼行为。形容男子在两性关系方面作风正派。","pronunciation":"zuòhuáibùluàn"},{"title":"物极必反","id":"WJBF","album":"宋朱熹《近思录》引宋程颐曰：“如《复卦》言七日来复，其间无不断续，阳已复生，物极必返，其理须如此。”","translation":"极：尽头；反：转向反面。指事物发展到极端；必定会向相反方向转化。","pronunciation":"wùjíbìfǎn"},{"title":"二桃三士","id":"ETSS","album":"三国蜀诸葛亮《梁甫吟》：“一朝被谗言，二桃杀三士。”","translation":"士：武士。春秋时齐景公将两个桃子赐给公孙接、田开疆、古冶子论功而食，三人弃桃自杀。比喻借刀杀人","pronunciation":"èrtáosānshì"},{"title":"射石饮羽","id":"SSYY","album":"《吕氏春秋·精通》：“养由基射兕中石，矢乃饮羽，诚乎兕也。”","translation":"饮：隐没；羽：箭尾的羽毛。箭射到石头里，隐没了箭尾的羽毛。原形容发箭的力量极强。后也形容武艺高强。","pronunciation":"shèshíyǐnyǔ"},{"title":"惊肉生髀","id":"JRS","album":"《三国志·蜀志·先主传》裴松之注引晋司马彪《九州春秋》：“备住荆州数年，尝于表刘表坐起至厕，见髀里肉生，慨然流涕。还坐，表怪问备，备曰：‘吾常身不离鞍，髀肉皆消。今不复骑，髀里肉生。日月若驰，老将至矣，而功业不建，是以悲耳。’”","translation":"《三国志·蜀志·先主传》“绍遣将道路奉迎，身去邺二百里，与先主相见”裴松之注引晋司马彪《九州春秋》：“备住荆州数年，尝于表刘表坐起至厕，见髀里肉生，慨然流涕。还坐，表怪问备，备曰：‘吾常身不离鞍，髀肉皆消。今不复骑，髀里肉生。日月若驰，老将至矣，而功业不","pronunciation":"jīngròushēngbì"},{"title":"秦智虞愚","id":"QZYY","album":"清·钱谦益《光禄大夫赠少保兼太子太保吏部尚书谥文通铁山王公墓志铭》：“楚材晋用，国土所以长嗟；秦智虞愚，贤哲为之永叹。”","translation":"春秋时期虞国大夫百里奚无所作为，虞亡后入秦，辅佐穆公建立霸业。指一个人的才能只有在适当的环境中才能发挥","pronunciation":"qínzhìyúyú"},{"title":"按兵不动","id":"ABBD","album":"战国吕不韦《吕氏春秋召类》：“赵简子将袭卫，使史默往睹之。期以一月，六月而后反……赵简子按兵而不动。”","translation":"按：止住。控制住军队；暂不行动；泛指接受任务后不肯行动。常用以表示持观望态度而不行动。","pronunciation":"ànbīngbùdòng"},{"title":"败军之将","id":"BJZJ","album":"西汉司马迁《史记淮阴侯列传》：“臣闻败军之将，不可以言勇；亡国之大夫，不可以图存。”","translation":"打了败仗的将领。现多用于讽刺失败的人。","pronunciation":"bàijūnzhījiàng"},{"title":"管鲍之交","id":"GBZJ","album":"西汉司马迁《史记管仲传》：“生我者父母，知我者鲍子也。”","translation":"管鲍：指春秋时齐国的管仲和鲍叔牙；他们为知交。指朋友的友谊很深。","pronunciation":"guǎnbàozhījiāo"},{"title":"管鲍之交","id":"GBZJ","album":"西汉司马迁《史记管仲传》：“生我者父母，知我者鲍子也。”","translation":"管鲍：指春秋时齐国的管仲和鲍叔牙；他们为知交。指朋友的友谊很深。","pronunciation":"guǎnbàozhījiāo"},{"title":"华而不实","id":"HEBS","album":"先秦左丘明《左传文公五年》：“且华而不实，怨之所聚也。”","translation":"华；同“花”；开花；实：结果实。光开花；不结果。比喻外表好看；内里空虚；有名无实。","pronunciation":"huáérbùshí"},{"title":"鸿鹄之志","id":"HZZ","album":"西汉司马迁《史记陈涉世家》：“嗟乎！燕雀安知鸿鹄之志哉！”","translation":"鸿鹄：天鹅。天鹅所有的志向。比喻远大志向。","pronunciation":"hónghúzhīzhì"},{"title":"季孟之间","id":"JMZJ","album":"先秦孔子《论语微子》：“若季氏，则吾不能；以季孟之间待之。”","translation":"这里指春秋时鲁国三家大贵族中势力最大的季氏和势力最弱的孟氏。指在季、孟两者之间，比上不足，比下有余。","pronunciation":"jìmèngzhījiān"},{"title":"假途灭虢","id":"JTM","album":"明罗贯中《三国演义》第56回：“此乃假途灭虢之计也。虚名收川，实取荆州。”","translation":"泛指用借路的名义而灭亡这个国家。","pronunciation":"jiǎtúmièguó"},{"title":"竭泽而渔","id":"JZEY","album":"战国吕不韦《吕氏春秋义赏》：“竭泽而渔，岂不获得，而明年无鱼。”","translation":"竭：弄尽；泽：池塘；渔：捕鱼。比喻做事不留余地；只顾眼前。也比喻残酷榨取。","pronunciation":"jiézééryú"},{"title":"秦晋之好","id":"QJZH","album":"元乔梦符《两世姻缘》：“末将不才，便求小娘子以成秦晋之好，亦不玷辱了他，他如何便不相容。”","translation":"原指春秋时期秦国与晋国两国家世代联姻。后泛指两性之间的联姻或婚配关系。","pronunciation":"qínjìnzhīhǎo"},{"title":"唾手可得","id":"TSKD","album":"《新唐书褚遂良传》：“但遣一二慎将，付锐兵十万，翔会云輣，唾手可取。”","translation":"比喻非常容易得到。唾手：往手上吐唾沫。","pronunciation":"tuòshǒukědé"},{"title":"易子而食","id":"YZES","album":"《公羊传·宣公十五年》：“易子而食之，析骸而炊之。”","translation":"子：指儿女。原指春秋时宋国被围，城内粮尽，百姓交换子女以当食物。后形容灾民极其悲惨的生活。","pronunciation":"yìzǐérshí"},{"title":"中流砥柱","id":"ZLZ","album":"春秋齐晏婴《晏子春秋谏下》：“吾尝从君济于河，鼋衔左骖以入砥柱之中流。”","translation":"黄河急流中的砥柱山。比喻能在艰难环境中起支柱作用的个人或集体。中流：河流中央；砥柱：黄河三门峡东的石山。","pronunciation":"zhōngliúdǐzhù"},{"title":"假道灭虢","id":"JDM","album":"《左传僖公二年》：“晋荀息请以屈产之乘，与垂棘之璧，假道于虞以伐虢。”","translation":"假：借；道：道路；虢：春秋时诸侯国，在今山西平陆及河南三门峡一带。泛指用借路的名义而灭亡这个国家。","pronunciation":"jiǎdàomièguó"},{"title":"因地制宜","id":"YDZY","album":"汉赵晔《吴越春秋阖闾内传》：“夫筑城郭，立仓库，因地制宜，岂有天气之数以威邻国者乎？”","translation":"因：随顺；制：制定；规定；宜：适当；合宜。根据各地的实际情况；采取适宜的措施。","pronunciation":"yīndìzhìyí"},{"title":"因噎废食","id":"YYFS","album":"汉刘向《说苑》：“一噎之故，绝谷不食。”","translation":"噎：食物堵塞在咽喉；废：停止；食：吃。因吃东西卡过喉咙；从此就停止吃东西。比喻偶然受了一次挫折；就停止不干。","pronunciation":"yīnyēfèishí"},{"title":"髀里肉生","id":"LRS","album":"《三国志·蜀书·先主传》裴松之注引晋·司马彪《九州春秋》：“备曰：‘吾常身不离鞍，髀肉皆消；今不复骑，髀里肉生。’”","translation":"髀：大腿。因为长久不骑马，大腿上的肉又长起来了。形容长久过着安逸舒适的生活，无所作为。","pronunciation":"bìlǐròushēng"},{"title":"吹箫乞食","id":"CQS","album":"《史记·范睢蔡泽列传》：“伍子胥橐载而出昭关，夜行昼伏，至于陵水，无以糊其口，膝行蒲伏，稽首肉袒，鼓腹吹篪，乞食于吴市。”","translation":"原指伍春秋时子胥于吴市吹箫向人乞讨。后指沿街乞讨。","pronunciation":"chuīxiāoqǐshí"},{"title":"苌弘碧血","id":"HBX","album":"《庄子·外物》：“苌弘死于蜀，藏其血，三年而化为碧。”","translation":"形容为正义事业而流的血。苌弘：春秋时周大夫，又称苌叔。碧：青绿色的玉石。","pronunciation":"chánghóngbìxuě"},{"title":"箕山之节","id":"JSZJ","album":"《吕氏春秋·求人》：“昔尧朝许由于沛泽之中，曰：‘……请属天下于夫子。’许由辞曰：‘为天下之不治与？而既已治矣。自为与？啁噍巢于林，不过一枝；偃鼠饮于河，不过满腹。归已君乎！恶用天下？’遂之箕山之下，颖水之阳，耕而食，终身无经天下之色。”","translation":"箕山：古代传说唐尧时的隐士许由、巢父隐居的地方。节：名节，节操。指归隐以保全节操。旧时用以称誉不愿在乱世做官的人。亦作“箕山之志”、“箕颍余芳”。","pronunciation":"jīshānzhījié"},{"title":"牛角之歌","id":"NJZG","album":"春秋时，宁戚很穷，想见齐桓公而出仕，一天，乘桓公出城迎客的机会，在车下喂牛，“扣牛角疾歌”。桓公闻而赞其为“非常人”，命后车载之，拜为上卿。见《吕氏春秋·举难》、《晏子春秋·问下二》。汉·刘向《说苑·尊贤》亦载此事。","translation":"春秋时，宁戚很穷，想见齐桓公而出仕，一天，乘桓公出城迎客的机会，在车下喂牛，“扣牛角疾歌”。桓公闻而赞其为“非常人”，命后车载之，拜为上卿。见《吕氏春秋·举难》、《晏子春秋·问下二》。汉刘向《说苑·尊贤》亦载此事。后以“牛角之歌”、“牛下歌”为穷士自求用","pronunciation":"niújiǎozhīgē"},{"title":"祁奚之荐","id":"QZJ","album":"春秋·鲁·左丘明《左传·襄公三年》：“祁奚请老，晋侯问嗣焉，称解狐，其仇也。将立而卒。又问焉，对曰：‘午可也。’于是使祁午为中军尉。”","translation":"春秋晋国大夫祁奚告老，将辞中军尉职事。晋悼公问谁可承接，祁奚先推荐仇人解狐。复问，又荐举其子祁午。时人因而有“外举不弃仇，内举不失亲”之誉。后用为善于荐贤之典。","pronunciation":"qíxīzhījiàn"},{"title":"一字师","id":"YZS","album":"五代王定宝《唐摭言切磋》载李相读《春秋》，叔孙婼之“婼”应读“敕略切”，李误为“敕晷切”，小吏言之，公大惭愧，“命小吏受北面之礼，号曰‘一字师’”。","translation":"指订正一字之误读，即可为师。亦指更换诗文中一、二字的老师。","pronunciation":"yīzìshī"},{"title":"盗钟掩耳","id":"DZYE","album":"《吕氏春秋·自知》：“百姓有得钟者，欲负而走，则钟大不可负，以椎毁之，钟况然有音。恐人闻之而夺己也，遽掩其耳。”","translation":"盗：盗窃；钟：古代一种乐器。偷钟时捂住自己的耳朵。比喻自欺欺人。","pronunciation":"dàozhōngyǎněr"},{"title":"庚癸之呼","id":"GGZH","album":"《左传·哀公十三年》记载：春秋时吴王夫差与晋、鲁等国会盟，吴大夫申叔仪向鲁大夫公孙有山氏乞粮。回答说：“梁则无矣，粗粮有之，若登首山以呼，曰：‘庚癸乎！’则诺。”","translation":"庚、癸：军粮的隐语。原是军中乞粮的隐语。后指向人借钱。","pronunciation":"gēngguǐzhīhū"},{"title":"唐突西子","id":"TTXZ","album":"南朝宋·刘义庆《世说新语·轻诋》：“何乃刻画无盐，以唐突西子也。”","translation":"唐突：冒犯；西子：即西施，春秋时美女。冒犯了西施。比喻抬高了丑的，贬低了美的。","pronunciation":"tángtūxīzǐ"},{"title":"黎丘丈人","id":"LQZR","album":"《吕氏春秋·疑似》：“梁北有黎丘部，有奇鬼焉，喜效人之子侄昆弟之状。邑丈人有之市而醉归者，黎丘之鬼效其子之状扶而道苦之。……丈人智惑于似其子者而杀其真子。”","translation":"比喻困于假象、不察真情而陷入错误的人。","pronunciation":"líqiūzhàngrén"},{"title":"皮里春秋","id":"PLCQ","album":"《晋书褚裒传》：“曰：‘季野有皮里春秋。’言其外无臧否，而内有所褒贬也。”","translation":"指藏在心里不说出来的言论。","pronunciation":"pílǐchūnqiū"},{"title":"吴市吹箫","id":"WSC","album":"西汉司马迁《史记范睢蔡泽列传》：“膝行蒲伏，稽首肉袒，鼓腹吹篪，乞食于吴市。”","translation":"吴：古国名。原指春秋时楚国的伍子胥逃至吴国，在市上吹箫乞食。比喻在街头行乞。","pronunciation":"wúshìchuīxiāo"},{"title":"五羖大夫","id":"WLDF","album":"《史记·秦本纪》：“乃使人谓楚曰：‘吾媵臣百里奚在焉，请以五羖羊皮赎之。’……缪公大说，授之国政，号早曰‘五羖大夫’。”","translation":"羖：公羊。特指春秋虞有贤才的大夫百里奚。","pronunciation":"wǔgǔdàfū"},{"title":"逾淮之橘","id":"YHZ","album":"《晏子春秋·杂下十》：“晏子避席对曰：‘婴闻之，橘生淮南则为橘，生于淮北则为枳，叶徒相似，其实味不同。所以然者何？水土异也。’”","translation":"《晏子春秋·杂下十》：“晏子避席对曰：‘婴闻之，橘生淮南则为橘，生于淮北则为枳，叶徒相似，其实味不同。所以然者何？水土异也。’”后以“逾淮之橘”比喻易地而变质的事物。","pronunciation":"yúhuáizhījú"},{"title":"若敖之鬼","id":"RAZG","album":"《左传宣公四年》：“鬼犹求食，若敖氏之鬼，不其馁尔？”","translation":"若敖：指春秋时楚国的若敖氏。若敖氏的鬼将因灭宗而无人祭祀。比喻没有后代，无人祭祀。","pronunciation":"ruòáozhīguǐ"},{"title":"视死如归","id":"SSRG","album":"《韩非子外储说左下》：“三军既成阵，使士视死如归，臣不如公子成父。”《吕氏春秋勿躬》：“三军之士，视死如归。”","translation":"把死看得好像回家一样平常。形容为了正义事业；不怕牺牲生命。","pronunciation":"shìsǐrúguī"},{"title":"唐突西施","id":"TTXS","album":"梁启超《诗话》：“更会串一戏，曰《易水饯荆卿》，其第一幕‘饯别’内，有歌四章，以《史记》所记原歌作尾声，近于唐突西施，点窜《尧典》。”","translation":"唐突：冒犯。西施：春秋时美女，冒犯了西施。比喻为了突出丑的，而贬低了美的。亦作“唐突西子”。","pronunciation":"tángtūxīshī"},{"title":"勿忘在莒","id":"WWZ","album":"《吕氏春秋·直谏》：“使公毋忘出奔于莒也。”","translation":"比喻不忘本。","pronunciation":"wùwàngzàijǔ"},{"title":"刻舟求剑","id":"KZQJ","album":"战国吕不韦《吕氏春秋察今》：“楚人有涉江者，其剑自舟中坠于水，遽契其舟曰：‘是吾剑之所从坠。’舟止，从其所契者入水求之。舟已行矣，而剑不行，求剑若此，不亦惑乎？”","translation":"舟：船；求：寻找；寻求。在船上刻记号；寻找失落水中的剑。比喻办事方法不对头；死守教条；拘泥固执；不知道随着情势的变化而变化。","pronunciation":"kèzhōuqiújiàn"},{"title":"杀妻求将","id":"SQQJ","album":"西汉司马迁《史记孙子吴起列传》：“齐人攻鲁，鲁欲将吴起。吴起取齐女为妻，而鲁疑之。吴起于是欲就名，遂杀其妻，以明不与齐也，鲁卒以为将。将而攻齐，大破之。”","translation":"春秋时，吴起杀掉妻子以求得到鲁国的信任和重用。比喻为了追求名利而不惜做灭绝人性的事。","pronunciation":"shāqīqiújiàng"},{"title":"掩耳盗铃","id":"YEDL","album":"战国吕不韦《吕氏春秋自知》：“百姓有得钟者，欲负而走，则钟大不可负。以椎毁之，钟况然有声。恐人闻之而夺己也，遽掩其耳。”","translation":"掩：遮盖；盗：偷。把耳朵捂住偷铃铛；以为自己听不见；别人也不会听见。比喻自欺欺人。","pronunciation":"yǎněrdàolíng"},{"title":"掩耳盗铃","id":"YEDL","album":"战国吕不韦《吕氏春秋自知》：“百姓有得钟者，欲负而走，则钟大不可负。以椎毁之，钟况然有声。恐人闻之而夺己也，遽掩其耳。”","translation":"掩：遮盖；盗：偷。把耳朵捂住偷铃铛；以为自己听不见；别人也不会听见。比喻自欺欺人。","pronunciation":"yǎněrdàolíng"},{"title":"千虑一失","id":"QLYS","album":"春秋齐晏婴《晏子春秋内篇杂下十八》：“婴闻之：圣人千虑，必有一失；愚人千虑，必有一得。”","translation":"失：错误。指聪明人的考虑，也会有不周到的地方。","pronunciation":"qiānlǜyīshī"},{"title":"千虑一得","id":"QLYD","album":"春秋齐晏婴《晏子春秋内篇杂下十八》：“婴闻之：圣人千虑，必有一失；愚人千虑，必有一得。”","translation":"虑：思考；得：收获。在千百次的考虑中；总会有正确的时候。","pronunciation":"qiānlǜyīdé"},{"title":"比肩继踵","id":"BJJ","album":"春秋齐晏婴《晏子春秋杂下九》：“临淄三百闾，张袂成阴，挥汗成雨，比肩继踵而在，何为无人？”","translation":"比肩：肩膀挨着肩膀；继踵：脚尖碰着脚后跟。肩膀靠着肩膀；脚尖碰着脚根。形容人多拥挤。","pronunciation":"bǐjiānjìzhǒng"},{"title":"拨乱反正","id":"BLFZ","album":"《公羊传哀公十四年》：“拨乱世，反诸正，莫近诸《春秋》。”东汉班固《汉书礼乐志》：“汉兴，拨乱反正，日不暇给，犹命叔孙通制礼仪，以正君臣之位。”","translation":"拨：治理；乱：指乱世；反：回复；正：正常。指整顿混乱局面；使秩序恢复正常。现在也指纠正错误；恢复正确的事理。","pronunciation":"bōluànfǎnzhèng"},{"title":"城狐社鼠","id":"CHSS","album":"《晋书谢鲲传》：“对曰：‘隗诚始祸，然城狐社鼠也。’”","translation":"社：古时指土地神及其庙宇。以城墙为凭借的狐狸；以土地庙为依托的老鼠。比喻仗势作恶的小人。","pronunciation":"chénghúshèshǔ"},{"title":"春花秋月","id":"CHQY","album":"南唐李煜《虞美人》词：“春花秋月何时了，往事知多少！”","translation":"春天的花朵，秋天的月亮。泛指春秋美景。","pronunciation":"chūnhuāqiūyuè"},{"title":"乱臣贼子","id":"LCZZ","album":"先秦孟轲《孟子滕文公下》：“孔子成《春秋》，而乱臣贼子惧。”","translation":"旧时指不忠君主；不守臣道；作风反叛的大臣。后指破坏国家统一；损害人民利益的恶人。也作“逆子贼臣”。","pronunciation":"luànchénzéizǐ"},{"title":"七擒七纵","id":"QQQZ","album":"晋陈寿《三国志蜀志诸葛亮传》：“亮率众南征，其秋悉平。”裴松之注引《汉晋春秋》：“亮笑，纵使更战，七纵七擒，而亮犹遣获。”","translation":"三国时，诸葛亮出兵南方，将当地酋长孟获捉住七次，放了七次，使他真正服输，不再为敌。比喻运用策略，使对方心服。","pronunciation":"qīqínqīzòng"},{"title":"七擒七纵","id":"QQQZ","album":"晋陈寿《三国志蜀志诸葛亮传》：“亮率众南征，其秋悉平。”裴松之注引《汉晋春秋》：“亮笑，纵使更战，七纵七擒，而亮犹遣获。”","translation":"三国时，诸葛亮出兵南方，将当地酋长孟获捉住七次，放了七次，使他真正服输，不再为敌。比喻运用策略，使对方心服。","pronunciation":"qīqínqīzòng"},{"title":"贪小失大","id":"TXSD","album":"战国吕不韦《吕氏春秋权勋》：“齐王怒曰：‘若残竖子之类，恶能给若金？’与燕人战，大败，达子死，齐王走莒。燕人逐北入国，相与争金于美唐甚多。此贪于小利以失大利者也。”","translation":"因为贪图小便宜而失掉大的利益。比喻只谋求眼前的好处而不顾长远的利益。","pronunciation":"tānxiǎoshīdà"},{"title":"夫负妻戴","id":"FFQD","album":"相传春秋时，楚狂接舆躬耕而食。楚王使人聘之，请为治淮南。接舆笑而不应。其妻以为君命不从非忠，从之又违义。于是夫负釜甑，妻戴纴器，变名易姓而远徙，莫知所之。见汉·刘向《列女传·楚接舆妻》。","translation":"相传春秋时，楚狂接舆躬耕而食。楚王使人聘之，请为治淮南。接舆笑而不应。其妻以为君命不从非忠，从之又违义。于是夫负釜甑，妻戴纴器，变名易姓而远徙，莫知所之。见汉刘向《列女传·楚接舆妻》。故以“夫负妻戴”谓夫妻远徙避世，不慕荣利。","pronunciation":"fūfùqīdài"},{"title":"七纵七禽","id":"QZQQ","album":"相传三国时诸葛亮出兵南方，曾七次生擒酋长孟获，又七次释放，终于使孟获心悦诚服。事见《三国志·蜀志·诸葛亮传》“亮率众南征，其秋悉平”裴松之注引《汉晋春秋》。","translation":"亦作“七纵七擒”。相传三国时诸葛亮出兵南方，曾七次生擒酋长孟获，又七次释放，终于使孟获心悦诚服。《三国志·蜀志·诸葛亮传》“亮率众南征，其秋悉平”裴松之注引《汉晋春秋》：“亮至南中，所在战捷。闻孟获者，为夷、汉所服，募生致之。既得，使观于营陈之间，问曰：","pronunciation":"qīzòngqīqín"},{"title":"塞耳盗钟","id":"SEDZ","album":"《吕氏春秋自知》：“百姓有得钟者，欲负而走，则钟大不可负，以椎毁之，钟况然有音，恐人闻之而夺己也，遽揜其耳。”","translation":"比喻自欺欺人，硬要掩盖掩盖不了的事情。","pronunciation":"sāiěrdàozhōng"},{"title":"彩衣娱亲","id":"CYYQ","album":"西汉·刘向《列女传》：“老莱子孝养二亲，行年七十，婴儿自娱，着五色彩衣，尝取浆上堂，跌仆，因卧地为小儿蹄，或美鸟鸟于亲侧。”","translation":"传说春秋时有个老菜子，很孝顺，七十岁了有时还穿着彩色衣服，扮成幼儿，引父母发笑。后作为孝顺父母的典故。","pronunciation":"cǎiyīyúqīn"},{"title":"呼庚呼癸","id":"HGHG","album":"《左传·哀公十三年》记载：春秋时吴王夫差与晋、鲁等国会盟，吴大夫申叔仪向鲁大夫公孙有山氏乞粮。回答说：“梁则无矣，粗粮有之，若登首山以呼，曰：‘庚癸乎！’则诺。”","translation":"庚、癸：军粮的隐语。原是军中乞粮的隐语。后指向人借钱。","pronunciation":"hūgēnghūguǐ"},{"title":"袂云汗雨","id":"YHY","album":"春秋齐晏婴《晏子春秋杂下九》：“张袂成阴，挥汗成雨。”","translation":"形容行人之多。","pronunciation":"mèiyúnhànyǔ"},{"title":"牧豕听经","id":"MTJ","album":"《后汉书·承宫传》：“少孤，年八岁为人牧豕。乡里徐子盛者，以《春秋经》授诸生数百人，宫过息庐下，乐其业，因就听经，遂请留门下，为诸生拾薪。”","translation":"一面放猪，一面听讲。比喻求学努力。","pronunciation":"mùshǐtīngjīng"},{"title":"亡戟得矛","id":"WDM","album":"战国吕不韦《吕氏春秋离俗》：“亡戟得矛，可以归乎？”","translation":"比喻得到的和失去的相当，或有失有得。","pronunciation":"wángjǐdémáo"},{"title":"悬门抉目","id":"XMJM","album":"春秋时，吴国大夫伍员劝吴王夫差拒绝越国求和，夫差听信谗言，不从忠告，反赐之剑命自杀。伍员临死，曰：“树吾墓上以梓，令可为器。抉吾眼置之吴东门，以观越之灭吴也。”见《史记·吴太伯世家》。","translation":"春秋时，吴国大夫伍员劝吴王夫差拒绝越国求和，夫差听信谗言，不从忠告，反赐之剑命自杀。伍员临死，曰：“树吾墓上以梓，令可为器。抉吾眼置之吴东门，以观越之灭吴也。”见《史记·吴太伯世家》。后以“悬门抉目”为烈士殉国的典故。","pronunciation":"xuánménjuémù"},{"title":"宋画吴冶","id":"SHWY","album":"据《庄子田子方》载，宋元君召集众画家作画，大家都敬立作画，只有一人回舍，解衣伸腿而坐。宋元君认为他是真正的画师。又据《吴越春秋阖闾内传》载，吴人干将、莫邪夫妇善铸剑。","translation":"用以作为精巧神妙之物的代称。","pronunciation":"sònghuàwúyě"},{"title":"郢书燕说","id":"SYS","album":"先秦韩非《韩非子外储说左上》：“郢人有遗燕相国书者，夜书，火不明，因谓持烛者曰：'举烛'，云而过书'举烛'。……燕相白王，王大悦，国以治。治则治矣，非书意也。”","translation":"比喻牵强附会，曲解原意，以讹传讹。","pronunciation":"yǐngshūyànyuè"}]}