{
    "Item": [
        {
            "id": "贼退示官吏·并序",
            "url": "https://baike.baidu.com/item/%E8%B4%BC%E9%80%80%E7%A4%BA%E5%AE%98%E5%90%8F%C2%B7%E5%B9%B6%E5%BA%8F"
        },
        {
            "id": "同从弟南斋玩月忆山阴崔少府",
            "url": "https://baike.baidu.com/item/%E5%90%8C%E4%BB%8E%E5%BC%9F%E5%8D%97%E6%96%8B%E7%8E%A9%E6%9C%88%E5%BF%86%E5%B1%B1%E9%98%B4%E5%B4%94%E5%B0%91%E5%BA%9C"
        },
        {
            "id": "渭川田家",
            "url": "https://baike.baidu.com/item/%E6%B8%AD%E5%B7%9D%E7%94%B0%E5%AE%B6"
        },
        {
            "id": "西施咏",
            "url": "https://baike.baidu.com/item/%E8%A5%BF%E6%96%BD%E5%92%8F"
        },
        {
            "id": "送别",
            "url": "https://baike.baidu.com/item/%E9%80%81%E5%88%AB/10414394"
        },
        {
            "id": "送綦毋潜落第还乡",
            "url": "https://baike.baidu.com/item/%E9%80%81%E7%B6%A6%E6%AF%8B%E6%BD%9C%E8%90%BD%E7%AC%AC%E8%BF%98%E4%B9%A1"
        },
        {
            "id": "青溪",
            "url": "https://baike.baidu.com/item/%E9%9D%92%E6%BA%AA/34974"
        },
        {
            "id": "与高适薛据登慈恩寺浮",
            "url": "https://baike.baidu.com/item/%E4%B8%8E%E9%AB%98%E9%80%82%E8%96%9B%E6%8D%AE%E7%99%BB%E6%85%88%E6%81%A9%E5%AF%BA%E6%B5%AE"
        },
        {
            "id": "下终南山过斛斯山人宿置酒",
            "url": "https://baike.baidu.com/item/%E4%B8%8B%E7%BB%88%E5%8D%97%E5%B1%B1%E8%BF%87%E6%96%9B%E6%96%AF%E5%B1%B1%E4%BA%BA%E5%AE%BF%E7%BD%AE%E9%85%92"
        },
        {
            "id": "月下独酌",
            "url": "https://baike.baidu.com/item/%E6%9C%88%E4%B8%8B%E7%8B%AC%E9%85%8C/2805684"
        },
        {
            "id": "春思",
            "url": "https://baike.baidu.com/item/%E6%98%A5%E6%80%9D/74743"
        },
        {
            "id": "梦李白·其一",
            "url": "https://baike.baidu.com/item/%E6%A2%A6%E6%9D%8E%E7%99%BD%C2%B7%E5%85%B6%E4%B8%80"
        },
        {
            "id": "梦李白·其二",
            "url": "https://baike.baidu.com/item/%E6%A2%A6%E6%9D%8E%E7%99%BD%C2%B7%E5%85%B6%E4%BA%8C/9424783"
        },
        {
            "id": "望岳",
            "url": "https://baike.baidu.com/item/%E6%9C%9B%E5%B2%B3/2807926"
        },
        {
            "id": "赠卫八处士",
            "url": "https://baike.baidu.com/item/%E8%B5%A0%E5%8D%AB%E5%85%AB%E5%A4%84%E5%A3%AB"
        },
        {
            "id": "佳人",
            "url": "https://baike.baidu.com/item/%E4%BD%B3%E4%BA%BA/3690867"
        },
        {
            "id": "秋登兰山寄张五",
            "url": "https://baike.baidu.com/item/%E7%A7%8B%E7%99%BB%E5%85%B0%E5%B1%B1%E5%AF%84%E5%BC%A0%E4%BA%94"
        },
        {
            "id": "夏日南亭怀辛大",
            "url": "https://baike.baidu.com/item/%E5%A4%8F%E6%97%A5%E5%8D%97%E4%BA%AD%E6%80%80%E8%BE%9B%E5%A4%A7"
        },
        {
            "id": "宿业师山房待丁大不至",
            "url": "https://baike.baidu.com/item/%E5%AE%BF%E4%B8%9A%E5%B8%88%E5%B1%B1%E6%88%BF%E5%BE%85%E4%B8%81%E5%A4%A7%E4%B8%8D%E8%87%B3"
        },
        {
            "id": "寻西山隐者不遇",
            "url": "https://baike.baidu.com/item/%E5%AF%BB%E8%A5%BF%E5%B1%B1%E9%9A%90%E8%80%85%E4%B8%8D%E9%81%87"
        },
        {
            "id": "晨诣超师院读禅经",
            "url": "https://baike.baidu.com/item/%E6%99%A8%E8%AF%A3%E8%B6%85%E5%B8%88%E9%99%A2%E8%AF%BB%E7%A6%85%E7%BB%8F"
        },
        {
            "id": "溪居",
            "url": "https://baike.baidu.com/item/%E6%BA%AA%E5%B1%85/9113"
        },
        {
            "id": "送杨氏女",
            "url": "https://baike.baidu.com/item/%E9%80%81%E6%9D%A8%E6%B0%8F%E5%A5%B3"
        },
        {
            "id": "长安遇冯著",
            "url": "https://baike.baidu.com/item/%E9%95%BF%E5%AE%89%E9%81%87%E5%86%AF%E8%91%97"
        },
        {
            "id": "夕次盱眙县",
            "url": "https://baike.baidu.com/item/%E5%A4%95%E6%AC%A1%E7%9B%B1%E7%9C%99%E5%8E%BF"
        },
        {
            "id": "东郊",
            "url": "https://baike.baidu.com/item/%E4%B8%9C%E9%83%8A/4385771"
        },
        {
            "id": "郡斋雨中与诸文士燕集",
            "url": "https://baike.baidu.com/item/%E9%83%A1%E6%96%8B%E9%9B%A8%E4%B8%AD%E4%B8%8E%E8%AF%B8%E6%96%87%E5%A3%AB%E7%87%95%E9%9B%86"
        },
        {
            "id": "初发扬子寄元大校书",
            "url": "https://baike.baidu.com/item/%E5%88%9D%E5%8F%91%E6%89%AC%E5%AD%90%E5%AF%84%E5%85%83%E5%A4%A7%E6%A0%A1%E4%B9%A6"
        },
        {
            "id": "寄全椒山中道士",
            "url": "https://baike.baidu.com/item/%E5%AF%84%E5%85%A8%E6%A4%92%E5%B1%B1%E4%B8%AD%E9%81%93%E5%A3%AB"
        },
        {
            "id": "宿王昌龄隐居",
            "url": "https://baike.baidu.com/item/%E5%AE%BF%E7%8E%8B%E6%98%8C%E9%BE%84%E9%9A%90%E5%B1%85"
        },
        {
            "id": "感遇",
            "url": "https://baike.baidu.com/item/%E6%84%9F%E9%81%87/2798261"
        },
        {
            "id": "感遇",
            "url": "https://baike.baidu.com/item/%E6%84%9F%E9%81%87/2798261"
        },
        {
            "id": "春泛若耶溪",
            "url": "https://baike.baidu.com/item/%E6%98%A5%E6%B3%9B%E8%8B%A5%E8%80%B6%E6%BA%AA"
        },
        {
            "id": "石鱼湖上醉歌",
            "url": "https://baike.baidu.com/item/%E7%9F%B3%E9%B1%BC%E6%B9%96%E4%B8%8A%E9%86%89%E6%AD%8C"
        },
        {
            "id": "长恨歌",
            "url": "https://baike.baidu.com/item/%E9%95%BF%E6%81%A8%E6%AD%8C/22524"
        },
        {
            "id": "琵琶行·并序",
            "url": "https://baike.baidu.com/item/%E7%90%B5%E7%90%B6%E8%A1%8C%C2%B7%E5%B9%B6%E5%BA%8F"
        },
        {
            "id": "走马川行奉送封大夫出师西征",
            "url": "https://baike.baidu.com/item/%E8%B5%B0%E9%A9%AC%E5%B7%9D%E8%A1%8C%E5%A5%89%E9%80%81%E5%B0%81%E5%A4%A7%E5%A4%AB%E5%87%BA%E5%B8%88%E8%A5%BF%E5%BE%81"
        },
        {
            "id": "轮台歌奉送封大夫出师西征",
            "url": "https://baike.baidu.com/item/%E8%BD%AE%E5%8F%B0%E6%AD%8C%E5%A5%89%E9%80%81%E5%B0%81%E5%A4%A7%E5%A4%AB%E5%87%BA%E5%B8%88%E8%A5%BF%E5%BE%81"
        },
        {
            "id": "白雪歌送武判官归京",
            "url": "https://baike.baidu.com/item/%E7%99%BD%E9%9B%AA%E6%AD%8C%E9%80%81%E6%AD%A6%E5%88%A4%E5%AE%98%E5%BD%92%E4%BA%AC"
        },
        {
            "id": "宣州谢朓楼饯别校书叔云",
            "url": "https://baike.baidu.com/item/%E5%AE%A3%E5%B7%9E%E8%B0%A2%E6%9C%93%E6%A5%BC%E9%A5%AF%E5%88%AB%E6%A0%A1%E4%B9%A6%E5%8F%94%E4%BA%91"
        },
        {
            "id": "庐山谣寄卢侍御虚舟",
            "url": "https://baike.baidu.com/item/%E5%BA%90%E5%B1%B1%E8%B0%A3%E5%AF%84%E5%8D%A2%E4%BE%8D%E5%BE%A1%E8%99%9A%E8%88%9F"
        },
        {
            "id": "梦游天姥吟留别",
            "url": "https://baike.baidu.com/item/%E6%A2%A6%E6%B8%B8%E5%A4%A9%E5%A7%A5%E5%90%9F%E7%95%99%E5%88%AB"
        },
        {
            "id": "金陵酒肆留别",
            "url": "https://baike.baidu.com/item/%E9%87%91%E9%99%B5%E9%85%92%E8%82%86%E7%95%99%E5%88%AB"
        },
        {
            "id": "韩碑",
            "url": "https://baike.baidu.com/item/%E9%9F%A9%E7%A2%91"
        },
        {
            "id": "听董大弹胡笳声兼寄语弄房给事",
            "url": "https://baike.baidu.com/item/%E5%90%AC%E8%91%A3%E5%A4%A7%E5%BC%B9%E8%83%A1%E7%AC%B3%E5%A3%B0%E5%85%BC%E5%AF%84%E8%AF%AD%E5%BC%84%E6%88%BF%E7%BB%99%E4%BA%8B"
        },
        {
            "id": "听安万善吹筚篥歌",
            "url": "https://baike.baidu.com/item/%E5%90%AC%E5%AE%89%E4%B8%87%E5%96%84%E5%90%B9%E7%AD%9A%E7%AF%A5%E6%AD%8C"
        },
        {
            "id": "古意",
            "url": "https://baike.baidu.com/item/%E5%8F%A4%E6%84%8F/1693538"
        },
        {
            "id": "送陈章甫",
            "url": "https://baike.baidu.com/item/%E9%80%81%E9%99%88%E7%AB%A0%E7%94%AB"
        },
        {
            "id": "琴歌",
            "url": "https://baike.baidu.com/item/%E7%90%B4%E6%AD%8C/4042171"
        },
        {
            "id": "古柏行",
            "url": "https://baike.baidu.com/item/%E5%8F%A4%E6%9F%8F%E8%A1%8C"
        },
        {
            "id": "观公孙大娘弟子舞剑器行",
            "url": "https://baike.baidu.com/item/%E8%A7%82%E5%85%AC%E5%AD%99%E5%A4%A7%E5%A8%98%E5%BC%9F%E5%AD%90%E8%88%9E%E5%89%91%E5%99%A8%E8%A1%8C"
        },
        {
            "id": "韦讽录事宅观曹将军画马图",
            "url": "https://baike.baidu.com/item/%E9%9F%A6%E8%AE%BD%E5%BD%95%E4%BA%8B%E5%AE%85%E8%A7%82%E6%9B%B9%E5%B0%86%E5%86%9B%E7%94%BB%E9%A9%AC%E5%9B%BE"
        },
        {
            "id": "丹青引赠曹霸将军",
            "url": "https://baike.baidu.com/item/%E4%B8%B9%E9%9D%92%E5%BC%95%E8%B5%A0%E6%9B%B9%E9%9C%B8%E5%B0%86%E5%86%9B"
        },
        {
            "id": "寄韩谏议",
            "url": "https://baike.baidu.com/item/%E5%AF%84%E9%9F%A9%E8%B0%8F%E8%AE%AE"
        },
        {
            "id": "夜归鹿门山歌",
            "url": "https://baike.baidu.com/item/%E5%A4%9C%E5%BD%92%E9%B9%BF%E9%97%A8%E5%B1%B1%E6%AD%8C"
        },
        {
            "id": "渔翁",
            "url": "https://baike.baidu.com/item/%E6%B8%94%E7%BF%81"
        },
        {
            "id": "登幽州台歌",
            "url": "https://baike.baidu.com/item/%E7%99%BB%E5%B9%BD%E5%B7%9E%E5%8F%B0%E6%AD%8C"
        },
        {
            "id": "石鼓歌",
            "url": "https://baike.baidu.com/item/%E7%9F%B3%E9%BC%93%E6%AD%8C/6352978"
        },
        {
            "id": "山石",
            "url": "https://baike.baidu.com/item/%E5%B1%B1%E7%9F%B3/59294"
        },
        {
            "id": "八月十五夜赠张功曹",
            "url": "https://baike.baidu.com/item/%E5%85%AB%E6%9C%88%E5%8D%81%E4%BA%94%E5%A4%9C%E8%B5%A0%E5%BC%A0%E5%8A%9F%E6%9B%B9"
        },
        {
            "id": "谒衡岳庙遂宿岳寺题门楼",
            "url": "https://baike.baidu.com/item/%E8%B0%92%E8%A1%A1%E5%B2%B3%E5%BA%99%E9%81%82%E5%AE%BF%E5%B2%B3%E5%AF%BA%E9%A2%98%E9%97%A8%E6%A5%BC"
        },
        {
            "id": "凉州词",
            "url": "https://baike.baidu.com/item/%E5%87%89%E5%B7%9E%E8%AF%8D/189"
        },
        {
            "id": "出塞",
            "url": "https://baike.baidu.com/item/%E5%87%BA%E5%A1%9E/170"
        },
        {
            "id": "塞上曲·蝉鸣空桑林",
            "url": "https://baike.baidu.com/item/%E5%A1%9E%E4%B8%8A%E6%9B%B2%C2%B7%E8%9D%89%E9%B8%A3%E7%A9%BA%E6%A1%91%E6%9E%97"
        },
        {
            "id": "塞下曲·饮马渡秋水",
            "url": "https://baike.baidu.com/item/%E5%A1%9E%E4%B8%8B%E6%9B%B2%C2%B7%E9%A5%AE%E9%A9%AC%E6%B8%A1%E7%A7%8B%E6%B0%B4"
        },
        {
            "id": "长信怨",
            "url": "https://baike.baidu.com/item/%E9%95%BF%E4%BF%A1%E6%80%A8"
        },
        {
            "id": "渭城曲",
            "url": "https://baike.baidu.com/item/%E6%B8%AD%E5%9F%8E%E6%9B%B2/3884"
        },
        {
            "id": "秋夜曲",
            "url": "https://baike.baidu.com/item/%E7%A7%8B%E5%A4%9C%E6%9B%B2/2422"
        },
        {
            "id": "洛阳女儿行",
            "url": "https://baike.baidu.com/item/%E6%B4%9B%E9%98%B3%E5%A5%B3%E5%84%BF%E8%A1%8C/8498"
        },
        {
            "id": "老将行",
            "url": "https://baike.baidu.com/item/%E8%80%81%E5%B0%86%E8%A1%8C"
        },
        {
            "id": "桃源行",
            "url": "https://baike.baidu.com/item/%E6%A1%83%E6%BA%90%E8%A1%8C/83631"
        },
        {
            "id": "云想衣裳花想容",
            "url": "https://baike.baidu.com/item/%E4%BA%91%E6%83%B3%E8%A1%A3%E8%A3%B3%E8%8A%B1%E6%83%B3%E5%AE%B9/2502996"
        },
        {
            "id": "清平调",
            "url": "https://baike.baidu.com/item/%E6%B8%85%E5%B9%B3%E8%B0%83/8057658"
        },
        {
            "id": "行路难",
            "url": "https://baike.baidu.com/item/%E8%A1%8C%E8%B7%AF%E9%9A%BE/806630"
        },
        {
            "id": "行路难·大道如青天",
            "url": "https://baike.baidu.com/item/%E8%A1%8C%E8%B7%AF%E9%9A%BE%C2%B7%E5%A4%A7%E9%81%93%E5%A6%82%E9%9D%92%E5%A4%A9"
        },
        {
            "id": "行路难·有耳莫洗颍川水",
            "url": "https://baike.baidu.com/item/%E8%A1%8C%E8%B7%AF%E9%9A%BE%C2%B7%E6%9C%89%E8%80%B3%E8%8E%AB%E6%B4%97%E9%A2%8D%E5%B7%9D%E6%B0%B4"
        },
        {
            "id": "将进酒",
            "url": "https://baike.baidu.com/item/%E5%B0%86%E8%BF%9B%E9%85%92/5312"
        },
        {
            "id": "玉阶怨",
            "url": "https://baike.baidu.com/item/%E7%8E%89%E9%98%B6%E6%80%A8/6694445"
        },
        {
            "id": "长相思",
            "url": "https://baike.baidu.com/item/%E9%95%BF%E7%9B%B8%E6%80%9D/6815876"
        },
        {
            "id": "长干行",
            "url": "https://baike.baidu.com/item/%E9%95%BF%E5%B9%B2%E8%A1%8C/7247065"
        },
        {
            "id": "蜀道难",
            "url": "https://baike.baidu.com/item/%E8%9C%80%E9%81%93%E9%9A%BE/14470"
        },
        {
            "id": "子夜吴歌·春歌",
            "url": "https://baike.baidu.com/item/%E5%AD%90%E5%A4%9C%E5%90%B4%E6%AD%8C%C2%B7%E6%98%A5%E6%AD%8C"
        },
        {
            "id": "关山月",
            "url": "https://baike.baidu.com/item/%E5%85%B3%E5%B1%B1%E6%9C%88/7037360"
        },
        {
            "id": "江南曲",
            "url": "https://baike.baidu.com/item/%E6%B1%9F%E5%8D%97%E6%9B%B2/1909720"
        },
        {
            "id": "古从军行",
            "url": "https://baike.baidu.com/item/%E5%8F%A4%E4%BB%8E%E5%86%9B%E8%A1%8C"
        },
        {
            "id": "哀王孙",
            "url": "https://baike.baidu.com/item/%E5%93%80%E7%8E%8B%E5%AD%99/5612359"
        },
        {
            "id": "兵车行",
            "url": "https://baike.baidu.com/item/%E5%85%B5%E8%BD%A6%E8%A1%8C"
        },
        {
            "id": "丽人行",
            "url": "https://baike.baidu.com/item/%E4%B8%BD%E4%BA%BA%E8%A1%8C/5063"
        },
        {
            "id": "哀江头",
            "url": "https://baike.baidu.com/item/%E5%93%80%E6%B1%9F%E5%A4%B4"
        },
        {
            "id": "金缕衣",
            "url": "https://baike.baidu.com/item/%E9%87%91%E7%BC%95%E8%A1%A3/6157287"
        },
        {
            "id": "独不见",
            "url": "https://baike.baidu.com/item/%E7%8B%AC%E4%B8%8D%E8%A7%81"
        },
        {
            "id": "烈女操",
            "url": "https://baike.baidu.com/item/%E7%83%88%E5%A5%B3%E6%93%8D"
        },
        {
            "id": "燕歌行·并序",
            "url": "https://baike.baidu.com/item/%E7%87%95%E6%AD%8C%E8%A1%8C%C2%B7%E5%B9%B6%E5%BA%8F"
        },
        {
            "id": "长干行·君家何处住",
            "url": "https://baike.baidu.com/item/%E9%95%BF%E5%B9%B2%E8%A1%8C%C2%B7%E5%90%9B%E5%AE%B6%E4%BD%95%E5%A4%84%E4%BD%8F"
        },
        {
            "id": "长干行·家临九江水",
            "url": "https://baike.baidu.com/item/%E9%95%BF%E5%B9%B2%E8%A1%8C%C2%B7%E5%AE%B6%E4%B8%B4%E4%B9%9D%E6%B1%9F%E6%B0%B4"
        },
        {
            "id": "塞下曲·鹫翎金仆姑",
            "url": "https://baike.baidu.com/item/%E5%A1%9E%E4%B8%8B%E6%9B%B2%C2%B7%E9%B9%AB%E7%BF%8E%E9%87%91%E4%BB%86%E5%A7%91"
        },
        {
            "id": "塞下曲·野幕敞琼筵",
            "url": "https://baike.baidu.com/item/%E5%A1%9E%E4%B8%8B%E6%9B%B2%C2%B7%E9%87%8E%E5%B9%95%E6%95%9E%E7%90%BC%E7%AD%B5"
        },
        {
            "id": "行宫",
            "url": "https://baike.baidu.com/item/%E8%A1%8C%E5%AE%AB/5867288"
        },
        {
            "id": "登鹳雀楼",
            "url": "https://baike.baidu.com/item/%E7%99%BB%E9%B9%B3%E9%9B%80%E6%A5%BC/5590"
        },
        {
            "id": "新嫁娘词",
            "url": "https://baike.baidu.com/item/%E6%96%B0%E5%AB%81%E5%A8%98%E8%AF%8D"
        },
        {
            "id": "相思",
            "url": "https://baike.baidu.com/item/%E7%9B%B8%E6%80%9D/5611027"
        },
        {
            "id": "杂诗",
            "url": "https://baike.baidu.com/item/%E6%9D%82%E8%AF%97/1687965"
        },
        {
            "id": "鹿柴",
            "url": "https://baike.baidu.com/item/%E9%B9%BF%E6%9F%B4"
        },
        {
            "id": "竹里馆",
            "url": "https://baike.baidu.com/item/%E7%AB%B9%E9%87%8C%E9%A6%86"
        },
        {
            "id": "山中送别",
            "url": "https://baike.baidu.com/item/%E5%B1%B1%E4%B8%AD%E9%80%81%E5%88%AB"
        },
        {
            "id": "问刘十九",
            "url": "https://baike.baidu.com/item/%E9%97%AE%E5%88%98%E5%8D%81%E4%B9%9D"
        },
        {
            "id": "哥舒歌",
            "url": "https://baike.baidu.com/item/%E5%93%A5%E8%88%92%E6%AD%8C"
        },
        {
            "id": "静夜思",
            "url": "https://baike.baidu.com/item/%E9%9D%99%E5%A4%9C%E6%80%9D"
        },
        {
            "id": "怨情",
            "url": "https://baike.baidu.com/item/%E6%80%A8%E6%83%85/2582846"
        },
        {
            "id": "登乐游原",
            "url": "https://baike.baidu.com/item/%E7%99%BB%E4%B9%90%E6%B8%B8%E5%8E%9F/2886206"
        },
        {
            "id": "听筝",
            "url": "https://baike.baidu.com/item/%E5%90%AC%E7%AD%9D/9269"
        },
        {
            "id": "八阵图",
            "url": "https://baike.baidu.com/item/%E5%85%AB%E9%98%B5%E5%9B%BE/3707897"
        },
        {
            "id": "宿建德江",
            "url": "https://baike.baidu.com/item/%E5%AE%BF%E5%BB%BA%E5%BE%B7%E6%B1%9F"
        },
        {
            "id": "春晓",
            "url": "https://baike.baidu.com/item/%E6%98%A5%E6%99%93/31425"
        },
        {
            "id": "春怨",
            "url": "https://baike.baidu.com/item/%E6%98%A5%E6%80%A8/17562"
        },
        {
            "id": "江雪",
            "url": "https://baike.baidu.com/item/%E6%B1%9F%E9%9B%AA/2059572"
        },
        {
            "id": "秋夜寄邱员外",
            "url": "https://baike.baidu.com/item/%E7%A7%8B%E5%A4%9C%E5%AF%84%E9%82%B1%E5%91%98%E5%A4%96"
        },
        {
            "id": "终南望余雪",
            "url": "https://baike.baidu.com/item/%E7%BB%88%E5%8D%97%E6%9C%9B%E4%BD%99%E9%9B%AA"
        },
        {
            "id": "宫词",
            "url": "https://baike.baidu.com/item/%E5%AE%AB%E8%AF%8D/9847657"
        },
        {
            "id": "寻隐者不遇",
            "url": "https://baike.baidu.com/item/%E5%AF%BB%E9%9A%90%E8%80%85%E4%B8%8D%E9%81%87/38005"
        },
        {
            "id": "送崔九",
            "url": "https://baike.baidu.com/item/%E9%80%81%E5%B4%94%E4%B9%9D"
        },
        {
            "id": "送灵澈",
            "url": "https://baike.baidu.com/item/%E9%80%81%E7%81%B5%E6%BE%88"
        },
        {
            "id": "听弹琴",
            "url": "https://baike.baidu.com/item/%E5%90%AC%E5%BC%B9%E7%90%B4"
        },
        {
            "id": "送上人",
            "url": "https://baike.baidu.com/item/%E9%80%81%E4%B8%8A%E4%BA%BA"
        },
        {
            "id": "玉台体",
            "url": "https://baike.baidu.com/item/%E7%8E%89%E5%8F%B0%E4%BD%93/6194005"
        },
        {
            "id": "芙蓉楼送辛渐",
            "url": "https://baike.baidu.com/item/%E8%8A%99%E8%93%89%E6%A5%BC%E9%80%81%E8%BE%9B%E6%B8%90"
        },
        {
            "id": "闺怨",
            "url": "https://baike.baidu.com/item/%E9%97%BA%E6%80%A8/5802506"
        },
        {
            "id": "春宫曲",
            "url": "https://baike.baidu.com/item/%E6%98%A5%E5%AE%AB%E6%9B%B2"
        },
        {
            "id": "九月九日忆山东兄弟",
            "url": "https://baike.baidu.com/item/%E4%B9%9D%E6%9C%88%E4%B9%9D%E6%97%A5%E5%BF%86%E5%B1%B1%E4%B8%9C%E5%85%84%E5%BC%9F"
        },
        {
            "id": "凉州词",
            "url": "https://baike.baidu.com/item/%E5%87%89%E5%B7%9E%E8%AF%8D/585997"
        },
        {
            "id": "后宫词",
            "url": "https://baike.baidu.com/item/%E5%90%8E%E5%AE%AB%E8%AF%8D"
        },
        {
            "id": "宫中词",
            "url": "https://baike.baidu.com/item/%E5%AE%AB%E4%B8%AD%E8%AF%8D"
        },
        {
            "id": "近试上张水部",
            "url": "https://baike.baidu.com/item/%E8%BF%91%E8%AF%95%E4%B8%8A%E5%BC%A0%E6%B0%B4%E9%83%A8"
        },
        {
            "id": "逢入京使",
            "url": "https://baike.baidu.com/item/%E9%80%A2%E5%85%A5%E4%BA%AC%E4%BD%BF"
        },
        {
            "id": "黄鹤楼送孟浩然之广陵",
            "url": "https://baike.baidu.com/item/%E9%BB%84%E9%B9%A4%E6%A5%BC%E9%80%81%E5%AD%9F%E6%B5%A9%E7%84%B6%E4%B9%8B%E5%B9%BF%E9%99%B5"
        },
        {
            "id": "早发白帝城",
            "url": "https://baike.baidu.com/item/%E6%97%A9%E5%8F%91%E7%99%BD%E5%B8%9D%E5%9F%8E"
        },
        {
            "id": "夜上受降城闻笛",
            "url": "https://baike.baidu.com/item/%E5%A4%9C%E4%B8%8A%E5%8F%97%E9%99%8D%E5%9F%8E%E9%97%BB%E7%AC%9B"
        },
        {
            "id": "贾生",
            "url": "https://baike.baidu.com/item/%E8%B4%BE%E7%94%9F/7302321"
        },
        {
            "id": "隋宫",
            "url": "https://baike.baidu.com/item/%E9%9A%8B%E5%AE%AB/62941"
        },
        {
            "id": "瑶池",
            "url": "https://baike.baidu.com/item/%E7%91%B6%E6%B1%A0/2917896"
        },
        {
            "id": "嫦娥",
            "url": "https://baike.baidu.com/item/%E5%AB%A6%E5%A8%A5/3427959"
        },
        {
            "id": "夜雨寄北",
            "url": "https://baike.baidu.com/item/%E5%A4%9C%E9%9B%A8%E5%AF%84%E5%8C%97"
        },
        {
            "id": "寄令狐郎中",
            "url": "https://baike.baidu.com/item/%E5%AF%84%E4%BB%A4%E7%8B%90%E9%83%8E%E4%B8%AD"
        },
        {
            "id": "为有",
            "url": "https://baike.baidu.com/item/%E4%B8%BA%E6%9C%89"
        },
        {
            "id": "江南逢李龟年",
            "url": "https://baike.baidu.com/item/%E6%B1%9F%E5%8D%97%E9%80%A2%E6%9D%8E%E9%BE%9F%E5%B9%B4"
        },
        {
            "id": "赠别二首",
            "url": "https://baike.baidu.com/item/%E8%B5%A0%E5%88%AB%E4%BA%8C%E9%A6%96"
        },
        {
            "id": "金谷园",
            "url": "https://baike.baidu.com/item/%E9%87%91%E8%B0%B7%E5%9B%AD/14815559"
        },
        {
            "id": "寄扬州韩绰判官",
            "url": "https://baike.baidu.com/item/%E5%AF%84%E6%89%AC%E5%B7%9E%E9%9F%A9%E7%BB%B0%E5%88%A4%E5%AE%98"
        },
        {
            "id": "遣怀",
            "url": "https://baike.baidu.com/item/%E9%81%A3%E6%80%80/5197974"
        },
        {
            "id": "秋夕",
            "url": "https://baike.baidu.com/item/%E7%A7%8B%E5%A4%95/8977"
        },
        {
            "id": "将赴吴兴登乐游原一绝",
            "url": "https://baike.baidu.com/item/%E5%B0%86%E8%B5%B4%E5%90%B4%E5%85%B4%E7%99%BB%E4%B9%90%E6%B8%B8%E5%8E%9F%E4%B8%80%E7%BB%9D"
        },
        {
            "id": "赤壁",
            "url": "https://baike.baidu.com/item/%E8%B5%A4%E5%A3%81/9108080"
        },
        {
            "id": "泊秦淮",
            "url": "https://baike.baidu.com/item/%E6%B3%8A%E7%A7%A6%E6%B7%AE"
        },
        {
            "id": "征人怨",
            "url": "https://baike.baidu.com/item/%E5%BE%81%E4%BA%BA%E6%80%A8"
        },
        {
            "id": "金陵图",
            "url": "https://baike.baidu.com/item/%E9%87%91%E9%99%B5%E5%9B%BE"
        },
        {
            "id": "滁州西涧",
            "url": "https://baike.baidu.com/item/%E6%BB%81%E5%B7%9E%E8%A5%BF%E6%B6%A7"
        },
        {
            "id": "桃花溪",
            "url": "https://baike.baidu.com/item/%E6%A1%83%E8%8A%B1%E6%BA%AA/2936327"
        },
        {
            "id": "寄人",
            "url": "https://baike.baidu.com/item/%E5%AF%84%E4%BA%BA"
        },
        {
            "id": "题金陵渡",
            "url": "https://baike.baidu.com/item/%E9%A2%98%E9%87%91%E9%99%B5%E6%B8%A1"
        },
        {
            "id": "赠内人",
            "url": "https://baike.baidu.com/item/%E8%B5%A0%E5%86%85%E4%BA%BA"
        },
        {
            "id": "集灵台二首",
            "url": "https://baike.baidu.com/item/%E9%9B%86%E7%81%B5%E5%8F%B0%E4%BA%8C%E9%A6%96"
        },
        {
            "id": "枫桥夜泊",
            "url": "https://baike.baidu.com/item/%E6%9E%AB%E6%A1%A5%E5%A4%9C%E6%B3%8A/117"
        },
        {
            "id": "陇西行",
            "url": "https://baike.baidu.com/item/%E9%99%87%E8%A5%BF%E8%A1%8C/3381212"
        },
        {
            "id": "杂诗",
            "url": "https://baike.baidu.com/item/%E6%9D%82%E8%AF%97/1687994"
        },
        {
            "id": "回乡偶书",
            "url": "https://baike.baidu.com/item/%E5%9B%9E%E4%B9%A1%E5%81%B6%E4%B9%A6"
        },
        {
            "id": "瑶瑟怨",
            "url": "https://baike.baidu.com/item/%E7%91%B6%E7%91%9F%E6%80%A8"
        },
        {
            "id": "月夜",
            "url": "https://baike.baidu.com/item/%E6%9C%88%E5%A4%9C/10641332"
        },
        {
            "id": "春怨",
            "url": "https://baike.baidu.com/item/%E6%98%A5%E6%80%A8/1352364"
        },
        {
            "id": "乌衣巷",
            "url": "https://baike.baidu.com/item/%E4%B9%8C%E8%A1%A3%E5%B7%B7/2456411"
        },
        {
            "id": "春词",
            "url": "https://baike.baidu.com/item/%E6%98%A5%E8%AF%8D/2361366"
        },
        {
            "id": "马嵬坡",
            "url": "https://baike.baidu.com/item/%E9%A9%AC%E5%B5%AC%E5%9D%A1"
        },
        {
            "id": "寒食",
            "url": "https://baike.baidu.com/item/%E5%AF%92%E9%A3%9F/2692350"
        },
        {
            "id": "已凉",
            "url": "https://baike.baidu.com/item/%E5%B7%B2%E5%87%89"
        },
        {
            "id": "宫词",
            "url": "https://baike.baidu.com/item/%E5%AE%AB%E8%AF%8D/35390"
        },
        {
            "id": "送杜少府之任蜀州",
            "url": "https://baike.baidu.com/item/%E9%80%81%E6%9D%9C%E5%B0%91%E5%BA%9C%E4%B9%8B%E4%BB%BB%E8%9C%80%E5%B7%9E"
        },
        {
            "id": "送梓州李使君",
            "url": "https://baike.baidu.com/item/%E9%80%81%E6%A2%93%E5%B7%9E%E6%9D%8E%E4%BD%BF%E5%90%9B"
        },
        {
            "id": "汉江临眺",
            "url": "https://baike.baidu.com/item/%E6%B1%89%E6%B1%9F%E4%B8%B4%E7%9C%BA"
        },
        {
            "id": "终南别业",
            "url": "https://baike.baidu.com/item/%E7%BB%88%E5%8D%97%E5%88%AB%E4%B8%9A"
        },
        {
            "id": "终南山",
            "url": "https://baike.baidu.com/item/%E7%BB%88%E5%8D%97%E5%B1%B1/2744998"
        },
        {
            "id": "酬张少府",
            "url": "https://baike.baidu.com/item/%E9%85%AC%E5%BC%A0%E5%B0%91%E5%BA%9C"
        },
        {
            "id": "过香积寺",
            "url": "https://baike.baidu.com/item/%E8%BF%87%E9%A6%99%E7%A7%AF%E5%AF%BA"
        },
        {
            "id": "辋川闲居赠裴秀才迪",
            "url": "https://baike.baidu.com/item/%E8%BE%8B%E5%B7%9D%E9%97%B2%E5%B1%85%E8%B5%A0%E8%A3%B4%E7%A7%80%E6%89%8D%E8%BF%AA"
        },
        {
            "id": "山居秋暝",
            "url": "https://baike.baidu.com/item/%E5%B1%B1%E5%B1%85%E7%A7%8B%E6%9A%9D"
        },
        {
            "id": "归嵩山作",
            "url": "https://baike.baidu.com/item/%E5%BD%92%E5%B5%A9%E5%B1%B1%E4%BD%9C"
        },
        {
            "id": "次北固山下",
            "url": "https://baike.baidu.com/item/%E6%AC%A1%E5%8C%97%E5%9B%BA%E5%B1%B1%E4%B8%8B"
        },
        {
            "id": "云阳馆与韩绅宿别",
            "url": "https://baike.baidu.com/item/%E4%BA%91%E9%98%B3%E9%A6%86%E4%B8%8E%E9%9F%A9%E7%BB%85%E5%AE%BF%E5%88%AB"
        },
        {
            "id": "喜外弟卢纶见宿",
            "url": "https://baike.baidu.com/item/%E5%96%9C%E5%A4%96%E5%BC%9F%E5%8D%A2%E7%BA%B6%E8%A7%81%E5%AE%BF"
        },
        {
            "id": "贼平后送人北归",
            "url": "https://baike.baidu.com/item/%E8%B4%BC%E5%B9%B3%E5%90%8E%E9%80%81%E4%BA%BA%E5%8C%97%E5%BD%92"
        },
        {
            "id": "赋得古原草送别",
            "url": "https://baike.baidu.com/item/%E8%B5%8B%E5%BE%97%E5%8F%A4%E5%8E%9F%E8%8D%89%E9%80%81%E5%88%AB"
        },
        {
            "id": "题大庾岭北驿",
            "url": "https://baike.baidu.com/item/%E9%A2%98%E5%A4%A7%E5%BA%BE%E5%B2%AD%E5%8C%97%E9%A9%BF"
        },
        {
            "id": "寄左省杜拾遗",
            "url": "https://baike.baidu.com/item/%E5%AF%84%E5%B7%A6%E7%9C%81%E6%9D%9C%E6%8B%BE%E9%81%97"
        },
        {
            "id": "听蜀僧浚弹琴",
            "url": "https://baike.baidu.com/item/%E5%90%AC%E8%9C%80%E5%83%A7%E6%B5%9A%E5%BC%B9%E7%90%B4"
        },
        {
            "id": "夜泊牛渚怀古",
            "url": "https://baike.baidu.com/item/%E5%A4%9C%E6%B3%8A%E7%89%9B%E6%B8%9A%E6%80%80%E5%8F%A4"
        },
        {
            "id": "赠孟浩然",
            "url": "https://baike.baidu.com/item/%E8%B5%A0%E5%AD%9F%E6%B5%A9%E7%84%B6"
        },
        {
            "id": "渡荆门送别",
            "url": "https://baike.baidu.com/item/%E6%B8%A1%E8%8D%86%E9%97%A8%E9%80%81%E5%88%AB"
        },
        {
            "id": "送友人",
            "url": "https://baike.baidu.com/item/%E9%80%81%E5%8F%8B%E4%BA%BA/8501"
        },
        {
            "id": "喜见外弟又言别",
            "url": "https://baike.baidu.com/item/%E5%96%9C%E8%A7%81%E5%A4%96%E5%BC%9F%E5%8F%88%E8%A8%80%E5%88%AB"
        },
        {
            "id": "凉思",
            "url": "https://baike.baidu.com/item/%E5%87%89%E6%80%9D"
        },
        {
            "id": "北青萝",
            "url": "https://baike.baidu.com/item/%E5%8C%97%E9%9D%92%E8%90%9D/6967860"
        },
        {
            "id": "蝉",
            "url": "https://baike.baidu.com/item/%E8%9D%89/3589130"
        },
        {
            "id": "风雨",
            "url": "https://baike.baidu.com/item/%E9%A3%8E%E9%9B%A8/5805745"
        },
        {
            "id": "登岳阳楼",
            "url": "https://baike.baidu.com/item/%E7%99%BB%E5%B2%B3%E9%98%B3%E6%A5%BC/295"
        },
        {
            "id": "奉济驿重送严公四韵",
            "url": "https://baike.baidu.com/item/%E5%A5%89%E6%B5%8E%E9%A9%BF%E9%87%8D%E9%80%81%E4%B8%A5%E5%85%AC%E5%9B%9B%E9%9F%B5"
        },
        {
            "id": "别房太尉墓",
            "url": "https://baike.baidu.com/item/%E5%88%AB%E6%88%BF%E5%A4%AA%E5%B0%89%E5%A2%93"
        },
        {
            "id": "旅夜书怀",
            "url": "https://baike.baidu.com/item/%E6%97%85%E5%A4%9C%E4%B9%A6%E6%80%80"
        },
        {
            "id": "月夜忆舍弟",
            "url": "https://baike.baidu.com/item/%E6%9C%88%E5%A4%9C%E5%BF%86%E8%88%8D%E5%BC%9F"
        },
        {
            "id": "天末怀李白",
            "url": "https://baike.baidu.com/item/%E5%A4%A9%E6%9C%AB%E6%80%80%E6%9D%8E%E7%99%BD"
        },
        {
            "id": "月夜",
            "url": "https://baike.baidu.com/item/%E6%9C%88%E5%A4%9C/10641322"
        },
        {
            "id": "春望",
            "url": "https://baike.baidu.com/item/%E6%98%A5%E6%9C%9B/263"
        },
        {
            "id": "春宿左省",
            "url": "https://baike.baidu.com/item/%E6%98%A5%E5%AE%BF%E5%B7%A6%E7%9C%81"
        },
        {
            "id": "旅宿",
            "url": "https://baike.baidu.com/item/%E6%97%85%E5%AE%BF"
        },
        {
            "id": "春宫怨",
            "url": "https://baike.baidu.com/item/%E6%98%A5%E5%AE%AB%E6%80%A8/1688969"
        },
        {
            "id": "和晋陵陆丞早春游望",
            "url": "https://baike.baidu.com/item/%E5%92%8C%E6%99%8B%E9%99%B5%E9%99%86%E4%B8%9E%E6%97%A9%E6%98%A5%E6%B8%B8%E6%9C%9B"
        },
        {
            "id": "杂诗",
            "url": "https://baike.baidu.com/item/%E6%9D%82%E8%AF%97/1687979"
        },
        {
            "id": "宿桐庐江寄广陵旧游",
            "url": "https://baike.baidu.com/item/%E5%AE%BF%E6%A1%90%E5%BA%90%E6%B1%9F%E5%AF%84%E5%B9%BF%E9%99%B5%E6%97%A7%E6%B8%B8"
        },
        {
            "id": "留别王维",
            "url": "https://baike.baidu.com/item/%E7%95%99%E5%88%AB%E7%8E%8B%E7%BB%B4"
        },
        {
            "id": "早寒有怀",
            "url": "https://baike.baidu.com/item/%E6%97%A9%E5%AF%92%E6%9C%89%E6%80%80"
        },
        {
            "id": "岁暮归南山",
            "url": "https://baike.baidu.com/item/%E5%B2%81%E6%9A%AE%E5%BD%92%E5%8D%97%E5%B1%B1"
        },
        {
            "id": "过故人庄",
            "url": "https://baike.baidu.com/item/%E8%BF%87%E6%95%85%E4%BA%BA%E5%BA%84"
        },
        {
            "id": "秦中寄远上人",
            "url": "https://baike.baidu.com/item/%E7%A7%A6%E4%B8%AD%E5%AF%84%E8%BF%9C%E4%B8%8A%E4%BA%BA"
        },
        {
            "id": "望洞庭湖赠张丞相",
            "url": "https://baike.baidu.com/item/%E6%9C%9B%E6%B4%9E%E5%BA%AD%E6%B9%96%E8%B5%A0%E5%BC%A0%E4%B8%9E%E7%9B%B8"
        },
        {
            "id": "与诸子登岘山",
            "url": "https://baike.baidu.com/item/%E4%B8%8E%E8%AF%B8%E5%AD%90%E7%99%BB%E5%B2%98%E5%B1%B1"
        },
        {
            "id": "宴梅道士山房",
            "url": "https://baike.baidu.com/item/%E5%AE%B4%E6%A2%85%E9%81%93%E5%A3%AB%E5%B1%B1%E6%88%BF"
        },
        {
            "id": "章台夜思",
            "url": "https://baike.baidu.com/item/%E7%AB%A0%E5%8F%B0%E5%A4%9C%E6%80%9D"
        },
        {
            "id": "淮上喜会梁州故人",
            "url": "https://baike.baidu.com/item/%E6%B7%AE%E4%B8%8A%E5%96%9C%E4%BC%9A%E6%A2%81%E5%B7%9E%E6%95%85%E4%BA%BA"
        },
        {
            "id": "赋得暮雨送李曹",
            "url": "https://baike.baidu.com/item/%E8%B5%8B%E5%BE%97%E6%9A%AE%E9%9B%A8%E9%80%81%E6%9D%8E%E6%9B%B9"
        },
        {
            "id": "经邹鲁祭孔子而叹之",
            "url": "https://baike.baidu.com/item/%E7%BB%8F%E9%82%B9%E9%B2%81%E7%A5%AD%E5%AD%94%E5%AD%90%E8%80%8C%E5%8F%B9%E4%B9%8B"
        },
        {
            "id": "灞上秋居",
            "url": "https://baike.baidu.com/item/%E7%81%9E%E4%B8%8A%E7%A7%8B%E5%B1%85"
        },
        {
            "id": "楚江怀古",
            "url": "https://baike.baidu.com/item/%E6%A5%9A%E6%B1%9F%E6%80%80%E5%8F%A4"
        },
        {
            "id": "除夜有怀",
            "url": "https://baike.baidu.com/item/%E9%99%A4%E5%A4%9C%E6%9C%89%E6%80%80"
        },
        {
            "id": "孤雁",
            "url": "https://baike.baidu.com/item/%E5%AD%A4%E9%9B%81/3021547"
        },
        {
            "id": "题破山寺后禅院",
            "url": "https://baike.baidu.com/item/%E9%A2%98%E7%A0%B4%E5%B1%B1%E5%AF%BA%E5%90%8E%E7%A6%85%E9%99%A2"
        },
        {
            "id": "望月怀远",
            "url": "https://baike.baidu.com/item/%E6%9C%9B%E6%9C%88%E6%80%80%E8%BF%9C"
        },
        {
            "id": "书边事",
            "url": "https://baike.baidu.com/item/%E4%B9%A6%E8%BE%B9%E4%BA%8B"
        },
        {
            "id": "没蕃故人",
            "url": "https://baike.baidu.com/item/%E6%B2%A1%E8%95%83%E6%95%85%E4%BA%BA"
        },
        {
            "id": "早秋",
            "url": "https://baike.baidu.com/item/%E6%97%A9%E7%A7%8B/32116"
        },
        {
            "id": "送人东游",
            "url": "https://baike.baidu.com/item/%E9%80%81%E4%BA%BA%E4%B8%9C%E6%B8%B8"
        },
        {
            "id": "寻陆鸿渐不遇",
            "url": "https://baike.baidu.com/item/%E5%AF%BB%E9%99%86%E9%B8%BF%E6%B8%90%E4%B8%8D%E9%81%87"
        },
        {
            "id": "寻南溪常道士",
            "url": "https://baike.baidu.com/item/%E5%AF%BB%E5%8D%97%E6%BA%AA%E5%B8%B8%E9%81%93%E5%A3%AB"
        },
        {
            "id": "新年作",
            "url": "https://baike.baidu.com/item/%E6%96%B0%E5%B9%B4%E4%BD%9C"
        },
        {
            "id": "秋日登吴公台上寺远眺",
            "url": "https://baike.baidu.com/item/%E7%A7%8B%E6%97%A5%E7%99%BB%E5%90%B4%E5%85%AC%E5%8F%B0%E4%B8%8A%E5%AF%BA%E8%BF%9C%E7%9C%BA"
        },
        {
            "id": "送李中丞归汉阳别业",
            "url": "https://baike.baidu.com/item/%E9%80%81%E6%9D%8E%E4%B8%AD%E4%B8%9E%E5%BD%92%E6%B1%89%E9%98%B3%E5%88%AB%E4%B8%9A"
        },
        {
            "id": "饯别王十一南游",
            "url": "https://baike.baidu.com/item/%E9%A5%AF%E5%88%AB%E7%8E%8B%E5%8D%81%E4%B8%80%E5%8D%97%E6%B8%B8"
        },
        {
            "id": "蜀先主庙",
            "url": "https://baike.baidu.com/item/%E8%9C%80%E5%85%88%E4%B8%BB%E5%BA%99"
        },
        {
            "id": "阙题",
            "url": "https://baike.baidu.com/item/%E9%98%99%E9%A2%98"
        },
        {
            "id": "送李端",
            "url": "https://baike.baidu.com/item/%E9%80%81%E6%9D%8E%E7%AB%AF"
        },
        {
            "id": "送僧归日本",
            "url": "https://baike.baidu.com/item/%E9%80%81%E5%83%A7%E5%BD%92%E6%97%A5%E6%9C%AC"
        },
        {
            "id": "谷口书斋寄杨补阙",
            "url": "https://baike.baidu.com/item/%E8%B0%B7%E5%8F%A3%E4%B9%A6%E6%96%8B%E5%AF%84%E6%9D%A8%E8%A1%A5%E9%98%99"
        },
        {
            "id": "在狱咏蝉",
            "url": "https://baike.baidu.com/item/%E5%9C%A8%E7%8B%B1%E5%92%8F%E8%9D%89"
        },
        {
            "id": "江乡故人偶集客舍",
            "url": "https://baike.baidu.com/item/%E6%B1%9F%E4%B9%A1%E6%95%85%E4%BA%BA%E5%81%B6%E9%9B%86%E5%AE%A2%E8%88%8D"
        },
        {
            "id": "酬程延秋夜即事见赠",
            "url": "https://baike.baidu.com/item/%E9%85%AC%E7%A8%8B%E5%BB%B6%E7%A7%8B%E5%A4%9C%E5%8D%B3%E4%BA%8B%E8%A7%81%E8%B5%A0"
        },
        {
            "id": "遣悲怀三首",
            "url": "https://baike.baidu.com/item/%E9%81%A3%E6%82%B2%E6%80%80%E4%B8%89%E9%A6%96"
        },
        {
            "id": "赠郭给事",
            "url": "https://baike.baidu.com/item/%E8%B5%A0%E9%83%AD%E7%BB%99%E4%BA%8B"
        },
        {
            "id": "和贾至舍人早朝大明宫之作",
            "url": "https://baike.baidu.com/item/%E5%92%8C%E8%B4%BE%E8%87%B3%E8%88%8D%E4%BA%BA%E6%97%A9%E6%9C%9D%E5%A4%A7%E6%98%8E%E5%AE%AB%E4%B9%8B%E4%BD%9C"
        },
        {
            "id": "奉和圣制从蓬莱向兴庆阁道中",
            "url": "https://baike.baidu.com/item/%E5%A5%89%E5%92%8C%E5%9C%A3%E5%88%B6%E4%BB%8E%E8%93%AC%E8%8E%B1%E5%90%91%E5%85%B4%E5%BA%86%E9%98%81%E9%81%93%E4%B8%AD"
        },
        {
            "id": "积雨辋川庄作",
            "url": "https://baike.baidu.com/item/%E7%A7%AF%E9%9B%A8%E8%BE%8B%E5%B7%9D%E5%BA%84%E4%BD%9C"
        },
        {
            "id": "望月有感",
            "url": "https://baike.baidu.com/item/%E6%9C%9B%E6%9C%88%E6%9C%89%E6%84%9F"
        },
        {
            "id": "奉和中书舍人贾至早朝大明宫",
            "url": "https://baike.baidu.com/item/%E5%A5%89%E5%92%8C%E4%B8%AD%E4%B9%A6%E8%88%8D%E4%BA%BA%E8%B4%BE%E8%87%B3%E6%97%A9%E6%9C%9D%E5%A4%A7%E6%98%8E%E5%AE%AB"
        },
        {
            "id": "登金陵凤凰台",
            "url": "https://baike.baidu.com/item/%E7%99%BB%E9%87%91%E9%99%B5%E5%87%A4%E5%87%B0%E5%8F%B0"
        },
        {
            "id": "无题·重帏深下莫愁堂",
            "url": "https://baike.baidu.com/item/%E6%97%A0%E9%A2%98%C2%B7%E9%87%8D%E5%B8%8F%E6%B7%B1%E4%B8%8B%E8%8E%AB%E6%84%81%E5%A0%82"
        },
        {
            "id": "无题·相见时难别亦难",
            "url": "https://baike.baidu.com/item/%E6%97%A0%E9%A2%98%C2%B7%E7%9B%B8%E8%A7%81%E6%97%B6%E9%9A%BE%E5%88%AB%E4%BA%A6%E9%9A%BE"
        },
        {
            "id": "无题·凤尾香罗薄几重",
            "url": "https://baike.baidu.com/item/%E6%97%A0%E9%A2%98%C2%B7%E5%87%A4%E5%B0%BE%E9%A6%99%E7%BD%97%E8%96%84%E5%87%A0%E9%87%8D"
        },
        {
            "id": "无题·来是空言去绝踪",
            "url": "https://baike.baidu.com/item/%E6%97%A0%E9%A2%98%C2%B7%E6%9D%A5%E6%98%AF%E7%A9%BA%E8%A8%80%E5%8E%BB%E7%BB%9D%E8%B8%AA"
        },
        {
            "id": "无题·飒飒东风细雨来",
            "url": "https://baike.baidu.com/item/%E6%97%A0%E9%A2%98%C2%B7%E9%A3%92%E9%A3%92%E4%B8%9C%E9%A3%8E%E7%BB%86%E9%9B%A8%E6%9D%A5"
        },
        {
            "id": "锦瑟",
            "url": "https://baike.baidu.com/item/%E9%94%A6%E7%91%9F/396"
        },
        {
            "id": "无题",
            "url": "https://baike.baidu.com/item/%E6%97%A0%E9%A2%98/3920861"
        },
        {
            "id": "隋宫",
            "url": "https://baike.baidu.com/item/%E9%9A%8B%E5%AE%AB/4944956"
        },
        {
            "id": "送魏万之京",
            "url": "https://baike.baidu.com/item/%E9%80%81%E9%AD%8F%E4%B8%87%E4%B9%8B%E4%BA%AC"
        },
        {
            "id": "咏怀古迹",
            "url": "https://baike.baidu.com/item/%E5%92%8F%E6%80%80%E5%8F%A4%E8%BF%B9"
        },
        {
            "id": "咏怀古迹·其二",
            "url": "https://baike.baidu.com/item/%E5%92%8F%E6%80%80%E5%8F%A4%E8%BF%B9%C2%B7%E5%85%B6%E4%BA%8C"
        },
        {
            "id": "咏怀古迹·其三",
            "url": "https://baike.baidu.com/item/%E5%92%8F%E6%80%80%E5%8F%A4%E8%BF%B9%C2%B7%E5%85%B6%E4%B8%89"
        },
        {
            "id": "咏怀古迹·其四",
            "url": "https://baike.baidu.com/item/%E5%92%8F%E6%80%80%E5%8F%A4%E8%BF%B9%C2%B7%E5%85%B6%E5%9B%9B"
        },
        {
            "id": "咏怀古迹·其五",
            "url": "https://baike.baidu.com/item/%E5%92%8F%E6%80%80%E5%8F%A4%E8%BF%B9%C2%B7%E5%85%B6%E4%BA%94"
        },
        {
            "id": "宿府",
            "url": "https://baike.baidu.com/item/%E5%AE%BF%E5%BA%9C"
        },
        {
            "id": "阁夜",
            "url": "https://baike.baidu.com/item/%E9%98%81%E5%A4%9C"
        },
        {
            "id": "闻官军收河南河北",
            "url": "https://baike.baidu.com/item/%E9%97%BB%E5%AE%98%E5%86%9B%E6%94%B6%E6%B2%B3%E5%8D%97%E6%B2%B3%E5%8C%97"
        },
        {
            "id": "登高",
            "url": "https://baike.baidu.com/item/%E7%99%BB%E9%AB%98/7605079"
        },
        {
            "id": "登楼",
            "url": "https://baike.baidu.com/item/%E7%99%BB%E6%A5%BC/9707782"
        },
        {
            "id": "蜀相",
            "url": "https://baike.baidu.com/item/%E8%9C%80%E7%9B%B8"
        },
        {
            "id": "客至",
            "url": "https://baike.baidu.com/item/%E5%AE%A2%E8%87%B3"
        },
        {
            "id": "野望",
            "url": "https://baike.baidu.com/item/%E9%87%8E%E6%9C%9B/8844253"
        },
        {
            "id": "登柳州城楼寄漳汀封连四州",
            "url": "https://baike.baidu.com/item/%E7%99%BB%E6%9F%B3%E5%B7%9E%E5%9F%8E%E6%A5%BC%E5%AF%84%E6%BC%B3%E6%B1%80%E5%B0%81%E8%BF%9E%E5%9B%9B%E5%B7%9E"
        },
        {
            "id": "春思",
            "url": "https://baike.baidu.com/item/%E6%98%A5%E6%80%9D/4890448"
        },
        {
            "id": "寄李儋元锡",
            "url": "https://baike.baidu.com/item/%E5%AF%84%E6%9D%8E%E5%84%8B%E5%85%83%E9%94%A1"
        },
        {
            "id": "望蓟门",
            "url": "https://baike.baidu.com/item/%E6%9C%9B%E8%93%9F%E9%97%A8"
        },
        {
            "id": "贫女",
            "url": "https://baike.baidu.com/item/%E8%B4%AB%E5%A5%B3"
        },
        {
            "id": "送李少府贬峡中王少府贬长沙",
            "url": "https://baike.baidu.com/item/%E9%80%81%E6%9D%8E%E5%B0%91%E5%BA%9C%E8%B4%AC%E5%B3%A1%E4%B8%AD%E7%8E%8B%E5%B0%91%E5%BA%9C%E8%B4%AC%E9%95%BF%E6%B2%99"
        },
        {
            "id": "九日登望仙台呈刘明府",
            "url": "https://baike.baidu.com/item/%E4%B9%9D%E6%97%A5%E7%99%BB%E6%9C%9B%E4%BB%99%E5%8F%B0%E5%91%88%E5%88%98%E6%98%8E%E5%BA%9C"
        },
        {
            "id": "黄鹤楼",
            "url": "https://baike.baidu.com/item/%E9%BB%84%E9%B9%A4%E6%A5%BC"
        },
        {
            "id": "行经华阴",
            "url": "https://baike.baidu.com/item/%E8%A1%8C%E7%BB%8F%E5%8D%8E%E9%98%B4"
        },
        {
            "id": "利州南渡",
            "url": "https://baike.baidu.com/item/%E5%88%A9%E5%B7%9E%E5%8D%97%E6%B8%A1"
        },
        {
            "id": "苏武庙",
            "url": "https://baike.baidu.com/item/%E8%8B%8F%E6%AD%A6%E5%BA%99"
        },
        {
            "id": "江州重别薛六柳八二员外",
            "url": "https://baike.baidu.com/item/%E6%B1%9F%E5%B7%9E%E9%87%8D%E5%88%AB%E8%96%9B%E5%85%AD%E6%9F%B3%E5%85%AB%E4%BA%8C%E5%91%98%E5%A4%96"
        },
        {
            "id": "长沙过贾谊宅",
            "url": "https://baike.baidu.com/item/%E9%95%BF%E6%B2%99%E8%BF%87%E8%B4%BE%E8%B0%8A%E5%AE%85"
        },
        {
            "id": "自夏口至鹦鹉洲夕望岳阳寄源中丞",
            "url": "https://baike.baidu.com/item/%E8%87%AA%E5%A4%8F%E5%8F%A3%E8%87%B3%E9%B9%A6%E9%B9%89%E6%B4%B2%E5%A4%95%E6%9C%9B%E5%B2%B3%E9%98%B3%E5%AF%84%E6%BA%90%E4%B8%AD%E4%B8%9E"
        },
        {
            "id": "西塞山怀古",
            "url": "https://baike.baidu.com/item/%E8%A5%BF%E5%A1%9E%E5%B1%B1%E6%80%80%E5%8F%A4"
        },
        {
            "id": "晚次鄂州",
            "url": "https://baike.baidu.com/item/%E6%99%9A%E6%AC%A1%E9%84%82%E5%B7%9E"
        },
        {
            "id": "赠阙下裴舍人",
            "url": "https://baike.baidu.com/item/%E8%B5%A0%E9%98%99%E4%B8%8B%E8%A3%B4%E8%88%8D%E4%BA%BA"
        },
        {
            "id": "宫词",
            "url": "https://baike.baidu.com/item/%E5%AE%AB%E8%AF%8D/9847670"
        },
        {
            "id": "同题仙游观",
            "url": "https://baike.baidu.com/item/%E5%90%8C%E9%A2%98%E4%BB%99%E6%B8%B8%E8%A7%82"
        }
    ]
}