[{"url":"http://www.cmiyu.com/gxmy/","title":"搞笑谜语","id":"gxmy","channel":"14"},{"url":"http://www.cmiyu.com/zmmy/","title":"字谜","id":"zmmy","channel":"13"},{"url":"http://www.cmiyu.com/cymy/","title":"成语谜语","id":"cymy","channel":"20"},{"url":"http://www.cmiyu.com/dwmy/","title":"动物谜语","id":"dwmy","channel":"25"},{"url":"http://www.cmiyu.com/aqmy/","title":"爱情谜语","id":"aqmy","channel":"16"},{"url":"http://www.cmiyu.com/dmmy/","title":"灯谜","id":"dmmy","channel":"18"},{"url":"http://www.cmiyu.com/rmmy/","title":"人名谜语","id":"rmmy","channel":"22"},{"url":"http://www.cmiyu.com/dm/","title":"地名谜语","id":"dm","channel":"21"},{"url":"http://www.cmiyu.com/cy/","title":"词语谜语","id":"cy","channel":"19"},{"url":"http://www.cmiyu.com/dgmy/","title":"带格谜语","id":"dgmy","channel":"24"},{"url":"http://www.cmiyu.com/ry/","title":"用语谜语","id":"ry","channel":"34"},{"url":"http://www.cmiyu.com/etmy/","title":"儿童谜语","id":"etmy","channel":"tid}"},{"url":"http://www.cmiyu.com/wpmy/","title":"物品谜语","id":"wpmy","channel":"29"},{"url":"http://www.cmiyu.com/zwmy/","title":"植物谜语","id":"zwmy","channel":"33"},{"url":"http://www.cmiyu.com/jmmy/","title":"诗词谜语","id":"jmmy","channel":"26"},{"url":"http://www.cmiyu.com/sbmy/","title":"书报谜语","id":"sbmy","channel":"27"},{"url":"http://www.cmiyu.com/symy/","title":"俗语谜语","id":"symy","channel":"28"},{"url":"http://www.cmiyu.com/ypmy/","title":"药品谜语","id":"ypmy","channel":"30"},{"url":"http://www.cmiyu.com/yymy/","title":"音乐谜语","id":"yymy","channel":"31"},{"url":"http://www.cmiyu.com/ysmy/","title":"影视谜语","id":"ysmy","channel":"32"},{"url":"http://www.cmiyu.com/cwmy/","title":"称谓谜语","id":"cwmy","channel":"23"},{"url":"http://www.cmiyu.com/qtmy/","title":"趣味谜语","id":"qtmy","channel":"35"}]