{
    "items": [
        {
            "title": "唐诗三百首",
            "url": "http://www.cquctt.cn/gushi/0/0/0/68/0/0/"
        },
        {
            "title": "宋词三百首",
            "url": "http://www.cquctt.cn/gushi/0/0/0/70/0/0/"
        },
        {
            "title": "古诗三百首",
            "url": "http://www.cquctt.cn/gushi/0/0/0/69/0/0/"
        },
        {
            "title": "古诗十九首",
            "url": "http://www.cquctt.cn/gushi/0/0/0/67/0/0/"
        },
        {
            "title": "宋词精选",
            "url": "http://www.cquctt.cn/gushi/0/0/0/60/0/0/"
        },
        {
            "title": "小学古诗",
            "url": "http://www.cquctt.cn/gushi/0/0/0/61/0/0/"
        },
        {
            "title": "初中古诗",
            "url": "http://www.cquctt.cn/gushi/0/0/0/62/0/0/"
        },
        {
            "title": "高中古诗",
            "url": "http://www.cquctt.cn/gushi/0/0/0/63/0/0/"
        },
        {
            "title": "小学文言文",
            "url": "http://www.cquctt.cn/gushi/0/0/0/64/0/0/"
        },
        {
            "title": "初中文言文",
            "url": "http://www.cquctt.cn/gushi/0/0/0/65/0/0/"
        },
        {
            "title": "高中文言文",
            "url": "http://www.cquctt.cn/gushi/0/0/0/66/0/0/"
        }
    ]
}