{
    "items": [
        {
            "author": "欧阳修",
            "title": "与高司谏书",
            "url": "http://www.cquctt.cn/shi/62451.html"
        },
        {
            "author": "佚名",
            "title": "孔雀东南飞 （为焦仲卿妻作）",
            "url": "http://www.cquctt.cn/shi/5303.html"
        },
        {
            "author": "韩愈",
            "title": "祭十二郎文",
            "url": "http://www.cquctt.cn/shi/6529.html"
        },
        {
            "author": "李朝威",
            "title": "柳毅传",
            "url": "http://www.cquctt.cn/shi/8903.html"
        },
        {
            "author": "班固",
            "title": "苏武传(节选)",
            "url": "http://www.cquctt.cn/shi/5307.html"
        },
        {
            "author": "庄周",
            "title": "逍遥游(节选)",
            "url": "http://www.cquctt.cn/shi/5308.html"
        },
        {
            "author": "王羲之",
            "title": "兰亭集序 / 兰亭序",
            "url": "http://www.cquctt.cn/shi/5290.html"
        },
        {
            "author": "苏轼",
            "title": "前赤壁赋",
            "url": "http://www.cquctt.cn/shi/5293.html"
        },
        {
            "author": "左丘明",
            "title": "烛之武退秦师",
            "url": "http://www.cquctt.cn/shi/5294.html"
        },
        {
            "author": "",
            "title": "寡人之于国也",
            "url": "http://www.cquctt.cn/shi/5295.html"
        },
        {
            "author": "王维",
            "title": "山中与裴秀才迪书",
            "url": "http://www.cquctt.cn/shi/5296.html"
        },
        {
            "author": "",
            "title": "荆轲刺秦王",
            "url": "http://www.cquctt.cn/shi/5297.html"
        },
        {
            "author": "王安石",
            "title": "游褒禅山记",
            "url": "http://www.cquctt.cn/shi/5298.html"
        },
        {
            "author": "荀子",
            "title": "劝学",
            "url": "http://www.cquctt.cn/shi/5299.html"
        },
        {
            "author": "贾谊",
            "title": "过秦论",
            "url": "http://www.cquctt.cn/shi/5300.html"
        },
        {
            "author": "屈原",
            "title": "离骚",
            "url": "http://www.cquctt.cn/shi/5301.html"
        },
        {
            "author": "韩愈",
            "title": "师说",
            "url": "http://www.cquctt.cn/shi/5302.html"
        },
        {
            "author": "司马迁",
            "title": "鸿门宴",
            "url": "http://www.cquctt.cn/shi/5304.html"
        },
        {
            "author": "司马迁",
            "title": "廉颇蔺相如列传(节选)",
            "url": "http://www.cquctt.cn/shi/5305.html"
        },
        {
            "author": "佚名",
            "title": "召公谏厉王弭谤",
            "url": "http://www.cquctt.cn/shi/5306.html"
        },
        {
            "author": "李密",
            "title": "陈情表",
            "url": "http://www.cquctt.cn/shi/5309.html"
        },
        {
            "author": "范晔",
            "title": "张衡传",
            "url": "http://www.cquctt.cn/shi/5310.html"
        },
        {
            "author": "李商隐",
            "title": "李贺小传",
            "url": "http://www.cquctt.cn/shi/5313.html"
        },
        {
            "author": "陶渊明",
            "title": "归去来兮辞·并序",
            "url": "http://www.cquctt.cn/shi/5315.html"
        },
        {
            "author": "王勃",
            "title": "滕王阁序",
            "url": "http://www.cquctt.cn/shi/5319.html"
        }
    ]
}