{
    "items": [
        {
            "author": "李清照",
            "title": "声声慢·寻寻觅觅",
            "url": "http://www.cquctt.cn/shi/5138.html"
        },
        {
            "author": "诗经",
            "title": "蒹葭",
            "url": "http://www.cquctt.cn/shi/4729.html"
        },
        {
            "author": "毛泽东",
            "title": "沁园春·长沙",
            "url": "http://www.cquctt.cn/shi/5399.html"
        },
        {
            "author": "马致远",
            "title": "寿阳曲·远浦帆归",
            "url": "http://www.cquctt.cn/shi/5404.html"
        },
        {
            "author": "张养浩",
            "title": "山坡羊·潼关怀古",
            "url": "http://www.cquctt.cn/shi/5384.html"
        },
        {
            "author": "辛弃疾",
            "title": "水龙吟·登建康赏心亭",
            "url": "http://www.cquctt.cn/shi/5350.html"
        },
        {
            "author": "周邦彦",
            "title": "苏幕遮·燎沉香",
            "url": "http://www.cquctt.cn/shi/5133.html"
        },
        {
            "author": "秦观",
            "title": "踏莎行·郴州旅舍",
            "url": "http://www.cquctt.cn/shi/5119.html"
        },
        {
            "author": "苏轼",
            "title": "水调歌头·丙辰中秋",
            "url": "http://www.cquctt.cn/shi/5102.html"
        },
        {
            "author": "柳永",
            "title": "雨霖铃·寒蝉凄切",
            "url": "http://www.cquctt.cn/shi/5077.html"
        },
        {
            "author": "柳永",
            "title": "八声甘州·对潇潇暮雨洒江天",
            "url": "http://www.cquctt.cn/shi/5082.html"
        },
        {
            "author": "黄庭坚",
            "title": "登快阁",
            "url": "http://www.cquctt.cn/shi/4951.html"
        },
        {
            "author": "卢纶",
            "title": "和张仆射塞下曲·其一",
            "url": "http://www.cquctt.cn/shi/4875.html"
        },
        {
            "author": "李白",
            "title": "梦游天姥吟留别 / 别东鲁诸公",
            "url": "http://www.cquctt.cn/shi/4844.html"
        },
        {
            "author": "陶渊明",
            "title": "饮酒·其五",
            "url": "http://www.cquctt.cn/shi/4898.html"
        },
        {
            "author": "白居易",
            "title": "琵琶行 / 琵琶引",
            "url": "http://www.cquctt.cn/shi/4846.html"
        },
        {
            "author": "王昌龄",
            "title": "从军行（青海长云暗雪山）",
            "url": "http://www.cquctt.cn/shi/777.html"
        },
        {
            "author": "李清照",
            "title": "声声慢·寻寻觅觅（寻寻觅觅，冷冷清清，凄凄惨惨戚戚）",
            "url": "http://www.cquctt.cn/shi/4662.html"
        },
        {
            "author": "黄庭坚",
            "title": "登快阁（痴儿了却公家事）",
            "url": "http://www.cquctt.cn/shi/2671.html"
        },
        {
            "author": "李商隐",
            "title": "夜雨寄北",
            "url": "http://www.cquctt.cn/shi/632.html"
        },
        {
            "author": "王维",
            "title": "终南山",
            "url": "http://www.cquctt.cn/shi/857.html"
        },
        {
            "author": "杜甫",
            "title": "月夜",
            "url": "http://www.cquctt.cn/shi/416.html"
        },
        {
            "author": "杜甫",
            "title": "登楼",
            "url": "http://www.cquctt.cn/shi/20.html"
        },
        {
            "author": "李白",
            "title": "登金陵凤凰台",
            "url": "http://www.cquctt.cn/shi/100.html"
        }
    ]
}