{
    "items": [
        {
            "author": "李清照",
            "title": "蝶恋花·暖雨晴风初破冻",
            "url": "http://www.cquctt.cn/shi/5883.html"
        },
        {
            "author": "李清照",
            "title": "声声慢·寻寻觅觅",
            "url": "http://www.cquctt.cn/shi/5138.html"
        },
        {
            "author": "陈东甫",
            "title": "长相思·花深深",
            "url": "http://www.cquctt.cn/shi/5566.html"
        },
        {
            "author": "宋自逊",
            "title": "蓦山溪·自述",
            "url": "http://www.cquctt.cn/shi/5570.html"
        },
        {
            "author": "韩疁",
            "title": "浪淘沙·莫上玉楼看",
            "url": "http://www.cquctt.cn/shi/5550.html"
        },
        {
            "author": "刘克庄",
            "title": "卜算子·片片蝶衣轻",
            "url": "http://www.cquctt.cn/shi/5561.html"
        },
        {
            "author": "辛弃疾",
            "title": "太常引·建康中秋夜为吕叔潜赋",
            "url": "http://www.cquctt.cn/shi/5526.html"
        },
        {
            "author": "房舜卿",
            "title": "忆秦娥·与君别",
            "url": "http://www.cquctt.cn/shi/5488.html"
        },
        {
            "author": "张元干",
            "title": "贺新郎·送胡邦衡待制赴新州",
            "url": "http://www.cquctt.cn/shi/5486.html"
        },
        {
            "author": "俞国宝",
            "title": "风入松·一春长费买花钱",
            "url": "http://www.cquctt.cn/shi/7016.html"
        },
        {
            "author": "陆游",
            "title": "秋波媚·七月十六日晚登高兴亭望长安南山",
            "url": "http://www.cquctt.cn/shi/5502.html"
        },
        {
            "author": "陆游",
            "title": "鹊桥仙·华灯纵博",
            "url": "http://www.cquctt.cn/shi/5497.html"
        },
        {
            "author": "周邦彦",
            "title": "虞美人·疏篱曲径田家小",
            "url": "http://www.cquctt.cn/shi/5465.html"
        },
        {
            "author": "仲殊",
            "title": "诉衷情·宝月山作",
            "url": "http://www.cquctt.cn/shi/5447.html"
        },
        {
            "author": "李清照",
            "title": "武陵春·春晚",
            "url": "http://www.cquctt.cn/shi/5481.html"
        },
        {
            "author": "毛滂",
            "title": "惜分飞·泪湿阑干花著露",
            "url": "http://www.cquctt.cn/shi/5455.html"
        },
        {
            "author": "周邦彦",
            "title": "少年游·并刀如水",
            "url": "http://www.cquctt.cn/shi/5451.html"
        },
        {
            "author": "苏轼",
            "title": "西江月·顷在黄州",
            "url": "http://www.cquctt.cn/shi/5405.html"
        },
        {
            "author": "柳永",
            "title": "鹤冲天·黄金榜上",
            "url": "http://www.cquctt.cn/shi/5360.html"
        },
        {
            "author": "时彦",
            "title": "青门饮·寄宠人",
            "url": "http://www.cquctt.cn/shi/5424.html"
        },
        {
            "author": "顾夐",
            "title": "诉衷情·永夜抛人何处去",
            "url": "http://www.cquctt.cn/shi/5337.html"
        },
        {
            "author": "王安石",
            "title": "渔家傲·平岸小桥千嶂抱",
            "url": "http://www.cquctt.cn/shi/5380.html"
        },
        {
            "author": "王安国",
            "title": "清平乐·春晚",
            "url": "http://www.cquctt.cn/shi/5388.html"
        },
        {
            "author": "史达祖",
            "title": "双双燕·咏燕",
            "url": "http://www.cquctt.cn/shi/5193.html"
        },
        {
            "author": "韦庄",
            "title": "菩萨蛮·红楼别夜堪惆怅",
            "url": "http://www.cquctt.cn/shi/5332.html"
        },
        {
            "author": "晏几道",
            "title": "更漏子·柳丝长",
            "url": "http://www.cquctt.cn/shi/5330.html"
        },
        {
            "author": "韦庄",
            "title": "女冠子·昨夜夜半",
            "url": "http://www.cquctt.cn/shi/5326.html"
        },
        {
            "author": "白居易",
            "title": "浪淘沙·借问江潮与海水",
            "url": "http://www.cquctt.cn/shi/5323.html"
        },
        {
            "author": "柳永",
            "title": "迷仙引·才过笄年",
            "url": "http://www.cquctt.cn/shi/5356.html"
        },
        {
            "author": "刘禹锡",
            "title": "竹枝词·山桃红花满上头",
            "url": "http://www.cquctt.cn/shi/5311.html"
        },
        {
            "author": "戴复古",
            "title": "柳梢青·岳阳楼",
            "url": "http://www.cquctt.cn/shi/5194.html"
        },
        {
            "author": "史达祖",
            "title": "绮罗香·咏春雨",
            "url": "http://www.cquctt.cn/shi/5195.html"
        },
        {
            "author": "黄公绍",
            "title": "青玉案·年年社日停针线",
            "url": "http://www.cquctt.cn/shi/5196.html"
        },
        {
            "author": "黄孝迈",
            "title": "湘春夜月·近清明",
            "url": "http://www.cquctt.cn/shi/5197.html"
        },
        {
            "author": "黄机",
            "title": "霜天晓角·仪真江上夜泊",
            "url": "http://www.cquctt.cn/shi/5198.html"
        },
        {
            "author": "严仁",
            "title": "玉楼春·春思",
            "url": "http://www.cquctt.cn/shi/5199.html"
        },
        {
            "author": "刘克庄",
            "title": "贺新郎·九日",
            "url": "http://www.cquctt.cn/shi/5200.html"
        },
        {
            "author": "刘克庄",
            "title": "玉楼春·戏林推",
            "url": "http://www.cquctt.cn/shi/5201.html"
        },
        {
            "author": "蒋捷",
            "title": "一剪梅·舟过吴江",
            "url": "http://www.cquctt.cn/shi/5202.html"
        },
        {
            "author": "蒋捷",
            "title": "虞美人·听雨",
            "url": "http://www.cquctt.cn/shi/5203.html"
        },
        {
            "author": "吴文英",
            "title": "唐多令·惜别",
            "url": "http://www.cquctt.cn/shi/5204.html"
        },
        {
            "author": "黄升",
            "title": "清平乐·宫怨",
            "url": "http://www.cquctt.cn/shi/5205.html"
        },
        {
            "author": "刘辰翁",
            "title": "兰陵王·丙子送春",
            "url": "http://www.cquctt.cn/shi/5208.html"
        },
        {
            "author": "张炎",
            "title": "八声甘州·记玉关踏雪事清游",
            "url": "http://www.cquctt.cn/shi/5211.html"
        },
        {
            "author": "张炎",
            "title": "清平乐·候蛩凄断",
            "url": "http://www.cquctt.cn/shi/5214.html"
        },
        {
            "author": "岳飞",
            "title": "小重山·昨夜寒蛩不住鸣",
            "url": "http://www.cquctt.cn/shi/5155.html"
        },
        {
            "author": "李清照",
            "title": "醉花阴·薄雾浓云愁永昼",
            "url": "http://www.cquctt.cn/shi/5156.html"
        },
        {
            "author": "岳飞",
            "title": "满江红·写怀",
            "url": "http://www.cquctt.cn/shi/5157.html"
        },
        {
            "author": "李清照",
            "title": "点绛唇·蹴罢秋千",
            "url": "http://www.cquctt.cn/shi/5159.html"
        },
        {
            "author": "唐婉",
            "title": "钗头凤·世情薄",
            "url": "http://www.cquctt.cn/shi/5160.html"
        },
        {
            "author": "程垓",
            "title": "卜算子·独自上层楼",
            "url": "http://www.cquctt.cn/shi/5161.html"
        },
        {
            "author": "韩元吉",
            "title": "霜天晓角·题采石蛾眉亭",
            "url": "http://www.cquctt.cn/shi/5162.html"
        },
        {
            "author": "严蕊",
            "title": "卜算子·不是爱风尘",
            "url": "http://www.cquctt.cn/shi/5164.html"
        },
        {
            "author": "张孝祥",
            "title": "六州歌头·长淮望断",
            "url": "http://www.cquctt.cn/shi/5165.html"
        },
        {
            "author": "张孝祥",
            "title": "水调歌头·和庞佑父",
            "url": "http://www.cquctt.cn/shi/5166.html"
        },
        {
            "author": "陆游",
            "title": "钗头凤·红酥手",
            "url": "http://www.cquctt.cn/shi/5167.html"
        },
        {
            "author": "张孝祥",
            "title": "念奴娇·过洞庭",
            "url": "http://www.cquctt.cn/shi/5168.html"
        },
        {
            "author": "陆游",
            "title": "卜算子·咏梅",
            "url": "http://www.cquctt.cn/shi/5169.html"
        },
        {
            "author": "张孝祥",
            "title": "西江月·阻风山峰下",
            "url": "http://www.cquctt.cn/shi/5170.html"
        },
        {
            "author": "陆游",
            "title": "夜游宫·记梦寄师伯浑",
            "url": "http://www.cquctt.cn/shi/5172.html"
        },
        {
            "author": "辛弃疾",
            "title": "摸鱼儿·更能消几番风雨",
            "url": "http://www.cquctt.cn/shi/5173.html"
        },
        {
            "author": "陆游",
            "title": "诉衷情·当年万里觅封侯",
            "url": "http://www.cquctt.cn/shi/5174.html"
        },
        {
            "author": "辛弃疾",
            "title": "菩萨蛮·书江西造口壁",
            "url": "http://www.cquctt.cn/shi/5175.html"
        },
        {
            "author": "辛弃疾",
            "title": "鹧鸪天·有客慨然谈功名因追念少年时事戏作",
            "url": "http://www.cquctt.cn/shi/5176.html"
        },
        {
            "author": "辛弃疾",
            "title": "青玉案·元夕",
            "url": "http://www.cquctt.cn/shi/5177.html"
        },
        {
            "author": "辛弃疾",
            "title": "西江月·遣兴",
            "url": "http://www.cquctt.cn/shi/5178.html"
        },
        {
            "author": "辛弃疾",
            "title": "清平乐·村居",
            "url": "http://www.cquctt.cn/shi/5179.html"
        },
        {
            "author": "辛弃疾",
            "title": "永遇乐·京口北固亭怀古",
            "url": "http://www.cquctt.cn/shi/5180.html"
        },
        {
            "author": "辛弃疾",
            "title": "清平乐·独宿博山王氏庵",
            "url": "http://www.cquctt.cn/shi/5181.html"
        },
        {
            "author": "辛弃疾",
            "title": "南乡子·登京口北固亭有怀",
            "url": "http://www.cquctt.cn/shi/5182.html"
        },
        {
            "author": "辛弃疾",
            "title": "水龙吟·过南剑双溪楼",
            "url": "http://www.cquctt.cn/shi/5183.html"
        },
        {
            "author": "辛弃疾",
            "title": "西江月·夜行黄沙道中",
            "url": "http://www.cquctt.cn/shi/5184.html"
        },
        {
            "author": "李之仪",
            "title": "卜算子·我住长江头",
            "url": "http://www.cquctt.cn/shi/5125.html"
        },
        {
            "author": "秦观",
            "title": "八六子·倚危亭",
            "url": "http://www.cquctt.cn/shi/5126.html"
        },
        {
            "author": "贺铸",
            "title": "青玉案·凌波不过横塘路",
            "url": "http://www.cquctt.cn/shi/5127.html"
        },
        {
            "author": "贺铸",
            "title": "六州歌头·少年侠气",
            "url": "http://www.cquctt.cn/shi/5128.html"
        },
        {
            "author": "仲殊",
            "title": "南柯子·十里青山远",
            "url": "http://www.cquctt.cn/shi/5130.html"
        },
        {
            "author": "周邦彦",
            "title": "兰陵王·柳",
            "url": "http://www.cquctt.cn/shi/5131.html"
        },
        {
            "author": "晁补之",
            "title": "摸鱼儿·东皋寓居",
            "url": "http://www.cquctt.cn/shi/5132.html"
        },
        {
            "author": "周邦彦",
            "title": "苏幕遮·燎沉香",
            "url": "http://www.cquctt.cn/shi/5133.html"
        },
        {
            "author": "周邦彦",
            "title": "夜游宫·叶下斜阳照水",
            "url": "http://www.cquctt.cn/shi/5135.html"
        },
        {
            "author": "叶梦得",
            "title": "点绛唇·绍兴乙卯登绝顶小亭",
            "url": "http://www.cquctt.cn/shi/5136.html"
        },
        {
            "author": "陈亮",
            "title": "水调歌头·送章德茂大卿使虏",
            "url": "http://www.cquctt.cn/shi/5185.html"
        },
        {
            "author": "辛弃疾",
            "title": "贺新郎·别茂嘉十二弟",
            "url": "http://www.cquctt.cn/shi/5186.html"
        },
        {
            "author": "辛弃疾",
            "title": "贺新郎·甚矣吾衰矣",
            "url": "http://www.cquctt.cn/shi/5187.html"
        },
        {
            "author": "姜夔",
            "title": "扬州慢·淮左名都",
            "url": "http://www.cquctt.cn/shi/5188.html"
        },
        {
            "author": "刘过",
            "title": "唐多令·芦叶满汀洲",
            "url": "http://www.cquctt.cn/shi/5189.html"
        },
        {
            "author": "辛弃疾",
            "title": "丑奴儿·书博山道中壁",
            "url": "http://www.cquctt.cn/shi/5190.html"
        },
        {
            "author": "辛弃疾",
            "title": "破阵子·为陈同甫赋壮词以寄之",
            "url": "http://www.cquctt.cn/shi/5191.html"
        },
        {
            "author": "姜夔",
            "title": "点绛唇·丁未冬过吴松作",
            "url": "http://www.cquctt.cn/shi/5192.html"
        },
        {
            "author": "王雱",
            "title": "眼儿媚·杨柳丝丝弄轻柔",
            "url": "http://www.cquctt.cn/shi/5109.html"
        },
        {
            "author": "苏轼",
            "title": "江城子·乙卯正月二十日夜记梦",
            "url": "http://www.cquctt.cn/shi/5110.html"
        },
        {
            "author": "李清照",
            "title": "南歌子·天上星河转",
            "url": "http://www.cquctt.cn/shi/5137.html"
        },
        {
            "author": "范成大",
            "title": "蝶恋花·春涨一篙添水面",
            "url": "http://www.cquctt.cn/shi/5139.html"
        },
        {
            "author": "李清照",
            "title": "一剪梅·红藕香残玉簟秋",
            "url": "http://www.cquctt.cn/shi/5140.html"
        },
        {
            "author": "吕本中",
            "title": "采桑子·恨君不似江楼月",
            "url": "http://www.cquctt.cn/shi/5142.html"
        },
        {
            "author": "李清照",
            "title": "渔家傲·天接云涛连晓雾",
            "url": "http://www.cquctt.cn/shi/5143.html"
        },
        {
            "author": "朱敦儒",
            "title": "相见欢·金陵城上西楼",
            "url": "http://www.cquctt.cn/shi/5144.html"
        },
        {
            "author": "李清照",
            "title": "如梦令·常记溪亭日暮",
            "url": "http://www.cquctt.cn/shi/5145.html"
        },
        {
            "author": "朱敦儒",
            "title": "鹧鸪天·西都作",
            "url": "http://www.cquctt.cn/shi/5146.html"
        },
        {
            "author": "李清照",
            "title": "如梦令·昨夜雨疏风骤",
            "url": "http://www.cquctt.cn/shi/5147.html"
        },
        {
            "author": "蒋氏女",
            "title": "减字木兰花·题雄州驿",
            "url": "http://www.cquctt.cn/shi/5148.html"
        },
        {
            "author": "李清照",
            "title": "凤凰台上忆吹箫·香冷金猊",
            "url": "http://www.cquctt.cn/shi/5149.html"
        },
        {
            "author": "王炎",
            "title": "南柯子·山冥云阴重",
            "url": "http://www.cquctt.cn/shi/5150.html"
        },
        {
            "author": "李重元",
            "title": "忆王孙·春词",
            "url": "http://www.cquctt.cn/shi/5151.html"
        },
        {
            "author": "赵佶",
            "title": "燕山亭·北行见杏花",
            "url": "http://www.cquctt.cn/shi/5152.html"
        },
        {
            "author": "李清照",
            "title": "清平乐·年年雪里",
            "url": "http://www.cquctt.cn/shi/5153.html"
        },
        {
            "author": "陈与义",
            "title": "临江仙·夜登小阁忆洛中旧游",
            "url": "http://www.cquctt.cn/shi/5154.html"
        },
        {
            "author": "宋祁",
            "title": "玉楼春·春景",
            "url": "http://www.cquctt.cn/shi/5087.html"
        },
        {
            "author": "王观",
            "title": "卜算子·送鲍浩然之浙东",
            "url": "http://www.cquctt.cn/shi/5088.html"
        },
        {
            "author": "叶清臣",
            "title": "贺圣朝·留别",
            "url": "http://www.cquctt.cn/shi/5089.html"
        },
        {
            "author": "晏几道",
            "title": "临江仙·梦后楼台高锁",
            "url": "http://www.cquctt.cn/shi/5090.html"
        },
        {
            "author": "欧阳修",
            "title": "诉衷情·眉意",
            "url": "http://www.cquctt.cn/shi/5091.html"
        },
        {
            "author": "王安石",
            "title": "桂枝香·登临送目",
            "url": "http://www.cquctt.cn/shi/5092.html"
        },
        {
            "author": "黄庭坚",
            "title": "念奴娇·断虹霁雨",
            "url": "http://www.cquctt.cn/shi/5111.html"
        },
        {
            "author": "秦观",
            "title": "鹊桥仙·纤云弄巧",
            "url": "http://www.cquctt.cn/shi/5113.html"
        },
        {
            "author": "苏轼",
            "title": "蝶恋花·春景",
            "url": "http://www.cquctt.cn/shi/5114.html"
        },
        {
            "author": "黄庭坚",
            "title": "水调歌头·游览",
            "url": "http://www.cquctt.cn/shi/5115.html"
        },
        {
            "author": "黄庭坚",
            "title": "清平乐·春归何处",
            "url": "http://www.cquctt.cn/shi/5117.html"
        },
        {
            "author": "苏轼",
            "title": "永遇乐·彭城夜宿燕子楼",
            "url": "http://www.cquctt.cn/shi/5118.html"
        },
        {
            "author": "秦观",
            "title": "踏莎行·郴州旅舍",
            "url": "http://www.cquctt.cn/shi/5119.html"
        },
        {
            "author": "朱服",
            "title": "渔家傲·小雨纤纤风细细",
            "url": "http://www.cquctt.cn/shi/5120.html"
        },
        {
            "author": "秦观",
            "title": "浣溪沙·漠漠轻寒上小楼",
            "url": "http://www.cquctt.cn/shi/5121.html"
        },
        {
            "author": "苏轼",
            "title": "浣溪沙·游蕲水清泉寺",
            "url": "http://www.cquctt.cn/shi/5122.html"
        },
        {
            "author": "贺铸",
            "title": "半死桐·重过阊门万事非",
            "url": "http://www.cquctt.cn/shi/5123.html"
        },
        {
            "author": "苏轼",
            "title": "浣溪沙·簌簌衣巾落枣花",
            "url": "http://www.cquctt.cn/shi/5124.html"
        },
        {
            "author": "薛昭蕴",
            "title": "浣溪沙·红蓼渡头秋正雨",
            "url": "http://www.cquctt.cn/shi/5047.html"
        },
        {
            "author": "李煜",
            "title": "乌夜啼·昨夜风兼雨",
            "url": "http://www.cquctt.cn/shi/5048.html"
        },
        {
            "author": "冯延巳",
            "title": "长命女·春日宴",
            "url": "http://www.cquctt.cn/shi/5049.html"
        },
        {
            "author": "李璟",
            "title": "摊破浣溪沙·手卷真珠上玉钩",
            "url": "http://www.cquctt.cn/shi/5050.html"
        },
        {
            "author": "佚名",
            "title": "菩萨蛮·枕前发尽千般愿",
            "url": "http://www.cquctt.cn/shi/5051.html"
        },
        {
            "author": "苏轼",
            "title": "念奴娇·赤壁怀古",
            "url": "http://www.cquctt.cn/shi/5093.html"
        },
        {
            "author": "晏几道",
            "title": "清平乐·留人不住",
            "url": "http://www.cquctt.cn/shi/5094.html"
        },
        {
            "author": "晏几道",
            "title": "鹧鸪天·彩袖殷勤捧玉钟",
            "url": "http://www.cquctt.cn/shi/5095.html"
        },
        {
            "author": "苏轼",
            "title": "西江月·世事一场大梦",
            "url": "http://www.cquctt.cn/shi/5096.html"
        },
        {
            "author": "晏几道",
            "title": "阮郎归·旧香残粉似当初",
            "url": "http://www.cquctt.cn/shi/5097.html"
        },
        {
            "author": "苏轼",
            "title": "临江仙·夜饮东坡醒复醉",
            "url": "http://www.cquctt.cn/shi/5098.html"
        },
        {
            "author": "苏轼",
            "title": "水龙吟·次韵章质夫杨花词",
            "url": "http://www.cquctt.cn/shi/5099.html"
        },
        {
            "author": "苏轼",
            "title": "定风波·南海归赠王定国侍人寓娘",
            "url": "http://www.cquctt.cn/shi/5100.html"
        },
        {
            "author": "苏轼",
            "title": "定风波·三月七日",
            "url": "http://www.cquctt.cn/shi/5101.html"
        },
        {
            "author": "苏轼",
            "title": "水调歌头·丙辰中秋",
            "url": "http://www.cquctt.cn/shi/5102.html"
        },
        {
            "author": "苏轼",
            "title": "卜算子·黄州定慧院寓居作",
            "url": "http://www.cquctt.cn/shi/5104.html"
        },
        {
            "author": "黄裳",
            "title": "减字木兰花·竞渡",
            "url": "http://www.cquctt.cn/shi/5105.html"
        },
        {
            "author": "秦观",
            "title": "满庭芳·山抹微云",
            "url": "http://www.cquctt.cn/shi/5106.html"
        },
        {
            "author": "秦观",
            "title": "江城子·西城杨柳弄春柔",
            "url": "http://www.cquctt.cn/shi/5108.html"
        },
        {
            "author": "李璟",
            "title": "摊破浣溪沙·菡萏香销翠叶残",
            "url": "http://www.cquctt.cn/shi/5052.html"
        },
        {
            "author": "李煜",
            "title": "虞美人·风回小院庭芜绿",
            "url": "http://www.cquctt.cn/shi/5053.html"
        },
        {
            "author": "佚名",
            "title": "鹊踏枝·叵耐灵鹊多谩语",
            "url": "http://www.cquctt.cn/shi/5055.html"
        },
        {
            "author": "李煜",
            "title": "相见欢·无言独上西楼",
            "url": "http://www.cquctt.cn/shi/5056.html"
        },
        {
            "author": "佚名",
            "title": "浣溪沙·五两竿头风欲平",
            "url": "http://www.cquctt.cn/shi/5057.html"
        },
        {
            "author": "李煜",
            "title": "相见欢·林花谢了春红",
            "url": "http://www.cquctt.cn/shi/5058.html"
        },
        {
            "author": "佚名",
            "title": "望江南·天上月",
            "url": "http://www.cquctt.cn/shi/5059.html"
        },
        {
            "author": "李煜",
            "title": "长相思·一重山",
            "url": "http://www.cquctt.cn/shi/5060.html"
        },
        {
            "author": "王禹偁",
            "title": "点绛唇·感兴",
            "url": "http://www.cquctt.cn/shi/5061.html"
        },
        {
            "author": "李煜",
            "title": "浪淘沙令·帘外雨潺潺",
            "url": "http://www.cquctt.cn/shi/5062.html"
        },
        {
            "author": "潘阆",
            "title": "酒泉子·长忆观潮",
            "url": "http://www.cquctt.cn/shi/5063.html"
        },
        {
            "author": "李煜",
            "title": "清平乐·别来春半",
            "url": "http://www.cquctt.cn/shi/5064.html"
        },
        {
            "author": "林逋",
            "title": "相思令·吴山青",
            "url": "http://www.cquctt.cn/shi/5065.html"
        },
        {
            "author": "李煜",
            "title": "捣练子令·深院静",
            "url": "http://www.cquctt.cn/shi/5066.html"
        },
        {
            "author": "李煜",
            "title": "破阵子·四十年来家国",
            "url": "http://www.cquctt.cn/shi/5067.html"
        },
        {
            "author": "柳永",
            "title": "蝶恋花·伫倚危楼风细细",
            "url": "http://www.cquctt.cn/shi/5070.html"
        },
        {
            "author": "晏殊",
            "title": "浣溪沙·一曲新词酒一杯",
            "url": "http://www.cquctt.cn/shi/5071.html"
        },
        {
            "author": "欧阳修",
            "title": "踏莎行·候馆梅残",
            "url": "http://www.cquctt.cn/shi/5072.html"
        },
        {
            "author": "柳永",
            "title": "定风波·自春来",
            "url": "http://www.cquctt.cn/shi/5073.html"
        },
        {
            "author": "欧阳修",
            "title": "生查子·元夕",
            "url": "http://www.cquctt.cn/shi/5074.html"
        },
        {
            "author": "晏殊",
            "title": "浣溪沙·一向年光有限身",
            "url": "http://www.cquctt.cn/shi/5075.html"
        },
        {
            "author": "欧阳修",
            "title": "蝶恋花·庭院深深深几许",
            "url": "http://www.cquctt.cn/shi/5076.html"
        },
        {
            "author": "柳永",
            "title": "雨霖铃·寒蝉凄切",
            "url": "http://www.cquctt.cn/shi/5077.html"
        },
        {
            "author": "晏殊",
            "title": "清平乐·红笺小字",
            "url": "http://www.cquctt.cn/shi/5078.html"
        },
        {
            "author": "欧阳修",
            "title": "渔家傲·花底忽闻敲两桨",
            "url": "http://www.cquctt.cn/shi/5079.html"
        },
        {
            "author": "柳永",
            "title": "望海潮·东南形胜",
            "url": "http://www.cquctt.cn/shi/5080.html"
        },
        {
            "author": "晏殊",
            "title": "蝶恋花·槛菊愁烟兰泣露",
            "url": "http://www.cquctt.cn/shi/5081.html"
        },
        {
            "author": "柳永",
            "title": "八声甘州·对潇潇暮雨洒江天",
            "url": "http://www.cquctt.cn/shi/5082.html"
        },
        {
            "author": "晏殊",
            "title": "破阵子·春景",
            "url": "http://www.cquctt.cn/shi/5083.html"
        },
        {
            "author": "欧阳修",
            "title": "浪淘沙·把酒祝东风",
            "url": "http://www.cquctt.cn/shi/5086.html"
        },
        {
            "author": "李白",
            "title": "菩萨蛮·平林漠漠烟如织",
            "url": "http://www.cquctt.cn/shi/5027.html"
        },
        {
            "author": "李白",
            "title": "忆秦娥·箫声咽",
            "url": "http://www.cquctt.cn/shi/5028.html"
        },
        {
            "author": "皇甫松",
            "title": "梦江南·兰烬落",
            "url": "http://www.cquctt.cn/shi/5029.html"
        },
        {
            "author": "李白",
            "title": "三五七言 / 秋风词",
            "url": "http://www.cquctt.cn/shi/5030.html"
        },
        {
            "author": "温庭筠",
            "title": "望江南·梳洗罢",
            "url": "http://www.cquctt.cn/shi/5031.html"
        },
        {
            "author": "孙光宪",
            "title": "浣溪沙·蓼岸风多橘柚香",
            "url": "http://www.cquctt.cn/shi/5032.html"
        },
        {
            "author": "张志和",
            "title": "渔歌子·西塞山前白鹭飞",
            "url": "http://www.cquctt.cn/shi/5033.html"
        },
        {
            "author": "冯延巳",
            "title": "谒金门·风乍起",
            "url": "http://www.cquctt.cn/shi/5034.html"
        },
        {
            "author": "王建",
            "title": "宫中调笑·团扇",
            "url": "http://www.cquctt.cn/shi/5035.html"
        },
        {
            "author": "温庭筠",
            "title": "菩萨蛮·小山重叠金明灭",
            "url": "http://www.cquctt.cn/shi/5036.html"
        },
        {
            "author": "刘禹锡",
            "title": "潇湘神·斑竹枝",
            "url": "http://www.cquctt.cn/shi/5037.html"
        },
        {
            "author": "韦庄",
            "title": "菩萨蛮·人人尽说江南好",
            "url": "http://www.cquctt.cn/shi/5038.html"
        },
        {
            "author": "冯延巳",
            "title": "鹊踏枝·谁道闲情抛弃久",
            "url": "http://www.cquctt.cn/shi/5039.html"
        },
        {
            "author": "白居易",
            "title": "忆江南·江南好",
            "url": "http://www.cquctt.cn/shi/5040.html"
        },
        {
            "author": "韦庄",
            "title": "菩萨蛮·劝君今夜须沈醉",
            "url": "http://www.cquctt.cn/shi/5041.html"
        },
        {
            "author": "白居易",
            "title": "忆江南·江南忆",
            "url": "http://www.cquctt.cn/shi/5042.html"
        },
        {
            "author": "韦庄",
            "title": "女冠子·四月十七",
            "url": "http://www.cquctt.cn/shi/5043.html"
        },
        {
            "author": "冯延巳",
            "title": "清平乐·雨晴烟晚",
            "url": "http://www.cquctt.cn/shi/5044.html"
        },
        {
            "author": "白居易",
            "title": "长相思·汴水流",
            "url": "http://www.cquctt.cn/shi/5045.html"
        },
        {
            "author": "韦庄",
            "title": "思帝乡·春日游",
            "url": "http://www.cquctt.cn/shi/5046.html"
        },
        {
            "author": "苏轼",
            "title": "江城子·密州出猎",
            "url": "http://www.cquctt.cn/shi/5107.html"
        },
        {
            "author": "李煜",
            "title": "虞美人·春花秋月何时了",
            "url": "http://www.cquctt.cn/shi/4878.html"
        },
        {
            "author": "李珣",
            "title": "巫山一段云·古庙依青嶂",
            "url": "http://www.cquctt.cn/shi/6938.html"
        },
        {
            "author": "冯延巳",
            "title": "鹊踏枝·几日行云何处去",
            "url": "http://www.cquctt.cn/shi/6943.html"
        },
        {
            "author": "晏殊",
            "title": "山亭柳·赠歌者",
            "url": "http://www.cquctt.cn/shi/6944.html"
        },
        {
            "author": "皇甫松",
            "title": "采莲子·菡萏香莲十顷陂",
            "url": "http://www.cquctt.cn/shi/6946.html"
        },
        {
            "author": "王安石",
            "title": "浪淘沙令·伊吕两衰翁",
            "url": "http://www.cquctt.cn/shi/6947.html"
        },
        {
            "author": "牛峤",
            "title": "忆江南·衔泥燕",
            "url": "http://www.cquctt.cn/shi/6948.html"
        },
        {
            "author": "晏几道",
            "title": "蝶恋花·醉别西楼醒不记",
            "url": "http://www.cquctt.cn/shi/6949.html"
        },
        {
            "author": "柳永",
            "title": "安公子·远岸收残雨",
            "url": "http://www.cquctt.cn/shi/6950.html"
        },
        {
            "author": "牛希济",
            "title": "生查子·新月曲如眉",
            "url": "http://www.cquctt.cn/shi/6951.html"
        },
        {
            "author": "苏轼",
            "title": "洞仙歌·冰肌玉骨",
            "url": "http://www.cquctt.cn/shi/6952.html"
        },
        {
            "author": "张昪",
            "title": "离亭燕·一带江山如画",
            "url": "http://www.cquctt.cn/shi/6953.html"
        },
        {
            "author": "李元膺",
            "title": "洞仙歌·雪云散尽",
            "url": "http://www.cquctt.cn/shi/6957.html"
        },
        {
            "author": "欧阳修",
            "title": "渔家傲·近日门前溪水涨",
            "url": "http://www.cquctt.cn/shi/6959.html"
        },
        {
            "author": "秦观",
            "title": "望海潮·洛阳怀古",
            "url": "http://www.cquctt.cn/shi/6962.html"
        },
        {
            "author": "徐昌图",
            "title": "临江仙·饮散离亭西去",
            "url": "http://www.cquctt.cn/shi/6963.html"
        },
        {
            "author": "寇准",
            "title": "踏莎行·春色将阑",
            "url": "http://www.cquctt.cn/shi/6961.html"
        },
        {
            "author": "贺铸",
            "title": "芳心苦·杨柳回塘",
            "url": "http://www.cquctt.cn/shi/6965.html"
        },
        {
            "author": "韩缜",
            "title": "凤箫吟·锁离愁",
            "url": "http://www.cquctt.cn/shi/6970.html"
        },
        {
            "author": "周邦彦",
            "title": "解语花·上元",
            "url": "http://www.cquctt.cn/shi/6971.html"
        },
        {
            "author": "叶梦得",
            "title": "水调歌头·秋色渐将晚",
            "url": "http://www.cquctt.cn/shi/6972.html"
        },
        {
            "author": "周邦彦",
            "title": "六丑·落花",
            "url": "http://www.cquctt.cn/shi/6973.html"
        },
        {
            "author": "汪藻",
            "title": "点绛唇·新月娟娟",
            "url": "http://www.cquctt.cn/shi/6974.html"
        },
        {
            "author": "晁补之",
            "title": "盐角儿·亳社观梅",
            "url": "http://www.cquctt.cn/shi/6975.html"
        },
        {
            "author": "曹组",
            "title": "蓦山溪·梅",
            "url": "http://www.cquctt.cn/shi/6976.html"
        },
        {
            "author": "周邦彦",
            "title": "西河·大石金陵",
            "url": "http://www.cquctt.cn/shi/6977.html"
        },
        {
            "author": "侯蒙",
            "title": "临江仙·未遇行藏谁肯信",
            "url": "http://www.cquctt.cn/shi/6979.html"
        },
        {
            "author": "万俟咏",
            "title": "三台·清明应制",
            "url": "http://www.cquctt.cn/shi/6980.html"
        },
        {
            "author": "周邦彦",
            "title": "瑞龙吟·大石春景",
            "url": "http://www.cquctt.cn/shi/6981.html"
        },
        {
            "author": "朱敦儒",
            "title": "好事近·摇首出红尘",
            "url": "http://www.cquctt.cn/shi/6984.html"
        },
        {
            "author": "周邦彦",
            "title": "蝶恋花·早行",
            "url": "http://www.cquctt.cn/shi/6985.html"
        },
        {
            "author": "周邦彦",
            "title": "满庭芳·夏日溧水无想山作",
            "url": "http://www.cquctt.cn/shi/6983.html"
        },
        {
            "author": "周邦彦",
            "title": "玉楼春·桃溪不作从容住",
            "url": "http://www.cquctt.cn/shi/6986.html"
        },
        {
            "author": "向子諲",
            "title": "秦楼月·芳菲歇",
            "url": "http://www.cquctt.cn/shi/6987.html"
        },
        {
            "author": "蔡伸",
            "title": "苍梧谣·天",
            "url": "http://www.cquctt.cn/shi/6990.html"
        },
        {
            "author": "姜夔",
            "title": "念奴娇·闹红一舸",
            "url": "http://www.cquctt.cn/shi/6992.html"
        },
        {
            "author": "杨万里",
            "title": "昭君怨·赋松上鸥",
            "url": "http://www.cquctt.cn/shi/6994.html"
        },
        {
            "author": "朱淑真",
            "title": "谒金门·春半",
            "url": "http://www.cquctt.cn/shi/6996.html"
        },
        {
            "author": "石孝友",
            "title": "卜算子·见也如何暮",
            "url": "http://www.cquctt.cn/shi/6998.html"
        },
        {
            "author": "李清照",
            "title": "鹧鸪天·寒日萧萧上琐窗",
            "url": "http://www.cquctt.cn/shi/6999.html"
        },
        {
            "author": "姜夔",
            "title": "齐天乐·蟋蟀",
            "url": "http://www.cquctt.cn/shi/7000.html"
        },
        {
            "author": "朱淑真",
            "title": "蝶恋花·送春",
            "url": "http://www.cquctt.cn/shi/7001.html"
        },
        {
            "author": "张元干",
            "title": "贺新郎·寄李伯纪丞相",
            "url": "http://www.cquctt.cn/shi/7002.html"
        },
        {
            "author": "陈亮",
            "title": "水龙吟·春恨",
            "url": "http://www.cquctt.cn/shi/7003.html"
        },
        {
            "author": "袁去华",
            "title": "瑞鹤仙·郊原初过雨",
            "url": "http://www.cquctt.cn/shi/7004.html"
        },
        {
            "author": "曹勋",
            "title": "饮马歌·边头春未到",
            "url": "http://www.cquctt.cn/shi/7005.html"
        },
        {
            "author": "姜夔",
            "title": "长亭怨慢·渐吹尽",
            "url": "http://www.cquctt.cn/shi/7006.html"
        },
        {
            "author": "姜夔",
            "title": "暗香·旧时月色",
            "url": "http://www.cquctt.cn/shi/7009.html"
        },
        {
            "author": "姜夔",
            "title": "踏莎行·自沔东来",
            "url": "http://www.cquctt.cn/shi/7012.html"
        },
        {
            "author": "周紫芝",
            "title": "鹧鸪天·一点残红欲尽时",
            "url": "http://www.cquctt.cn/shi/7013.html"
        },
        {
            "author": "刘过",
            "title": "西江月·堂上谋臣尊俎",
            "url": "http://www.cquctt.cn/shi/7014.html"
        },
        {
            "author": "姜夔",
            "title": "疏影·苔枝缀玉",
            "url": "http://www.cquctt.cn/shi/7017.html"
        },
        {
            "author": "吴文英",
            "title": "八声甘州·灵岩陪庾幕诸公游",
            "url": "http://www.cquctt.cn/shi/7018.html"
        },
        {
            "author": "李好古",
            "title": "谒金门·花过雨",
            "url": "http://www.cquctt.cn/shi/7019.html"
        },
        {
            "author": "文及翁",
            "title": "贺新郎·西湖",
            "url": "http://www.cquctt.cn/shi/7020.html"
        },
        {
            "author": "",
            "title": "减字木兰花·莎衫筠笠",
            "url": "http://www.cquctt.cn/shi/7021.html"
        },
        {
            "author": "卢祖皋",
            "title": "江城子·画楼帘暮卷新晴",
            "url": "http://www.cquctt.cn/shi/7023.html"
        },
        {
            "author": "吴文英",
            "title": "风入松·听风听雨过清明",
            "url": "http://www.cquctt.cn/shi/7031.html"
        },
        {
            "author": "方岳",
            "title": "水调歌头·平山堂用东坡韵",
            "url": "http://www.cquctt.cn/shi/7027.html"
        },
        {
            "author": "卢祖皋",
            "title": "宴清都·初春",
            "url": "http://www.cquctt.cn/shi/7026.html"
        },
        {
            "author": "张琼英",
            "title": "满江红·题南京夷山驿",
            "url": "http://www.cquctt.cn/shi/7024.html"
        },
        {
            "author": "吴文英",
            "title": "莺啼序·春晚感怀",
            "url": "http://www.cquctt.cn/shi/7033.html"
        },
        {
            "author": "晏几道",
            "title": "鹧鸪天·小令尊前见玉箫",
            "url": "http://www.cquctt.cn/shi/7096.html"
        },
        {
            "author": "张舜民",
            "title": "卖花声·题岳阳楼",
            "url": "http://www.cquctt.cn/shi/7099.html"
        },
        {
            "author": "黄庭坚",
            "title": "鹧鸪天·坐中有眉山隐客史应之和前韵",
            "url": "http://www.cquctt.cn/shi/7101.html"
        },
        {
            "author": "贺铸",
            "title": "石州引·薄雨初寒",
            "url": "http://www.cquctt.cn/shi/7110.html"
        },
        {
            "author": "张耒",
            "title": "秋蕊香·帘幕疏疏风透",
            "url": "http://www.cquctt.cn/shi/7111.html"
        },
        {
            "author": "秦观",
            "title": "行香子·树绕村庄",
            "url": "http://www.cquctt.cn/shi/7112.html"
        },
        {
            "author": "贺铸",
            "title": "杵声齐·砧面莹",
            "url": "http://www.cquctt.cn/shi/7113.html"
        },
        {
            "author": "秦观",
            "title": "千秋岁·水边沙外",
            "url": "http://www.cquctt.cn/shi/7117.html"
        },
        {
            "author": "谢逸",
            "title": "江神子·杏花村馆酒旗风",
            "url": "http://www.cquctt.cn/shi/7122.html"
        },
        {
            "author": "杨无咎",
            "title": "柳梢青·茅舍疏篱",
            "url": "http://www.cquctt.cn/shi/7133.html"
        },
        {
            "author": "张抡",
            "title": "踏莎行·秋入云山",
            "url": "http://www.cquctt.cn/shi/7139.html"
        },
        {
            "author": "杨万里",
            "title": "好事近·七月十三日夜登万花川谷望月作",
            "url": "http://www.cquctt.cn/shi/7154.html"
        },
        {
            "author": "赵长卿",
            "title": "临江仙·暮春",
            "url": "http://www.cquctt.cn/shi/7164.html"
        },
        {
            "author": "朱淑真",
            "title": "眼儿媚·风日迟迟弄轻柔",
            "url": "http://www.cquctt.cn/shi/7171.html"
        },
        {
            "author": "张孝祥",
            "title": "西江月·问讯湖边春色",
            "url": "http://www.cquctt.cn/shi/7180.html"
        },
        {
            "author": "姜夔",
            "title": "鹧鸪天·己酉之秋苕溪记所见",
            "url": "http://www.cquctt.cn/shi/7183.html"
        },
        {
            "author": "刘克庄",
            "title": "沁园春·答九华叶贤良",
            "url": "http://www.cquctt.cn/shi/7199.html"
        },
        {
            "author": "吴潜",
            "title": "满江红·送李御带珙",
            "url": "http://www.cquctt.cn/shi/7200.html"
        },
        {
            "author": "刘克庄",
            "title": "长相思·惜梅",
            "url": "http://www.cquctt.cn/shi/7204.html"
        },
        {
            "author": "刘克庄",
            "title": "贺新郎·送陈真州子华",
            "url": "http://www.cquctt.cn/shi/7207.html"
        },
        {
            "author": "刘辰翁",
            "title": "西江月·新秋写兴",
            "url": "http://www.cquctt.cn/shi/7214.html"
        },
        {
            "author": "苏轼",
            "title": "念奴娇·赤壁怀古（大江东去）",
            "url": "http://www.cquctt.cn/shi/1194.html"
        },
        {
            "author": "敦煌曲子",
            "title": "浣溪沙（五两竿头风欲平）",
            "url": "http://www.cquctt.cn/shi/3646.html"
        },
        {
            "author": "张舜民",
            "title": "卖花声（木叶下君山）",
            "url": "http://www.cquctt.cn/shi/1641.html"
        },
        {
            "author": "贺铸",
            "title": "思越人·紫府东风放夜时",
            "url": "http://www.cquctt.cn/shi/8862.html"
        },
        {
            "author": "欧阳修",
            "title": "渔家傲（花底忽闻敲两桨）",
            "url": "http://www.cquctt.cn/shi/2769.html"
        },
        {
            "author": "吴文英",
            "title": "浣溪沙·门隔花深梦旧游",
            "url": "http://www.cquctt.cn/shi/7029.html"
        },
        {
            "author": "晏殊",
            "title": "浣溪沙·玉碗冰寒滴露华",
            "url": "http://www.cquctt.cn/shi/8968.html"
        },
        {
            "author": "晏几道",
            "title": "破阵子·柳下笙歌庭院",
            "url": "http://www.cquctt.cn/shi/8271.html"
        },
        {
            "author": "晏几道",
            "title": "破阵子（柳下笙歌庭院）",
            "url": "http://www.cquctt.cn/shi/3330.html"
        },
        {
            "author": "张先",
            "title": "菩萨蛮（忆郎还上层楼曲）",
            "url": "http://www.cquctt.cn/shi/3417.html"
        },
        {
            "author": "张先",
            "title": "菩萨蛮（哀筝一弄湘江曲）",
            "url": "http://www.cquctt.cn/shi/3410.html"
        },
        {
            "author": "张先",
            "title": "青门引·春思",
            "url": "http://www.cquctt.cn/shi/6967.html"
        },
        {
            "author": "张先",
            "title": "青门引（乍暖还轻冷）",
            "url": "http://www.cquctt.cn/shi/1643.html"
        },
        {
            "author": "张先",
            "title": "天仙子·水调数声持酒听",
            "url": "http://www.cquctt.cn/shi/5084.html"
        },
        {
            "author": "张先",
            "title": "一丛花令·伤高怀远几时穷",
            "url": "http://www.cquctt.cn/shi/7866.html"
        },
        {
            "author": "张先",
            "title": "一丛花令（伤高怀远几时穷）",
            "url": "http://www.cquctt.cn/shi/3407.html"
        },
        {
            "author": "张先",
            "title": "醉垂鞭·双蝶绣罗裙",
            "url": "http://www.cquctt.cn/shi/6945.html"
        },
        {
            "author": "张先",
            "title": "千秋岁·数声鶗鴂",
            "url": "http://www.cquctt.cn/shi/5085.html"
        },
        {
            "author": "范仲淹",
            "title": "御街行",
            "url": "http://www.cquctt.cn/shi/883.html"
        },
        {
            "author": "范仲淹",
            "title": "苏幕遮·怀旧",
            "url": "http://www.cquctt.cn/shi/5068.html"
        },
        {
            "author": "范仲淹",
            "title": "渔家傲·秋思",
            "url": "http://www.cquctt.cn/shi/5069.html"
        },
        {
            "author": "钱惟演",
            "title": "木兰花·城上风光莺语乱",
            "url": "http://www.cquctt.cn/shi/5314.html"
        },
        {
            "author": "赵佶",
            "title": "宴山亭·北行见杏花裁剪冰绡",
            "url": "http://www.cquctt.cn/shi/7859.html"
        },
        {
            "author": "李珣",
            "title": "南乡子·乘彩舫",
            "url": "http://www.cquctt.cn/shi/4653.html"
        },
        {
            "author": "李清照",
            "title": "声声慢·寻寻觅觅（寻寻觅觅，冷冷清清，凄凄惨惨戚戚）",
            "url": "http://www.cquctt.cn/shi/4662.html"
        },
        {
            "author": "白居易",
            "title": "花非花",
            "url": "http://www.cquctt.cn/shi/330.html"
        }
    ]
}