{
    "items": [
        {
            "author": "李清照",
            "title": "蝶恋花·暖雨晴风初破冻",
            "url": "http://www.cquctt.cn/shi/5883.html"
        },
        {
            "author": "汪元量",
            "title": "一剪梅·怀旧",
            "url": "http://www.cquctt.cn/shi/5818.html"
        },
        {
            "author": "石孝友",
            "title": "眼儿媚·愁云淡淡雨潇潇",
            "url": "http://www.cquctt.cn/shi/5791.html"
        },
        {
            "author": "戴复古",
            "title": "木兰花慢·莺啼啼不尽",
            "url": "http://www.cquctt.cn/shi/5792.html"
        },
        {
            "author": "杨炎正",
            "title": "水调歌头·把酒对斜日",
            "url": "http://www.cquctt.cn/shi/5794.html"
        },
        {
            "author": "史达祖",
            "title": "鹧鸪天·卫县道中有怀其人",
            "url": "http://www.cquctt.cn/shi/5795.html"
        },
        {
            "author": "葛长庚",
            "title": "水调歌头·江上春山远",
            "url": "http://www.cquctt.cn/shi/5797.html"
        },
        {
            "author": "曹豳",
            "title": "西河·和王潜斋韵",
            "url": "http://www.cquctt.cn/shi/5798.html"
        },
        {
            "author": "岳珂",
            "title": "满江红·小院深深",
            "url": "http://www.cquctt.cn/shi/5800.html"
        },
        {
            "author": "",
            "title": "减字木兰花·淮山隐隐",
            "url": "http://www.cquctt.cn/shi/5807.html"
        },
        {
            "author": "周密",
            "title": "献仙音·吊雪香亭梅",
            "url": "http://www.cquctt.cn/shi/5813.html"
        },
        {
            "author": "金德淑",
            "title": "望江南·春睡起",
            "url": "http://www.cquctt.cn/shi/5820.html"
        },
        {
            "author": "",
            "title": "望江南·燕塞雪",
            "url": "http://www.cquctt.cn/shi/5821.html"
        },
        {
            "author": "阮逸女",
            "title": "花心动·春词",
            "url": "http://www.cquctt.cn/shi/5748.html"
        },
        {
            "author": "王安石",
            "title": "谒金门·春又老",
            "url": "http://www.cquctt.cn/shi/5750.html"
        },
        {
            "author": "晏几道",
            "title": "浣溪沙·闲弄筝弦懒系裙",
            "url": "http://www.cquctt.cn/shi/5752.html"
        },
        {
            "author": "秦观",
            "title": "鹧鸪天·枝上流莺和泪闻",
            "url": "http://www.cquctt.cn/shi/5761.html"
        },
        {
            "author": "贺铸",
            "title": "西江月·携手看花深径",
            "url": "http://www.cquctt.cn/shi/5762.html"
        },
        {
            "author": "周邦彦",
            "title": "少年游·朝云漠漠散轻丝",
            "url": "http://www.cquctt.cn/shi/5764.html"
        },
        {
            "author": "贺铸",
            "title": "子夜歌·三更月",
            "url": "http://www.cquctt.cn/shi/5765.html"
        },
        {
            "author": "向子諲",
            "title": "阮郎归·绍兴乙卯大雪行鄱阳道中",
            "url": "http://www.cquctt.cn/shi/5777.html"
        },
        {
            "author": "李清照",
            "title": "减字木兰花·卖花担上",
            "url": "http://www.cquctt.cn/shi/5778.html"
        },
        {
            "author": "蜀妓",
            "title": "鹊桥仙·说盟说誓",
            "url": "http://www.cquctt.cn/shi/5782.html"
        },
        {
            "author": "张孝祥",
            "title": "浣溪沙·霜日明霄水蘸空",
            "url": "http://www.cquctt.cn/shi/5784.html"
        },
        {
            "author": "程垓",
            "title": "酷相思·月挂霜林寒欲坠",
            "url": "http://www.cquctt.cn/shi/5786.html"
        },
        {
            "author": "辛弃疾",
            "title": "清平乐·题上卢桥",
            "url": "http://www.cquctt.cn/shi/5787.html"
        },
        {
            "author": "陈允平",
            "title": "唐多令·秋暮有感",
            "url": "http://www.cquctt.cn/shi/5814.html"
        },
        {
            "author": "寇准",
            "title": "踏莎行·寒草烟光阔",
            "url": "http://www.cquctt.cn/shi/5732.html"
        },
        {
            "author": "欧阳修",
            "title": "长相思·花似伊",
            "url": "http://www.cquctt.cn/shi/5737.html"
        },
        {
            "author": "晏几道",
            "title": "蝶恋花·梦入江南烟水路",
            "url": "http://www.cquctt.cn/shi/5740.html"
        },
        {
            "author": "晏几道",
            "title": "鹧鸪天·手捻香笺忆小莲",
            "url": "http://www.cquctt.cn/shi/5745.html"
        },
        {
            "author": "王琪",
            "title": "望江南·江南月",
            "url": "http://www.cquctt.cn/shi/5747.html"
        },
        {
            "author": "李清照",
            "title": "鹧鸪天·桂花",
            "url": "http://www.cquctt.cn/shi/5772.html"
        },
        {
            "author": "万俟咏",
            "title": "长相思·雨",
            "url": "http://www.cquctt.cn/shi/5774.html"
        },
        {
            "author": "吕本中",
            "title": "减字木兰花·去年今夜",
            "url": "http://www.cquctt.cn/shi/5775.html"
        },
        {
            "author": "李清照",
            "title": "声声慢·寻寻觅觅",
            "url": "http://www.cquctt.cn/shi/5138.html"
        },
        {
            "author": "李清照",
            "title": "行香子·七夕",
            "url": "http://www.cquctt.cn/shi/5586.html"
        },
        {
            "author": "李清照",
            "title": "武陵春·春晚",
            "url": "http://www.cquctt.cn/shi/5481.html"
        },
        {
            "author": "范成大",
            "title": "霜天晓角·梅",
            "url": "http://www.cquctt.cn/shi/5783.html"
        },
        {
            "author": "毛滂",
            "title": "惜分飞·泪湿阑干花著露",
            "url": "http://www.cquctt.cn/shi/5455.html"
        },
        {
            "author": "",
            "title": "武陵春·人道有情须有梦",
            "url": "http://www.cquctt.cn/shi/5358.html"
        },
        {
            "author": "李清照",
            "title": "浣溪沙·淡荡春光寒食天",
            "url": "http://www.cquctt.cn/shi/5343.html"
        },
        {
            "author": "李清照",
            "title": "点绛唇·闺思",
            "url": "http://www.cquctt.cn/shi/5342.html"
        },
        {
            "author": "孔夷",
            "title": "南浦·旅怀",
            "url": "http://www.cquctt.cn/shi/5341.html"
        },
        {
            "author": "苏轼",
            "title": "阳关曲 / 中秋月",
            "url": "http://www.cquctt.cn/shi/5340.html"
        },
        {
            "author": "周邦彦",
            "title": "浪淘沙慢·晓阴重",
            "url": "http://www.cquctt.cn/shi/5339.html"
        },
        {
            "author": "苏轼",
            "title": "贺新郎·夏景",
            "url": "http://www.cquctt.cn/shi/5338.html"
        },
        {
            "author": "王安国",
            "title": "清平乐·春晚",
            "url": "http://www.cquctt.cn/shi/5388.html"
        },
        {
            "author": "欧阳修",
            "title": "玉楼春·尊前拟把归期说",
            "url": "http://www.cquctt.cn/shi/5333.html"
        },
        {
            "author": "欧阳修",
            "title": "玉楼春·别后不知君远近",
            "url": "http://www.cquctt.cn/shi/5334.html"
        },
        {
            "author": "晏几道",
            "title": "思远人·红叶黄花秋意晚",
            "url": "http://www.cquctt.cn/shi/5331.html"
        },
        {
            "author": "苏轼",
            "title": "南乡子·重九涵辉楼呈徐君猷",
            "url": "http://www.cquctt.cn/shi/5335.html"
        },
        {
            "author": "黄大临",
            "title": "青玉案·和贺方回韵送伯固还吴中",
            "url": "http://www.cquctt.cn/shi/5327.html"
        },
        {
            "author": "柳永",
            "title": "玉蝴蝶·望处雨收云断",
            "url": "http://www.cquctt.cn/shi/5325.html"
        },
        {
            "author": "晏几道",
            "title": "鹧鸪天·醉拍春衫惜旧香",
            "url": "http://www.cquctt.cn/shi/5324.html"
        },
        {
            "author": "柳永",
            "title": "夜半乐·冻云黯淡天气",
            "url": "http://www.cquctt.cn/shi/5322.html"
        },
        {
            "author": "李之仪",
            "title": "忆秦娥·用太白韵",
            "url": "http://www.cquctt.cn/shi/5321.html"
        },
        {
            "author": "欧阳修",
            "title": "阮郎归·南园春半踏青时",
            "url": "http://www.cquctt.cn/shi/5336.html"
        },
        {
            "author": "张炎",
            "title": "解连环·孤雁",
            "url": "http://www.cquctt.cn/shi/5357.html"
        },
        {
            "author": "周密",
            "title": "玉京秋·烟水阔",
            "url": "http://www.cquctt.cn/shi/5355.html"
        },
        {
            "author": "辛弃疾",
            "title": "鹧鸪天·送人",
            "url": "http://www.cquctt.cn/shi/5354.html"
        },
        {
            "author": "辛弃疾",
            "title": "祝英台近·晚春",
            "url": "http://www.cquctt.cn/shi/5353.html"
        },
        {
            "author": "",
            "title": "念奴娇·避地溢江书于新亭",
            "url": "http://www.cquctt.cn/shi/5351.html"
        },
        {
            "author": "辛弃疾",
            "title": "水龙吟·登建康赏心亭",
            "url": "http://www.cquctt.cn/shi/5350.html"
        },
        {
            "author": "李清照",
            "title": "念奴娇·春情",
            "url": "http://www.cquctt.cn/shi/5349.html"
        },
        {
            "author": "李清照",
            "title": "浣溪沙·闺情",
            "url": "http://www.cquctt.cn/shi/5348.html"
        },
        {
            "author": "吕本中",
            "title": "踏莎行·雪似梅花",
            "url": "http://www.cquctt.cn/shi/5347.html"
        },
        {
            "author": "朱敦儒",
            "title": "采桑子·彭浪矶",
            "url": "http://www.cquctt.cn/shi/5346.html"
        },
        {
            "author": "李清照",
            "title": "浣溪沙·髻子伤春慵更梳",
            "url": "http://www.cquctt.cn/shi/5345.html"
        },
        {
            "author": "柳永",
            "title": "昼夜乐·洞房记得初相遇",
            "url": "http://www.cquctt.cn/shi/5318.html"
        },
        {
            "author": "曹组",
            "title": "卜算子·兰",
            "url": "http://www.cquctt.cn/shi/5344.html"
        },
        {
            "author": "寇准",
            "title": "江南春·波渺渺",
            "url": "http://www.cquctt.cn/shi/5312.html"
        },
        {
            "author": "范仲淹",
            "title": "御街行·秋日怀旧",
            "url": "http://www.cquctt.cn/shi/5316.html"
        },
        {
            "author": "林逋",
            "title": "点绛唇·金谷年年",
            "url": "http://www.cquctt.cn/shi/5253.html"
        },
        {
            "author": "黄孝迈",
            "title": "湘春夜月·近清明",
            "url": "http://www.cquctt.cn/shi/5197.html"
        },
        {
            "author": "刘克庄",
            "title": "贺新郎·九日",
            "url": "http://www.cquctt.cn/shi/5200.html"
        },
        {
            "author": "蒋捷",
            "title": "虞美人·听雨",
            "url": "http://www.cquctt.cn/shi/5203.html"
        },
        {
            "author": "吴文英",
            "title": "唐多令·惜别",
            "url": "http://www.cquctt.cn/shi/5204.html"
        },
        {
            "author": "岳飞",
            "title": "小重山·昨夜寒蛩不住鸣",
            "url": "http://www.cquctt.cn/shi/5155.html"
        },
        {
            "author": "李清照",
            "title": "醉花阴·薄雾浓云愁永昼",
            "url": "http://www.cquctt.cn/shi/5156.html"
        },
        {
            "author": "李清照",
            "title": "点绛唇·蹴罢秋千",
            "url": "http://www.cquctt.cn/shi/5159.html"
        },
        {
            "author": "唐婉",
            "title": "钗头凤·世情薄",
            "url": "http://www.cquctt.cn/shi/5160.html"
        },
        {
            "author": "韩元吉",
            "title": "霜天晓角·题采石蛾眉亭",
            "url": "http://www.cquctt.cn/shi/5162.html"
        },
        {
            "author": "严蕊",
            "title": "卜算子·不是爱风尘",
            "url": "http://www.cquctt.cn/shi/5164.html"
        },
        {
            "author": "陆游",
            "title": "钗头凤·红酥手",
            "url": "http://www.cquctt.cn/shi/5167.html"
        },
        {
            "author": "陆游",
            "title": "卜算子·咏梅",
            "url": "http://www.cquctt.cn/shi/5169.html"
        },
        {
            "author": "陆游",
            "title": "诉衷情·当年万里觅封侯",
            "url": "http://www.cquctt.cn/shi/5174.html"
        },
        {
            "author": "李之仪",
            "title": "卜算子·我住长江头",
            "url": "http://www.cquctt.cn/shi/5125.html"
        },
        {
            "author": "周邦彦",
            "title": "兰陵王·柳",
            "url": "http://www.cquctt.cn/shi/5131.html"
        },
        {
            "author": "辛弃疾",
            "title": "贺新郎·别茂嘉十二弟",
            "url": "http://www.cquctt.cn/shi/5186.html"
        },
        {
            "author": "辛弃疾",
            "title": "丑奴儿·书博山道中壁",
            "url": "http://www.cquctt.cn/shi/5190.html"
        },
        {
            "author": "王雱",
            "title": "眼儿媚·杨柳丝丝弄轻柔",
            "url": "http://www.cquctt.cn/shi/5109.html"
        },
        {
            "author": "李清照",
            "title": "南歌子·天上星河转",
            "url": "http://www.cquctt.cn/shi/5137.html"
        },
        {
            "author": "李清照",
            "title": "一剪梅·红藕香残玉簟秋",
            "url": "http://www.cquctt.cn/shi/5140.html"
        },
        {
            "author": "吕本中",
            "title": "采桑子·恨君不似江楼月",
            "url": "http://www.cquctt.cn/shi/5142.html"
        },
        {
            "author": "李清照",
            "title": "渔家傲·天接云涛连晓雾",
            "url": "http://www.cquctt.cn/shi/5143.html"
        },
        {
            "author": "李清照",
            "title": "如梦令·常记溪亭日暮",
            "url": "http://www.cquctt.cn/shi/5145.html"
        },
        {
            "author": "李清照",
            "title": "如梦令·昨夜雨疏风骤",
            "url": "http://www.cquctt.cn/shi/5147.html"
        },
        {
            "author": "蒋氏女",
            "title": "减字木兰花·题雄州驿",
            "url": "http://www.cquctt.cn/shi/5148.html"
        },
        {
            "author": "李清照",
            "title": "凤凰台上忆吹箫·香冷金猊",
            "url": "http://www.cquctt.cn/shi/5149.html"
        },
        {
            "author": "赵佶",
            "title": "燕山亭·北行见杏花",
            "url": "http://www.cquctt.cn/shi/5152.html"
        },
        {
            "author": "李清照",
            "title": "清平乐·年年雪里",
            "url": "http://www.cquctt.cn/shi/5153.html"
        },
        {
            "author": "宋祁",
            "title": "玉楼春·春景",
            "url": "http://www.cquctt.cn/shi/5087.html"
        },
        {
            "author": "叶清臣",
            "title": "贺圣朝·留别",
            "url": "http://www.cquctt.cn/shi/5089.html"
        },
        {
            "author": "晏几道",
            "title": "临江仙·梦后楼台高锁",
            "url": "http://www.cquctt.cn/shi/5090.html"
        },
        {
            "author": "欧阳修",
            "title": "诉衷情·眉意",
            "url": "http://www.cquctt.cn/shi/5091.html"
        },
        {
            "author": "秦观",
            "title": "鹊桥仙·纤云弄巧",
            "url": "http://www.cquctt.cn/shi/5113.html"
        },
        {
            "author": "苏轼",
            "title": "西江月·世事一场大梦",
            "url": "http://www.cquctt.cn/shi/5096.html"
        },
        {
            "author": "苏轼",
            "title": "水龙吟·次韵章质夫杨花词",
            "url": "http://www.cquctt.cn/shi/5099.html"
        },
        {
            "author": "苏轼",
            "title": "水调歌头·丙辰中秋",
            "url": "http://www.cquctt.cn/shi/5102.html"
        },
        {
            "author": "秦观",
            "title": "满庭芳·山抹微云",
            "url": "http://www.cquctt.cn/shi/5106.html"
        },
        {
            "author": "秦观",
            "title": "江城子·西城杨柳弄春柔",
            "url": "http://www.cquctt.cn/shi/5108.html"
        },
        {
            "author": "王禹偁",
            "title": "点绛唇·感兴",
            "url": "http://www.cquctt.cn/shi/5061.html"
        },
        {
            "author": "林逋",
            "title": "相思令·吴山青",
            "url": "http://www.cquctt.cn/shi/5065.html"
        },
        {
            "author": "晏殊",
            "title": "浣溪沙·一曲新词酒一杯",
            "url": "http://www.cquctt.cn/shi/5071.html"
        },
        {
            "author": "柳永",
            "title": "定风波·自春来",
            "url": "http://www.cquctt.cn/shi/5073.html"
        },
        {
            "author": "欧阳修",
            "title": "生查子·元夕",
            "url": "http://www.cquctt.cn/shi/5074.html"
        },
        {
            "author": "欧阳修",
            "title": "蝶恋花·庭院深深深几许",
            "url": "http://www.cquctt.cn/shi/5076.html"
        },
        {
            "author": "柳永",
            "title": "雨霖铃·寒蝉凄切",
            "url": "http://www.cquctt.cn/shi/5077.html"
        },
        {
            "author": "晏几道",
            "title": "蝶恋花·醉别西楼醒不记",
            "url": "http://www.cquctt.cn/shi/6949.html"
        },
        {
            "author": "柳永",
            "title": "安公子·远岸收残雨",
            "url": "http://www.cquctt.cn/shi/6950.html"
        },
        {
            "author": "寇准",
            "title": "踏莎行·春色将阑",
            "url": "http://www.cquctt.cn/shi/6961.html"
        },
        {
            "author": "韩缜",
            "title": "凤箫吟·锁离愁",
            "url": "http://www.cquctt.cn/shi/6970.html"
        },
        {
            "author": "向子諲",
            "title": "秦楼月·芳菲歇",
            "url": "http://www.cquctt.cn/shi/6987.html"
        },
        {
            "author": "蔡伸",
            "title": "苍梧谣·天",
            "url": "http://www.cquctt.cn/shi/6990.html"
        },
        {
            "author": "朱淑真",
            "title": "谒金门·春半",
            "url": "http://www.cquctt.cn/shi/6996.html"
        },
        {
            "author": "石孝友",
            "title": "卜算子·见也如何暮",
            "url": "http://www.cquctt.cn/shi/6998.html"
        },
        {
            "author": "朱淑真",
            "title": "蝶恋花·送春",
            "url": "http://www.cquctt.cn/shi/7001.html"
        },
        {
            "author": "姜夔",
            "title": "长亭怨慢·渐吹尽",
            "url": "http://www.cquctt.cn/shi/7006.html"
        },
        {
            "author": "姜夔",
            "title": "暗香·旧时月色",
            "url": "http://www.cquctt.cn/shi/7009.html"
        },
        {
            "author": "周紫芝",
            "title": "鹧鸪天·一点残红欲尽时",
            "url": "http://www.cquctt.cn/shi/7013.html"
        },
        {
            "author": "吴文英",
            "title": "风入松·听风听雨过清明",
            "url": "http://www.cquctt.cn/shi/7031.html"
        },
        {
            "author": "张琼英",
            "title": "满江红·题南京夷山驿",
            "url": "http://www.cquctt.cn/shi/7024.html"
        },
        {
            "author": "柳永",
            "title": "尾犯·夜雨滴空阶",
            "url": "http://www.cquctt.cn/shi/7038.html"
        },
        {
            "author": "晏几道",
            "title": "蝶恋花·笑艳秋莲生绿浦",
            "url": "http://www.cquctt.cn/shi/7043.html"
        },
        {
            "author": "舒亶",
            "title": "虞美人·寄公度",
            "url": "http://www.cquctt.cn/shi/7045.html"
        },
        {
            "author": "晏几道",
            "title": "阮郎归·天边金掌露成霜",
            "url": "http://www.cquctt.cn/shi/7047.html"
        },
        {
            "author": "晏殊",
            "title": "渔家傲·画鼓声中昏又晓",
            "url": "http://www.cquctt.cn/shi/7050.html"
        },
        {
            "author": "赵令畤",
            "title": "蝶恋花·欲减罗衣寒未去",
            "url": "http://www.cquctt.cn/shi/7055.html"
        },
        {
            "author": "赵令畤",
            "title": "蝶恋花·卷絮风头寒欲尽",
            "url": "http://www.cquctt.cn/shi/7061.html"
        },
        {
            "author": "张元干",
            "title": "菩萨蛮·三月晦送春有集坐中偶书",
            "url": "http://www.cquctt.cn/shi/7062.html"
        },
        {
            "author": "贺铸",
            "title": "菩萨蛮·彩舟载得离愁动",
            "url": "http://www.cquctt.cn/shi/7063.html"
        },
        {
            "author": "陆游",
            "title": "鹧鸪天·家住苍烟落照间",
            "url": "http://www.cquctt.cn/shi/7064.html"
        },
        {
            "author": "苏轼",
            "title": "减字木兰花·春月",
            "url": "http://www.cquctt.cn/shi/7067.html"
        },
        {
            "author": "",
            "title": "吴山青·金璞明",
            "url": "http://www.cquctt.cn/shi/7068.html"
        },
        {
            "author": "周邦彦",
            "title": "绮寮怨·上马人扶残醉",
            "url": "http://www.cquctt.cn/shi/7065.html"
        },
        {
            "author": "周端臣",
            "title": "玉楼春·华堂帘幕飘香雾",
            "url": "http://www.cquctt.cn/shi/7066.html"
        },
        {
            "author": "晁冲之",
            "title": "临江仙·忆昔西池池上饮",
            "url": "http://www.cquctt.cn/shi/7069.html"
        },
        {
            "author": "李清照",
            "title": "庆清朝·禁幄低张",
            "url": "http://www.cquctt.cn/shi/7070.html"
        },
        {
            "author": "",
            "title": "八声甘州·摘青梅荐酒",
            "url": "http://www.cquctt.cn/shi/7071.html"
        },
        {
            "author": "周紫芝",
            "title": "踏莎行·情似游丝",
            "url": "http://www.cquctt.cn/shi/7072.html"
        },
        {
            "author": "蔡伸",
            "title": "长相思·村姑儿",
            "url": "http://www.cquctt.cn/shi/7074.html"
        },
        {
            "author": "赵汝茪",
            "title": "恋绣衾·柳丝空有千万条",
            "url": "http://www.cquctt.cn/shi/7075.html"
        },
        {
            "author": "",
            "title": "楚天遥过清江引·有意送春归",
            "url": "http://www.cquctt.cn/shi/7076.html"
        },
        {
            "author": "张元干",
            "title": "石州慢·寒水依痕",
            "url": "http://www.cquctt.cn/shi/7078.html"
        },
        {
            "author": "许棐",
            "title": "后庭花·一春不识西湖面",
            "url": "http://www.cquctt.cn/shi/7079.html"
        },
        {
            "author": "刘辰翁",
            "title": "忆秦娥·中斋上元客散感旧",
            "url": "http://www.cquctt.cn/shi/7080.html"
        },
        {
            "author": "吴文英",
            "title": "夜游宫·人去西楼雁杳",
            "url": "http://www.cquctt.cn/shi/7081.html"
        },
        {
            "author": "吴文英",
            "title": "醉桃源·赠卢长笛",
            "url": "http://www.cquctt.cn/shi/7083.html"
        },
        {
            "author": "李好古",
            "title": "江城子·平沙浅草接天长",
            "url": "http://www.cquctt.cn/shi/7084.html"
        },
        {
            "author": "吴文英",
            "title": "点绛唇·试灯夜初晴",
            "url": "http://www.cquctt.cn/shi/7086.html"
        },
        {
            "author": "吴文英",
            "title": "金缕歌·陪履斋先生沧浪看梅",
            "url": "http://www.cquctt.cn/shi/7087.html"
        },
        {
            "author": "辛弃疾",
            "title": "水调歌头·和马叔度游月波楼",
            "url": "http://www.cquctt.cn/shi/7088.html"
        },
        {
            "author": "吴文英",
            "title": "高阳台·落梅",
            "url": "http://www.cquctt.cn/shi/7091.html"
        },
        {
            "author": "吴文英",
            "title": "三姝媚·过都城旧居有感",
            "url": "http://www.cquctt.cn/shi/7094.html"
        },
        {
            "author": "吴文英",
            "title": "望江南·三月暮",
            "url": "http://www.cquctt.cn/shi/7097.html"
        },
        {
            "author": "辛弃疾",
            "title": "浪淘沙·赋虞美人草",
            "url": "http://www.cquctt.cn/shi/7100.html"
        },
        {
            "author": "黄庭坚",
            "title": "鹧鸪天·坐中有眉山隐客史应之和前韵",
            "url": "http://www.cquctt.cn/shi/7101.html"
        },
        {
            "author": "汪元量",
            "title": "传言玉女·钱塘元夕",
            "url": "http://www.cquctt.cn/shi/7102.html"
        },
        {
            "author": "姜夔",
            "title": "鹧鸪天·元夕有所梦",
            "url": "http://www.cquctt.cn/shi/7105.html"
        },
        {
            "author": "秦观",
            "title": "千秋岁·水边沙外",
            "url": "http://www.cquctt.cn/shi/7117.html"
        },
        {
            "author": "吴潜",
            "title": "满江红·送李御带珙",
            "url": "http://www.cquctt.cn/shi/7200.html"
        },
        {
            "author": "刘辰翁",
            "title": "西江月·新秋写兴",
            "url": "http://www.cquctt.cn/shi/7214.html"
        },
        {
            "author": "张先",
            "title": "蝶恋花·移得绿杨栽后院",
            "url": "http://www.cquctt.cn/shi/7409.html"
        },
        {
            "author": "晏殊",
            "title": "撼庭秋·别来音信千里",
            "url": "http://www.cquctt.cn/shi/7414.html"
        },
        {
            "author": "李之仪",
            "title": "谢池春·残寒销尽",
            "url": "http://www.cquctt.cn/shi/7425.html"
        },
        {
            "author": "柳永",
            "title": "忆帝京·薄衾小枕凉天气",
            "url": "http://www.cquctt.cn/shi/7430.html"
        },
        {
            "author": "晏几道",
            "title": "临江仙·斗草阶前初见",
            "url": "http://www.cquctt.cn/shi/7432.html"
        },
        {
            "author": "李之仪",
            "title": "临江仙·登凌歊台感怀",
            "url": "http://www.cquctt.cn/shi/7439.html"
        },
        {
            "author": "王雱",
            "title": "倦寻芳慢·露晞向晚",
            "url": "http://www.cquctt.cn/shi/7440.html"
        },
        {
            "author": "晏几道",
            "title": "长相思·长相思",
            "url": "http://www.cquctt.cn/shi/7445.html"
        },
        {
            "author": "",
            "title": "菩萨蛮·画船捶鼓催君去",
            "url": "http://www.cquctt.cn/shi/7447.html"
        },
        {
            "author": "秦观",
            "title": "虞美人·碧桃天上栽和露",
            "url": "http://www.cquctt.cn/shi/7448.html"
        },
        {
            "author": "李元膺",
            "title": "茶瓶儿·去年相逢深院宇",
            "url": "http://www.cquctt.cn/shi/7453.html"
        },
        {
            "author": "赵佶",
            "title": "醉落魄·预赏景龙门追悼明节皇后",
            "url": "http://www.cquctt.cn/shi/7458.html"
        },
        {
            "author": "周邦彦",
            "title": "诉衷情·出林杏子落金盘",
            "url": "http://www.cquctt.cn/shi/7463.html"
        },
        {
            "author": "谢克家",
            "title": "忆君王·依依宫柳拂宫墙",
            "url": "http://www.cquctt.cn/shi/7470.html"
        },
        {
            "author": "周邦彦",
            "title": "解连环·怨怀无托",
            "url": "http://www.cquctt.cn/shi/7472.html"
        },
        {
            "author": "洪皓",
            "title": "江梅引·忆江梅",
            "url": "http://www.cquctt.cn/shi/7476.html"
        },
        {
            "author": "万俟咏",
            "title": "木兰花慢·恨莺花渐老",
            "url": "http://www.cquctt.cn/shi/7478.html"
        },
        {
            "author": "",
            "title": "临江仙·千里长安名利客",
            "url": "http://www.cquctt.cn/shi/7484.html"
        },
        {
            "author": "陆游",
            "title": "清商怨·葭萌驿作",
            "url": "http://www.cquctt.cn/shi/7487.html"
        },
        {
            "author": "李清照",
            "title": "怨王孙·湖上风来波浩渺",
            "url": "http://www.cquctt.cn/shi/7488.html"
        },
        {
            "author": "范成大",
            "title": "菩萨蛮·湘东驿",
            "url": "http://www.cquctt.cn/shi/7494.html"
        },
        {
            "author": "陈与义",
            "title": "虞美人·扁舟三日秋塘路",
            "url": "http://www.cquctt.cn/shi/7495.html"
        },
        {
            "author": "洪适",
            "title": "渔家傲引·子月水寒风又烈",
            "url": "http://www.cquctt.cn/shi/7500.html"
        },
        {
            "author": "程垓",
            "title": "最高楼·旧时心事",
            "url": "http://www.cquctt.cn/shi/7502.html"
        },
        {
            "author": "韩元吉",
            "title": "好事近·汴京赐宴闻教坊乐有感",
            "url": "http://www.cquctt.cn/shi/7506.html"
        },
        {
            "author": "辛弃疾",
            "title": "贺新郎·把酒长亭说",
            "url": "http://www.cquctt.cn/shi/7518.html"
        },
        {
            "author": "陈亮",
            "title": "南乡子·风雨满苹洲",
            "url": "http://www.cquctt.cn/shi/7520.html"
        },
        {
            "author": "辛弃疾",
            "title": "菩萨蛮·金陵赏心亭为叶丞相赋",
            "url": "http://www.cquctt.cn/shi/7522.html"
        },
        {
            "author": "姜夔",
            "title": "江梅引·丙辰之冬予留梁溪将诣淮而不得因梦思以述志",
            "url": "http://www.cquctt.cn/shi/7534.html"
        },
        {
            "author": "刘克庄",
            "title": "昭君怨·牡丹",
            "url": "http://www.cquctt.cn/shi/7538.html"
        },
        {
            "author": "吴潜",
            "title": "满江红·豫章滕王阁",
            "url": "http://www.cquctt.cn/shi/7541.html"
        },
        {
            "author": "赵崇",
            "title": "清平乐·怀人",
            "url": "http://www.cquctt.cn/shi/7544.html"
        },
        {
            "author": "黄升",
            "title": "南乡子·冬夜",
            "url": "http://www.cquctt.cn/shi/7549.html"
        },
        {
            "author": "汪元量",
            "title": "望江南·幽州九日",
            "url": "http://www.cquctt.cn/shi/7555.html"
        },
        {
            "author": "江开",
            "title": "菩萨蛮·商妇怨",
            "url": "http://www.cquctt.cn/shi/7551.html"
        },
        {
            "author": "陈允平",
            "title": "清平乐·凤城春浅",
            "url": "http://www.cquctt.cn/shi/7558.html"
        },
        {
            "author": "周密",
            "title": "绣鸾凤花犯·赋水仙",
            "url": "http://www.cquctt.cn/shi/7563.html"
        },
        {
            "author": "袁正真",
            "title": "长相思·南高峰",
            "url": "http://www.cquctt.cn/shi/7567.html"
        },
        {
            "author": "郑文妻",
            "title": "忆秦娥·花深深",
            "url": "http://www.cquctt.cn/shi/7570.html"
        },
        {
            "author": "",
            "title": "菩萨蛮·举头忽见衡阳雁",
            "url": "http://www.cquctt.cn/shi/7575.html"
        },
        {
            "author": "夏竦",
            "title": "鹧鸪天·镇日无心扫黛眉",
            "url": "http://www.cquctt.cn/shi/7576.html"
        },
        {
            "author": "苏轼",
            "title": "南乡子（霜降水痕收）",
            "url": "http://www.cquctt.cn/shi/1192.html"
        },
        {
            "author": "李清照",
            "title": "减字木兰花·卖花担上",
            "url": "http://www.cquctt.cn/shi/900.html"
        },
        {
            "author": "秦观",
            "title": "减字木兰花·天涯旧恨",
            "url": "http://www.cquctt.cn/shi/8503.html"
        },
        {
            "author": "韦庄",
            "title": "菩萨蛮（劝君今夜须沉醉）",
            "url": "http://www.cquctt.cn/shi/2970.html"
        },
        {
            "author": "李煜",
            "title": "谢新恩·秦楼不见吹箫女",
            "url": "http://www.cquctt.cn/shi/658.html"
        },
        {
            "author": "欧阳修",
            "title": "渔家傲（花底忽闻敲两桨）",
            "url": "http://www.cquctt.cn/shi/2769.html"
        },
        {
            "author": "范成大",
            "title": "浣溪沙·江村道中",
            "url": "http://www.cquctt.cn/shi/8856.html"
        },
        {
            "author": "吴文英",
            "title": "浣溪沙·门隔花深梦旧游",
            "url": "http://www.cquctt.cn/shi/7029.html"
        },
        {
            "author": "张先",
            "title": "千秋岁·数声鶗鴂",
            "url": "http://www.cquctt.cn/shi/5085.html"
        },
        {
            "author": "范仲淹",
            "title": "苏幕遮·怀旧",
            "url": "http://www.cquctt.cn/shi/5068.html"
        },
        {
            "author": "钱惟演",
            "title": "木兰花·城上风光莺语乱",
            "url": "http://www.cquctt.cn/shi/5314.html"
        },
        {
            "author": "释善珍",
            "title": "祭观文忠惠赵节斋",
            "url": "http://www.cquctt.cn/shi/9000.html"
        },
        {
            "author": "李清照",
            "title": "声声慢·寻寻觅觅（寻寻觅觅，冷冷清清，凄凄惨惨戚戚）",
            "url": "http://www.cquctt.cn/shi/4662.html"
        }
    ]
}