{
    "items": [
        {
            "author": "李白",
            "title": "鞠歌行（玉不自言如桃李）",
            "url": "http://www.cquctt.cn/shi/155.html"
        },
        {
            "author": "诗经",
            "title": "无衣",
            "url": "http://www.cquctt.cn/shi/4726.html"
        },
        {
            "author": "诗经",
            "title": "蒹葭",
            "url": "http://www.cquctt.cn/shi/4729.html"
        },
        {
            "author": "诗经",
            "title": "伐檀",
            "url": "http://www.cquctt.cn/shi/4721.html"
        },
        {
            "author": "诗经",
            "title": "桃夭",
            "url": "http://www.cquctt.cn/shi/4687.html"
        },
        {
            "author": "朱熹",
            "title": "春日",
            "url": "http://www.cquctt.cn/shi/5367.html"
        },
        {
            "author": "诗经",
            "title": "采薇",
            "url": "http://www.cquctt.cn/shi/4738.html"
        },
        {
            "author": "梁启超",
            "title": "读陆放翁集",
            "url": "http://www.cquctt.cn/shi/5317.html"
        },
        {
            "author": "高启",
            "title": "春暮西园",
            "url": "http://www.cquctt.cn/shi/5282.html"
        },
        {
            "author": "杨慎",
            "title": "出郊",
            "url": "http://www.cquctt.cn/shi/5284.html"
        },
        {
            "author": "朱彝尊",
            "title": "出居庸关",
            "url": "http://www.cquctt.cn/shi/5291.html"
        },
        {
            "author": "徐渭",
            "title": "题《墨葡萄图》 / 题葡萄图",
            "url": "http://www.cquctt.cn/shi/5292.html"
        },
        {
            "author": "秦观",
            "title": "纳凉",
            "url": "http://www.cquctt.cn/shi/5232.html"
        },
        {
            "author": "陆游",
            "title": "金错刀行",
            "url": "http://www.cquctt.cn/shi/5240.html"
        },
        {
            "author": "王庭筠",
            "title": "绝句·竹影和诗瘦",
            "url": "http://www.cquctt.cn/shi/5276.html"
        },
        {
            "author": "张舜民",
            "title": "村居·水绕陂田竹绕篱",
            "url": "http://www.cquctt.cn/shi/5212.html"
        },
        {
            "author": "江总",
            "title": "于长安归还扬州九月九日行薇山亭赋韵 / 长安九日诗",
            "url": "http://www.cquctt.cn/shi/5158.html"
        },
        {
            "author": "杨亿",
            "title": "咏傀儡",
            "url": "http://www.cquctt.cn/shi/5163.html"
        },
        {
            "author": "郑文宝",
            "title": "柳枝词",
            "url": "http://www.cquctt.cn/shi/5171.html"
        },
        {
            "author": "张翰",
            "title": "思吴江歌",
            "url": "http://www.cquctt.cn/shi/5129.html"
        },
        {
            "author": "阮籍",
            "title": "咏怀八十二首·其一",
            "url": "http://www.cquctt.cn/shi/5134.html"
        },
        {
            "author": "吴隐之",
            "title": "酌贪泉",
            "url": "http://www.cquctt.cn/shi/5141.html"
        },
        {
            "author": "佚名",
            "title": "回车驾言迈",
            "url": "http://www.cquctt.cn/shi/5112.html"
        },
        {
            "author": "佚名",
            "title": "凛凛岁云暮",
            "url": "http://www.cquctt.cn/shi/5116.html"
        },
        {
            "author": "纳兰性德",
            "title": "秣陵怀古·山色江声共寂寥",
            "url": "http://www.cquctt.cn/shi/5011.html"
        },
        {
            "author": "杨基",
            "title": "天平山中",
            "url": "http://www.cquctt.cn/shi/5012.html"
        },
        {
            "author": "郑燮",
            "title": "竹石",
            "url": "http://www.cquctt.cn/shi/5013.html"
        },
        {
            "author": "郑燮",
            "title": "山中雪后",
            "url": "http://www.cquctt.cn/shi/5014.html"
        },
        {
            "author": "蒋士铨",
            "title": "岁暮到家",
            "url": "http://www.cquctt.cn/shi/5015.html"
        },
        {
            "author": "袁枚",
            "title": "所见",
            "url": "http://www.cquctt.cn/shi/5017.html"
        },
        {
            "author": "纪昀",
            "title": "富春至严陵山水甚佳",
            "url": "http://www.cquctt.cn/shi/5019.html"
        },
        {
            "author": "高鼎",
            "title": "村居",
            "url": "http://www.cquctt.cn/shi/5020.html"
        },
        {
            "author": "赵翼",
            "title": "论诗五首·其二",
            "url": "http://www.cquctt.cn/shi/5021.html"
        },
        {
            "author": "王维",
            "title": "画",
            "url": "http://www.cquctt.cn/shi/5022.html"
        },
        {
            "author": "丘逢甲",
            "title": "春愁",
            "url": "http://www.cquctt.cn/shi/5023.html"
        },
        {
            "author": "谭嗣同",
            "title": "狱中题壁",
            "url": "http://www.cquctt.cn/shi/5024.html"
        },
        {
            "author": "黄景仁",
            "title": "别老母",
            "url": "http://www.cquctt.cn/shi/5025.html"
        },
        {
            "author": "秋瑾",
            "title": "对酒·不惜千金买宝刀",
            "url": "http://www.cquctt.cn/shi/5026.html"
        },
        {
            "author": "翁卷",
            "title": "乡村四月",
            "url": "http://www.cquctt.cn/shi/4991.html"
        },
        {
            "author": "郑思肖",
            "title": "二砺",
            "url": "http://www.cquctt.cn/shi/4992.html"
        },
        {
            "author": "郑思肖",
            "title": "画菊",
            "url": "http://www.cquctt.cn/shi/4993.html"
        },
        {
            "author": "戴复古",
            "title": "淮村兵后",
            "url": "http://www.cquctt.cn/shi/4994.html"
        },
        {
            "author": "杜耒",
            "title": "寒夜",
            "url": "http://www.cquctt.cn/shi/4995.html"
        },
        {
            "author": "卢梅坡",
            "title": "雪梅·其一",
            "url": "http://www.cquctt.cn/shi/4996.html"
        },
        {
            "author": "毛铉",
            "title": "幼女词·下床着新衣",
            "url": "http://www.cquctt.cn/shi/4997.html"
        },
        {
            "author": "陈子龙",
            "title": "渡易水",
            "url": "http://www.cquctt.cn/shi/4998.html"
        },
        {
            "author": "沈周",
            "title": "题画",
            "url": "http://www.cquctt.cn/shi/5000.html"
        },
        {
            "author": "唐寅",
            "title": "言志·不炼金丹不坐禅",
            "url": "http://www.cquctt.cn/shi/5001.html"
        },
        {
            "author": "元好问",
            "title": "同儿辈赋未开海棠",
            "url": "http://www.cquctt.cn/shi/5002.html"
        },
        {
            "author": "夏完淳",
            "title": "别云间",
            "url": "http://www.cquctt.cn/shi/5003.html"
        },
        {
            "author": "揭傒斯",
            "title": "画鸭",
            "url": "http://www.cquctt.cn/shi/5004.html"
        },
        {
            "author": "王冕",
            "title": "墨梅",
            "url": "http://www.cquctt.cn/shi/5005.html"
        },
        {
            "author": "杨继盛",
            "title": "就义诗",
            "url": "http://www.cquctt.cn/shi/5006.html"
        },
        {
            "author": "梅尧臣",
            "title": "鲁山山行",
            "url": "http://www.cquctt.cn/shi/4939.html"
        },
        {
            "author": "程颢",
            "title": "春日偶成·云淡风轻近午天",
            "url": "http://www.cquctt.cn/shi/4941.html"
        },
        {
            "author": "梅尧臣",
            "title": "陶者",
            "url": "http://www.cquctt.cn/shi/4942.html"
        },
        {
            "author": "欧阳修",
            "title": "别滁",
            "url": "http://www.cquctt.cn/shi/4943.html"
        },
        {
            "author": "杨万里",
            "title": "晓出净慈寺送林子方",
            "url": "http://www.cquctt.cn/shi/4978.html"
        },
        {
            "author": "陆游",
            "title": "书愤五首·其一",
            "url": "http://www.cquctt.cn/shi/4979.html"
        },
        {
            "author": "李纲",
            "title": "病牛",
            "url": "http://www.cquctt.cn/shi/4980.html"
        },
        {
            "author": "陆游",
            "title": "病起书怀",
            "url": "http://www.cquctt.cn/shi/4981.html"
        },
        {
            "author": "杨万里",
            "title": "宿新市徐公店",
            "url": "http://www.cquctt.cn/shi/4982.html"
        },
        {
            "author": "陆游",
            "title": "秋夜将晓出篱门迎凉有感",
            "url": "http://www.cquctt.cn/shi/4983.html"
        },
        {
            "author": "林升",
            "title": "题临安邸",
            "url": "http://www.cquctt.cn/shi/4984.html"
        },
        {
            "author": "张栻",
            "title": "立春偶成",
            "url": "http://www.cquctt.cn/shi/4986.html"
        },
        {
            "author": "",
            "title": "初夏游张园",
            "url": "http://www.cquctt.cn/shi/4987.html"
        },
        {
            "author": "徐玑",
            "title": "新凉",
            "url": "http://www.cquctt.cn/shi/4988.html"
        },
        {
            "author": "赵师秀",
            "title": "约客 / 有约",
            "url": "http://www.cquctt.cn/shi/4989.html"
        },
        {
            "author": "文天祥",
            "title": "过零丁洋",
            "url": "http://www.cquctt.cn/shi/4990.html"
        },
        {
            "author": "徐元杰",
            "title": "湖上",
            "url": "http://www.cquctt.cn/shi/5007.html"
        },
        {
            "author": "戚继光",
            "title": "马上作",
            "url": "http://www.cquctt.cn/shi/5008.html"
        },
        {
            "author": "查慎行",
            "title": "舟夜书所见",
            "url": "http://www.cquctt.cn/shi/5009.html"
        },
        {
            "author": "王安石",
            "title": "泊船瓜洲",
            "url": "http://www.cquctt.cn/shi/4928.html"
        },
        {
            "author": "刘攽",
            "title": "新晴·青苔满地初晴后",
            "url": "http://www.cquctt.cn/shi/4944.html"
        },
        {
            "author": "曾巩",
            "title": "咏柳·乱条犹未变初黄",
            "url": "http://www.cquctt.cn/shi/4945.html"
        },
        {
            "author": "李觏",
            "title": "乡思",
            "url": "http://www.cquctt.cn/shi/4946.html"
        },
        {
            "author": "刘攽",
            "title": "雨后池上",
            "url": "http://www.cquctt.cn/shi/4947.html"
        },
        {
            "author": "苏轼",
            "title": "题西林壁",
            "url": "http://www.cquctt.cn/shi/4948.html"
        },
        {
            "author": "王令",
            "title": "送春",
            "url": "http://www.cquctt.cn/shi/4949.html"
        },
        {
            "author": "苏轼",
            "title": "惠崇春江晚景 / 惠崇春江晓景",
            "url": "http://www.cquctt.cn/shi/4950.html"
        },
        {
            "author": "黄庭坚",
            "title": "登快阁",
            "url": "http://www.cquctt.cn/shi/4951.html"
        },
        {
            "author": "苏轼",
            "title": "和子由渑池怀旧",
            "url": "http://www.cquctt.cn/shi/4952.html"
        },
        {
            "author": "王安石",
            "title": "梅花 / 梅",
            "url": "http://www.cquctt.cn/shi/4953.html"
        },
        {
            "author": "苏轼",
            "title": "春宵",
            "url": "http://www.cquctt.cn/shi/4954.html"
        },
        {
            "author": "黄庭坚",
            "title": "鄂州南楼书事",
            "url": "http://www.cquctt.cn/shi/4955.html"
        },
        {
            "author": "苏轼",
            "title": "饮湖上初晴后雨二首·其二",
            "url": "http://www.cquctt.cn/shi/4956.html"
        },
        {
            "author": "黄庭坚",
            "title": "雨中登岳阳楼望君山",
            "url": "http://www.cquctt.cn/shi/4957.html"
        },
        {
            "author": "苏轼",
            "title": "赠刘景文 / 冬景",
            "url": "http://www.cquctt.cn/shi/4958.html"
        },
        {
            "author": "苏轼",
            "title": "海棠·东风袅袅泛崇光",
            "url": "http://www.cquctt.cn/shi/4959.html"
        },
        {
            "author": "晁冲之",
            "title": "春日·阴阴溪曲绿交加",
            "url": "http://www.cquctt.cn/shi/4960.html"
        },
        {
            "author": "黄庭坚",
            "title": "牧童诗",
            "url": "http://www.cquctt.cn/shi/4961.html"
        },
        {
            "author": "张耒",
            "title": "夜坐·庭户无人秋月明",
            "url": "http://www.cquctt.cn/shi/4962.html"
        },
        {
            "author": "徐俯",
            "title": "春游湖",
            "url": "http://www.cquctt.cn/shi/4963.html"
        },
        {
            "author": "曹操",
            "title": "龟虽寿",
            "url": "http://www.cquctt.cn/shi/4903.html"
        },
        {
            "author": "王安石",
            "title": "登飞来峰",
            "url": "http://www.cquctt.cn/shi/4933.html"
        },
        {
            "author": "曾公亮",
            "title": "宿甘露寺僧舍",
            "url": "http://www.cquctt.cn/shi/4934.html"
        },
        {
            "author": "欧阳修",
            "title": "画眉鸟",
            "url": "http://www.cquctt.cn/shi/4935.html"
        },
        {
            "author": "梅尧臣",
            "title": "东溪",
            "url": "http://www.cquctt.cn/shi/4936.html"
        },
        {
            "author": "欧阳修",
            "title": "戏答元珍",
            "url": "http://www.cquctt.cn/shi/4937.html"
        },
        {
            "author": "王安石",
            "title": "春夜",
            "url": "http://www.cquctt.cn/shi/4938.html"
        },
        {
            "author": "岳飞",
            "title": "池州翠微亭",
            "url": "http://www.cquctt.cn/shi/4964.html"
        },
        {
            "author": "陆游",
            "title": "临安春雨初霁",
            "url": "http://www.cquctt.cn/shi/4966.html"
        },
        {
            "author": "陆游",
            "title": "剑门道中遇微雨",
            "url": "http://www.cquctt.cn/shi/4967.html"
        },
        {
            "author": "朱淑真",
            "title": "落花",
            "url": "http://www.cquctt.cn/shi/4968.html"
        },
        {
            "author": "陆游",
            "title": "梅花绝句·其一",
            "url": "http://www.cquctt.cn/shi/4969.html"
        },
        {
            "author": "杨万里",
            "title": "三江小渡",
            "url": "http://www.cquctt.cn/shi/4970.html"
        },
        {
            "author": "杨万里",
            "title": "舟过安仁",
            "url": "http://www.cquctt.cn/shi/4971.html"
        },
        {
            "author": "陆游",
            "title": "示儿",
            "url": "http://www.cquctt.cn/shi/4972.html"
        },
        {
            "author": "李清照",
            "title": "夏日绝句",
            "url": "http://www.cquctt.cn/shi/4973.html"
        },
        {
            "author": "杨万里",
            "title": "初入淮河四绝句·其三",
            "url": "http://www.cquctt.cn/shi/4975.html"
        },
        {
            "author": "曾几",
            "title": "三衢道中",
            "url": "http://www.cquctt.cn/shi/4976.html"
        },
        {
            "author": "杨万里",
            "title": "小池",
            "url": "http://www.cquctt.cn/shi/4977.html"
        },
        {
            "author": "王粲",
            "title": "七哀诗三首·其一",
            "url": "http://www.cquctt.cn/shi/4904.html"
        },
        {
            "author": "陶渊明",
            "title": "读山海经·其一",
            "url": "http://www.cquctt.cn/shi/4906.html"
        },
        {
            "author": "曹操",
            "title": "观沧海 / 碣石篇",
            "url": "http://www.cquctt.cn/shi/4907.html"
        },
        {
            "author": "嵇康",
            "title": "赠秀才入军·其十四",
            "url": "http://www.cquctt.cn/shi/4908.html"
        },
        {
            "author": "陶渊明",
            "title": "读山海经·其十",
            "url": "http://www.cquctt.cn/shi/4909.html"
        },
        {
            "author": "左思",
            "title": "咏史",
            "url": "http://www.cquctt.cn/shi/4910.html"
        },
        {
            "author": "鲍照",
            "title": "梅花落·中庭多杂树",
            "url": "http://www.cquctt.cn/shi/4911.html"
        },
        {
            "author": "陆凯",
            "title": "赠范晔诗",
            "url": "http://www.cquctt.cn/shi/4913.html"
        },
        {
            "author": "谢朓",
            "title": "晚登三山还望京邑",
            "url": "http://www.cquctt.cn/shi/4914.html"
        },
        {
            "author": "谢朓",
            "title": "王孙游·绿草蔓如丝",
            "url": "http://www.cquctt.cn/shi/4915.html"
        },
        {
            "author": "鲍照",
            "title": "拟行路难·其四",
            "url": "http://www.cquctt.cn/shi/4916.html"
        },
        {
            "author": "鲍照",
            "title": "拟行路难·其六",
            "url": "http://www.cquctt.cn/shi/4917.html"
        },
        {
            "author": "佚名",
            "title": "作蚕丝",
            "url": "http://www.cquctt.cn/shi/4918.html"
        },
        {
            "author": "沈约",
            "title": "夜夜曲",
            "url": "http://www.cquctt.cn/shi/4919.html"
        },
        {
            "author": "何逊",
            "title": "咏早梅 / 扬州法曹梅花盛开",
            "url": "http://www.cquctt.cn/shi/4920.html"
        },
        {
            "author": "佚名",
            "title": "敕勒歌",
            "url": "http://www.cquctt.cn/shi/4922.html"
        },
        {
            "author": "陶宏景",
            "title": "诏问山中何所有赋诗以答",
            "url": "http://www.cquctt.cn/shi/4923.html"
        },
        {
            "author": "薛道衡",
            "title": "人日思归",
            "url": "http://www.cquctt.cn/shi/4924.html"
        },
        {
            "author": "王籍",
            "title": "入若耶溪",
            "url": "http://www.cquctt.cn/shi/4925.html"
        },
        {
            "author": "王禹偁",
            "title": "村行·马穿山径菊初黄",
            "url": "http://www.cquctt.cn/shi/4926.html"
        },
        {
            "author": "佚名",
            "title": "荆轲歌 / 渡易水歌",
            "url": "http://www.cquctt.cn/shi/4870.html"
        },
        {
            "author": "项羽",
            "title": "垓下歌",
            "url": "http://www.cquctt.cn/shi/4871.html"
        },
        {
            "author": "刘邦",
            "title": "大风歌",
            "url": "http://www.cquctt.cn/shi/4873.html"
        },
        {
            "author": "刘彻",
            "title": "秋风辞",
            "url": "http://www.cquctt.cn/shi/4874.html"
        },
        {
            "author": "李延年",
            "title": "李延年歌",
            "url": "http://www.cquctt.cn/shi/4876.html"
        },
        {
            "author": "佚名",
            "title": "上邪",
            "url": "http://www.cquctt.cn/shi/4880.html"
        },
        {
            "author": "王安石",
            "title": "元日",
            "url": "http://www.cquctt.cn/shi/4927.html"
        },
        {
            "author": "寇准",
            "title": "书河上亭壁",
            "url": "http://www.cquctt.cn/shi/4929.html"
        },
        {
            "author": "苏舜钦",
            "title": "夏意",
            "url": "http://www.cquctt.cn/shi/4930.html"
        },
        {
            "author": "张俞",
            "title": "蚕妇",
            "url": "http://www.cquctt.cn/shi/4932.html"
        },
        {
            "author": "佚名",
            "title": "客从远方来",
            "url": "http://www.cquctt.cn/shi/4899.html"
        },
        {
            "author": "佚名",
            "title": "迢迢牵牛星",
            "url": "http://www.cquctt.cn/shi/4897.html"
        },
        {
            "author": "佚名",
            "title": "涉江采芙蓉",
            "url": "http://www.cquctt.cn/shi/4895.html"
        },
        {
            "author": "佚名",
            "title": "行行重行行",
            "url": "http://www.cquctt.cn/shi/4893.html"
        },
        {
            "author": "佚名",
            "title": "东城高且长",
            "url": "http://www.cquctt.cn/shi/4892.html"
        },
        {
            "author": "佚名",
            "title": "明月何皎皎",
            "url": "http://www.cquctt.cn/shi/4889.html"
        },
        {
            "author": "佚名",
            "title": "十五从军征",
            "url": "http://www.cquctt.cn/shi/4886.html"
        },
        {
            "author": "佚名",
            "title": "古歌·秋风萧萧愁杀人",
            "url": "http://www.cquctt.cn/shi/4885.html"
        },
        {
            "author": "佚名",
            "title": "长歌行",
            "url": "http://www.cquctt.cn/shi/4884.html"
        },
        {
            "author": "佚名",
            "title": "江南",
            "url": "http://www.cquctt.cn/shi/4882.html"
        },
        {
            "author": "佚名",
            "title": "击壤歌",
            "url": "http://www.cquctt.cn/shi/4883.html"
        },
        {
            "author": "曹操",
            "title": "短歌行",
            "url": "http://www.cquctt.cn/shi/4887.html"
        },
        {
            "author": "陶渊明",
            "title": "归园田居·其一",
            "url": "http://www.cquctt.cn/shi/4888.html"
        },
        {
            "author": "刘桢",
            "title": "赠从弟",
            "url": "http://www.cquctt.cn/shi/4890.html"
        },
        {
            "author": "陶渊明",
            "title": "归园田居·其三",
            "url": "http://www.cquctt.cn/shi/4891.html"
        },
        {
            "author": "曹丕",
            "title": "燕歌行二首·其一",
            "url": "http://www.cquctt.cn/shi/4894.html"
        },
        {
            "author": "陶渊明",
            "title": "饮酒·其五",
            "url": "http://www.cquctt.cn/shi/4898.html"
        },
        {
            "author": "曹植",
            "title": "七步诗",
            "url": "http://www.cquctt.cn/shi/4900.html"
        },
        {
            "author": "陶渊明",
            "title": "咏荆轲",
            "url": "http://www.cquctt.cn/shi/4901.html"
        },
        {
            "author": "诗经",
            "title": "相鼠",
            "url": "http://www.cquctt.cn/shi/4711.html"
        },
        {
            "author": "诗经",
            "title": "河广",
            "url": "http://www.cquctt.cn/shi/4707.html"
        },
        {
            "author": "诗经",
            "title": "木瓜",
            "url": "http://www.cquctt.cn/shi/4704.html"
        },
        {
            "author": "诗经",
            "title": "关雎",
            "url": "http://www.cquctt.cn/shi/4670.html"
        },
        {
            "author": "吴涛",
            "title": "绝句（游子春衫已试单）",
            "url": "http://www.cquctt.cn/shi/6889.html"
        },
        {
            "author": "陈与义",
            "title": "襄邑道中",
            "url": "http://www.cquctt.cn/shi/6895.html"
        },
        {
            "author": "朱熹",
            "title": "活水亭观书有感二首·其一",
            "url": "http://www.cquctt.cn/shi/6898.html"
        },
        {
            "author": "刘克庄",
            "title": "落梅",
            "url": "http://www.cquctt.cn/shi/6901.html"
        },
        {
            "author": "秦观",
            "title": "还自广陵",
            "url": "http://www.cquctt.cn/shi/6902.html"
        },
        {
            "author": "刘克庄",
            "title": "莺梭",
            "url": "http://www.cquctt.cn/shi/6904.html"
        },
        {
            "author": "何景明",
            "title": "竹枝词",
            "url": "http://www.cquctt.cn/shi/6906.html"
        },
        {
            "author": "尤侗",
            "title": "闻鹧鸪",
            "url": "http://www.cquctt.cn/shi/6908.html"
        },
        {
            "author": "姜夔",
            "title": "除放自石湖归苕溪",
            "url": "http://www.cquctt.cn/shi/6910.html"
        },
        {
            "author": "王士祯",
            "title": "真州绝句",
            "url": "http://www.cquctt.cn/shi/6911.html"
        },
        {
            "author": "李攀龙",
            "title": "塞上曲送元美",
            "url": "http://www.cquctt.cn/shi/6914.html"
        },
        {
            "author": "高启",
            "title": "寻胡隐君",
            "url": "http://www.cquctt.cn/shi/6915.html"
        },
        {
            "author": "姜夔",
            "title": "过垂虹",
            "url": "http://www.cquctt.cn/shi/6916.html"
        },
        {
            "author": "萨都剌",
            "title": "上京即事",
            "url": "http://www.cquctt.cn/shi/6917.html"
        },
        {
            "author": "曹豳",
            "title": "春暮",
            "url": "http://www.cquctt.cn/shi/6919.html"
        },
        {
            "author": "沈德潜",
            "title": "过许州",
            "url": "http://www.cquctt.cn/shi/6920.html"
        },
        {
            "author": "汤显祖",
            "title": "江宿",
            "url": "http://www.cquctt.cn/shi/6918.html"
        },
        {
            "author": "谢枋得",
            "title": "武夷山中",
            "url": "http://www.cquctt.cn/shi/6924.html"
        },
        {
            "author": "戴复古",
            "title": "江村晚眺",
            "url": "http://www.cquctt.cn/shi/6928.html"
        },
        {
            "author": "夏完淳",
            "title": "即事",
            "url": "http://www.cquctt.cn/shi/6929.html"
        },
        {
            "author": "",
            "title": "枕石",
            "url": "http://www.cquctt.cn/shi/6930.html"
        },
        {
            "author": "元好问",
            "title": "台山杂咏",
            "url": "http://www.cquctt.cn/shi/6931.html"
        },
        {
            "author": "厉鹗",
            "title": "灵隐寺月夜",
            "url": "http://www.cquctt.cn/shi/6935.html"
        },
        {
            "author": "章炳麟",
            "title": "狱中赠邹容",
            "url": "http://www.cquctt.cn/shi/6936.html"
        },
        {
            "author": "袁枚",
            "title": "山行杂咏",
            "url": "http://www.cquctt.cn/shi/6937.html"
        },
        {
            "author": "姚鼐",
            "title": "山行·布谷飞飞劝早耕",
            "url": "http://www.cquctt.cn/shi/6942.html"
        },
        {
            "author": "佚名",
            "title": "桓灵时童谣",
            "url": "http://www.cquctt.cn/shi/6954.html"
        },
        {
            "author": "徐干",
            "title": "室思",
            "url": "http://www.cquctt.cn/shi/6960.html"
        },
        {
            "author": "谢灵运",
            "title": "登江中孤屿",
            "url": "http://www.cquctt.cn/shi/6968.html"
        },
        {
            "author": "范云",
            "title": "之零陵郡次新亭",
            "url": "http://www.cquctt.cn/shi/6978.html"
        },
        {
            "author": "释宝月",
            "title": "估客乐四首",
            "url": "http://www.cquctt.cn/shi/6982.html"
        },
        {
            "author": "佚名",
            "title": "吴孙皓初童谣",
            "url": "http://www.cquctt.cn/shi/6988.html"
        },
        {
            "author": "庾信",
            "title": "寄王琳",
            "url": "http://www.cquctt.cn/shi/6989.html"
        },
        {
            "author": "苏舜钦",
            "title": "初晴游沧浪亭",
            "url": "http://www.cquctt.cn/shi/6991.html"
        },
        {
            "author": "佚名",
            "title": "陇头歌辞三首",
            "url": "http://www.cquctt.cn/shi/6993.html"
        },
        {
            "author": "何逊",
            "title": "边城思",
            "url": "http://www.cquctt.cn/shi/6995.html"
        },
        {
            "author": "佚名",
            "title": "折杨柳歌辞五首",
            "url": "http://www.cquctt.cn/shi/6997.html"
        },
        {
            "author": "阴铿",
            "title": "晚出新亭",
            "url": "http://www.cquctt.cn/shi/7008.html"
        },
        {
            "author": "柳开",
            "title": "塞上",
            "url": "http://www.cquctt.cn/shi/7007.html"
        },
        {
            "author": "欧阳修",
            "title": "晚泊岳阳",
            "url": "http://www.cquctt.cn/shi/7010.html"
        },
        {
            "author": "王安石",
            "title": "叠题乌江亭",
            "url": "http://www.cquctt.cn/shi/7011.html"
        },
        {
            "author": "王禹偁",
            "title": "春居杂兴·两株桃杏映篱斜",
            "url": "http://www.cquctt.cn/shi/7015.html"
        },
        {
            "author": "王令",
            "title": "暑旱苦热",
            "url": "http://www.cquctt.cn/shi/7022.html"
        },
        {
            "author": "曾巩",
            "title": "城南",
            "url": "http://www.cquctt.cn/shi/7025.html"
        },
        {
            "author": "吕本中",
            "title": "连州阳山归路",
            "url": "http://www.cquctt.cn/shi/7030.html"
        },
        {
            "author": "道潜",
            "title": "临平道中",
            "url": "http://www.cquctt.cn/shi/7032.html"
        },
        {
            "author": "刘子翚",
            "title": "汴京纪事",
            "url": "http://www.cquctt.cn/shi/7034.html"
        },
        {
            "author": "杨载",
            "title": "到京师",
            "url": "http://www.cquctt.cn/shi/7035.html"
        },
        {
            "author": "袁枚",
            "title": "遣兴",
            "url": "http://www.cquctt.cn/shi/7036.html"
        },
        {
            "author": "曾几",
            "title": "苏秀道中",
            "url": "http://www.cquctt.cn/shi/7037.html"
        },
        {
            "author": "虞集",
            "title": "院中独坐",
            "url": "http://www.cquctt.cn/shi/7039.html"
        },
        {
            "author": "陈师道",
            "title": "春怀示邻里",
            "url": "http://www.cquctt.cn/shi/7041.html"
        },
        {
            "author": "杨士奇",
            "title": "发淮安",
            "url": "http://www.cquctt.cn/shi/7044.html"
        },
        {
            "author": "李东阳",
            "title": "柯敬仲墨竹",
            "url": "http://www.cquctt.cn/shi/7046.html"
        },
        {
            "author": "范成大",
            "title": "横塘",
            "url": "http://www.cquctt.cn/shi/7048.html"
        },
        {
            "author": "李梦阳",
            "title": "船板床",
            "url": "http://www.cquctt.cn/shi/7049.html"
        },
        {
            "author": "范成大",
            "title": "州桥",
            "url": "http://www.cquctt.cn/shi/7051.html"
        },
        {
            "author": "徐祯卿",
            "title": "在武昌作",
            "url": "http://www.cquctt.cn/shi/7052.html"
        },
        {
            "author": "边贡",
            "title": "重赠吴国宾",
            "url": "http://www.cquctt.cn/shi/7054.html"
        },
        {
            "author": "刘因",
            "title": "山家",
            "url": "http://www.cquctt.cn/shi/7056.html"
        },
        {
            "author": "查慎行",
            "title": "自湘东驿遵陆至芦溪",
            "url": "http://www.cquctt.cn/shi/7057.html"
        },
        {
            "author": "黄庚",
            "title": "临平泊舟",
            "url": "http://www.cquctt.cn/shi/7059.html"
        },
        {
            "author": "袁枚",
            "title": "夜过借园见主人坐月下吹笛",
            "url": "http://www.cquctt.cn/shi/7060.html"
        },
        {
            "author": "吴均",
            "title": "山中杂诗",
            "url": "http://www.cquctt.cn/shi/4921.html"
        },
        {
            "author": "陶渊明",
            "title": "杂诗·人生无根蒂",
            "url": "http://www.cquctt.cn/shi/4912.html"
        },
        {
            "author": "龚自珍",
            "title": "己亥杂诗·其二百二十",
            "url": "http://www.cquctt.cn/shi/5016.html"
        },
        {
            "author": "龚自珍",
            "title": "己亥杂诗·其五",
            "url": "http://www.cquctt.cn/shi/5018.html"
        },
        {
            "author": "陈子龙",
            "title": "渡易水（并刀昨夜匣中鸣）",
            "url": "http://www.cquctt.cn/shi/4437.html"
        },
        {
            "author": "诗经",
            "title": "桃夭（桃之夭夭）",
            "url": "http://www.cquctt.cn/shi/1806.html"
        },
        {
            "author": "诗经",
            "title": "硕鼠",
            "url": "http://www.cquctt.cn/shi/4720.html"
        },
        {
            "author": "诗经",
            "title": "木瓜（投我以木瓜）",
            "url": "http://www.cquctt.cn/shi/1864.html"
        },
        {
            "author": "南宋无名",
            "title": "月儿弯弯照九州",
            "url": "http://www.cquctt.cn/shi/8928.html"
        },
        {
            "author": "陆游",
            "title": "十一月四日风雨大作（僵卧孤村不自哀）",
            "url": "http://www.cquctt.cn/shi/1342.html"
        },
        {
            "author": "欧阳修",
            "title": "丰乐亭游春（红树青山日欲斜）",
            "url": "http://www.cquctt.cn/shi/2746.html"
        },
        {
            "author": "袁凯",
            "title": "京师得家书（江水三千里）",
            "url": "http://www.cquctt.cn/shi/2555.html"
        },
        {
            "author": "叶绍翁",
            "title": "游园不值（应怜屐齿印苍苔）",
            "url": "http://www.cquctt.cn/shi/986.html"
        },
        {
            "author": "志南",
            "title": "绝句(吹面不寒杨柳风)",
            "url": "http://www.cquctt.cn/shi/8478.html"
        },
        {
            "author": "秦观",
            "title": "春日(一夕轻雷落万丝)",
            "url": "http://www.cquctt.cn/shi/8500.html"
        },
        {
            "author": "汪藻",
            "title": "春日(一春略无十日晴)",
            "url": "http://www.cquctt.cn/shi/8499.html"
        },
        {
            "author": "孔平仲",
            "title": "寄内(试说途中景)",
            "url": "http://www.cquctt.cn/shi/8498.html"
        },
        {
            "author": "孔平仲",
            "title": "禾熟(百里西风禾黍香)",
            "url": "http://www.cquctt.cn/shi/8497.html"
        },
        {
            "author": "徐陵",
            "title": "关山月(关山三五月)",
            "url": "http://www.cquctt.cn/shi/8496.html"
        },
        {
            "author": "宋祁",
            "title": "落花(坠素翻红各自伤)",
            "url": "http://www.cquctt.cn/shi/8495.html"
        },
        {
            "author": "孔绍安",
            "title": "侍宴咏石榴",
            "url": "http://www.cquctt.cn/shi/8494.html"
        },
        {
            "author": "寇准",
            "title": "柳(晓带轻烟间杏花)",
            "url": "http://www.cquctt.cn/shi/8493.html"
        },
        {
            "author": "刘昶",
            "title": "断句(白云满鄣来)",
            "url": "http://www.cquctt.cn/shi/8492.html"
        },
        {
            "author": "龚自珍",
            "title": "咏史(金粉东南十五州)",
            "url": "http://www.cquctt.cn/shi/8480.html"
        },
        {
            "author": "陈与义",
            "title": "咏牡丹（独立东风看牡丹）",
            "url": "http://www.cquctt.cn/shi/8502.html"
        },
        {
            "author": "陈与义",
            "title": "雨晴",
            "url": "http://www.cquctt.cn/shi/8501.html"
        },
        {
            "author": "陈师道",
            "title": "示三子（去远即相忘）",
            "url": "http://www.cquctt.cn/shi/4338.html"
        },
        {
            "author": "陈师道",
            "title": "示三子",
            "url": "http://www.cquctt.cn/shi/7028.html"
        },
        {
            "author": "诗经",
            "title": "关雎（关关雎鸠）",
            "url": "http://www.cquctt.cn/shi/1801.html"
        },
        {
            "author": "袁枚",
            "title": "马嵬（莫唱当年长恨歌）",
            "url": "http://www.cquctt.cn/shi/8572.html"
        },
        {
            "author": "于谦",
            "title": "石灰吟（千锤万击出深山）",
            "url": "http://www.cquctt.cn/shi/1015.html"
        },
        {
            "author": "陆游",
            "title": "金错刀行（黄金错刀白玉装）",
            "url": "http://www.cquctt.cn/shi/1320.html"
        },
        {
            "author": "李白",
            "title": "古风（天津三月时）",
            "url": "http://www.cquctt.cn/shi/125.html"
        },
        {
            "author": "郑文宝",
            "title": "柳枝词（亭亭画舸系春潭）",
            "url": "http://www.cquctt.cn/shi/3425.html"
        },
        {
            "author": "龚自珍",
            "title": "己亥杂诗（九州生气恃风雷）",
            "url": "http://www.cquctt.cn/shi/1052.html"
        },
        {
            "author": "李白",
            "title": "（五言古诗）君马黄",
            "url": "http://www.cquctt.cn/shi/8883.html"
        },
        {
            "author": "王褒",
            "title": "（五言律诗）渡河北",
            "url": "http://www.cquctt.cn/shi/8860.html"
        },
        {
            "author": "林逋",
            "title": "山园小梅（众芳摇落独喧妍）",
            "url": "http://www.cquctt.cn/shi/4378.html"
        },
        {
            "author": "林逋",
            "title": "山园小梅·其一",
            "url": "http://www.cquctt.cn/shi/4931.html"
        },
        {
            "author": "赵孟頫",
            "title": "东城",
            "url": "http://www.cquctt.cn/shi/8930.html"
        },
        {
            "author": "曹植",
            "title": "杂诗·南国有佳人",
            "url": "http://www.cquctt.cn/shi/4902.html"
        },
        {
            "author": "袁宏道",
            "title": "感事",
            "url": "http://www.cquctt.cn/shi/8976.html"
        },
        {
            "author": "杨万里",
            "title": "宿新市徐公店（篱落疏疏一径深）",
            "url": "http://www.cquctt.cn/shi/1002.html"
        },
        {
            "author": "杨万里",
            "title": "小池（泉眼无声惜细流）",
            "url": "http://www.cquctt.cn/shi/1005.html"
        },
        {
            "author": "朱淑真",
            "title": "落花（边理枝头花正开）",
            "url": "http://www.cquctt.cn/shi/2509.html"
        },
        {
            "author": "曾公亮",
            "title": "宿甘露寺僧舍（枕中云气千峰近）",
            "url": "http://www.cquctt.cn/shi/3517.html"
        },
        {
            "author": "王令",
            "title": "送春（三月残花落更开）",
            "url": "http://www.cquctt.cn/shi/3539.html"
        },
        {
            "author": "寇准",
            "title": "书河上亭壁（岸阔樯稀波渺茫）",
            "url": "http://www.cquctt.cn/shi/4360.html"
        },
        {
            "author": "揭傒斯",
            "title": "画鸭（春草细还生）",
            "url": "http://www.cquctt.cn/shi/4406.html"
        },
        {
            "author": "蒋士铨",
            "title": "岁暮到家（爱子心无尽）",
            "url": "http://www.cquctt.cn/shi/3813.html"
        },
        {
            "author": "黄景仁",
            "title": "别老母（搴帏拜母河梁去）",
            "url": "http://www.cquctt.cn/shi/3822.html"
        },
        {
            "author": "张俞",
            "title": "蚕妇（昨日入城市）",
            "url": "http://www.cquctt.cn/shi/3418.html"
        },
        {
            "author": "戚继光",
            "title": "马上作（南北驱驰报主情）",
            "url": "http://www.cquctt.cn/shi/2547.html"
        },
        {
            "author": "查慎行",
            "title": "舟夜书所见（月黑见渔灯）",
            "url": "http://www.cquctt.cn/shi/2573.html"
        },
        {
            "author": "纪昀",
            "title": "富春至严陵山水甚佳（浓似春云淡似烟）",
            "url": "http://www.cquctt.cn/shi/2584.html"
        },
        {
            "author": "袁枚",
            "title": "所见（牧童骑黄牛）",
            "url": "http://www.cquctt.cn/shi/2599.html"
        },
        {
            "author": "郑燮",
            "title": "山中雪后（晨起开门雪满山）",
            "url": "http://www.cquctt.cn/shi/2624.html"
        },
        {
            "author": "郑燮",
            "title": "题竹石画（咬定青山不放松）",
            "url": "http://www.cquctt.cn/shi/2627.html"
        },
        {
            "author": "黄庭坚",
            "title": "登快阁（痴儿了却公家事）",
            "url": "http://www.cquctt.cn/shi/2671.html"
        },
        {
            "author": "黄庭坚",
            "title": "鄂州南楼书事四首（四顾山光接水光）",
            "url": "http://www.cquctt.cn/shi/2673.html"
        },
        {
            "author": "黄庭坚",
            "title": "牧童诗（骑牛远远过前村）",
            "url": "http://www.cquctt.cn/shi/2679.html"
        },
        {
            "author": "黄庭坚",
            "title": "雨中登岳阳楼望君山（满川风雨独凭栏）",
            "url": "http://www.cquctt.cn/shi/2702.html"
        },
        {
            "author": "欧阳修",
            "title": "画眉鸟（万啭千声随意移）",
            "url": "http://www.cquctt.cn/shi/2748.html"
        },
        {
            "author": "项羽",
            "title": "垓下歌（力拔山兮气盖世）",
            "url": "http://www.cquctt.cn/shi/2052.html"
        },
        {
            "author": "刘邦",
            "title": "大风歌（大风起兮云飞扬）",
            "url": "http://www.cquctt.cn/shi/2053.html"
        },
        {
            "author": "刘彻",
            "title": "秋风辞（秋风起兮白云飞）",
            "url": "http://www.cquctt.cn/shi/2056.html"
        },
        {
            "author": "曹操",
            "title": "短歌行（对酒当歌）",
            "url": "http://www.cquctt.cn/shi/2149.html"
        },
        {
            "author": "曹操",
            "title": "龟虽寿（神龟虽寿）",
            "url": "http://www.cquctt.cn/shi/2153.html"
        },
        {
            "author": "曹操",
            "title": "蒿里行（关东有义士）",
            "url": "http://www.cquctt.cn/shi/2154.html"
        },
        {
            "author": "曹植",
            "title": "白马篇（白马饰金羁）",
            "url": "http://www.cquctt.cn/shi/2169.html"
        },
        {
            "author": "曹植",
            "title": "七步诗（煮豆燃豆萁）",
            "url": "http://www.cquctt.cn/shi/2175.html"
        },
        {
            "author": "刘桢",
            "title": "赠从弟（亭亭山上松）",
            "url": "http://www.cquctt.cn/shi/2208.html"
        },
        {
            "author": "左思",
            "title": "咏史（皓天舒白日）",
            "url": "http://www.cquctt.cn/shi/2243.html"
        },
        {
            "author": "吴隐之",
            "title": "酌贪泉诗（古人云此水）",
            "url": "http://www.cquctt.cn/shi/2262.html"
        },
        {
            "author": "陶渊明",
            "title": "咏荆轲（燕丹善养士）",
            "url": "http://www.cquctt.cn/shi/2284.html"
        },
        {
            "author": "陆凯",
            "title": "赠范晔诗（折花逢驿使）",
            "url": "http://www.cquctt.cn/shi/2355.html"
        },
        {
            "author": "沈约",
            "title": "夜夜曲（河汉纵且横）",
            "url": "http://www.cquctt.cn/shi/2443.html"
        },
        {
            "author": "王籍",
            "title": "入若耶溪（艅艎何泛泛）",
            "url": "http://www.cquctt.cn/shi/2450.html"
        },
        {
            "author": "吴均",
            "title": "山中杂诗（山际见来烟）",
            "url": "http://www.cquctt.cn/shi/2475.html"
        },
        {
            "author": "梅尧臣",
            "title": "东溪（行到东溪看水时）",
            "url": "http://www.cquctt.cn/shi/1619.html"
        },
        {
            "author": "梅尧臣",
            "title": "鲁山山行（适与野情惬）",
            "url": "http://www.cquctt.cn/shi/1620.html"
        },
        {
            "author": "梅尧臣",
            "title": "陶者（陶尽门前土）",
            "url": "http://www.cquctt.cn/shi/1623.html"
        },
        {
            "author": "朱熹",
            "title": "春日（胜日寻芳泗水滨）",
            "url": "http://www.cquctt.cn/shi/1723.html"
        },
        {
            "author": "谭嗣同",
            "title": "狱中题壁（望门投止思张俭）",
            "url": "http://www.cquctt.cn/shi/1062.html"
        },
        {
            "author": "苏轼",
            "title": "题西林壁（横看成岭侧成峰）",
            "url": "http://www.cquctt.cn/shi/1211.html"
        },
        {
            "author": "王安石",
            "title": "泊船瓜洲（京口瓜洲一水间）",
            "url": "http://www.cquctt.cn/shi/1243.html"
        },
        {
            "author": "王安石",
            "title": "春夜（金炉香烬漏声残）",
            "url": "http://www.cquctt.cn/shi/1246.html"
        },
        {
            "author": "王安石",
            "title": "登飞来峰（飞来峰上千寻塔）",
            "url": "http://www.cquctt.cn/shi/1247.html"
        },
        {
            "author": "王安石",
            "title": "元日（爆竹声中一岁除）",
            "url": "http://www.cquctt.cn/shi/1267.html"
        },
        {
            "author": "欧阳修",
            "title": "别滁（花光浓烂柳清明）",
            "url": "http://www.cquctt.cn/shi/1270.html"
        },
        {
            "author": "陆游",
            "title": "病起书怀（病骨支离纱帽宽）",
            "url": "http://www.cquctt.cn/shi/1288.html"
        },
        {
            "author": "陆游",
            "title": "剑门道中遇微雨（衣上征尘杂酒痕）",
            "url": "http://www.cquctt.cn/shi/1319.html"
        },
        {
            "author": "陆游",
            "title": "临安春雨初霁（世味年来薄似纱）",
            "url": "http://www.cquctt.cn/shi/1322.html"
        },
        {
            "author": "陆游",
            "title": "六经示儿子（六经如日月）",
            "url": "http://www.cquctt.cn/shi/1325.html"
        },
        {
            "author": "高鼎",
            "title": "村居（草长莺飞二月天）",
            "url": "http://www.cquctt.cn/shi/1396.html"
        },
        {
            "author": "李清照",
            "title": "夏日绝句（生当作人杰）",
            "url": "http://www.cquctt.cn/shi/923.html"
        },
        {
            "author": "夏完淳",
            "title": "别云间（三年羁旅客）",
            "url": "http://www.cquctt.cn/shi/939.html"
        },
        {
            "author": "岳飞",
            "title": "池州翠微亭（经年尘土满征衣）",
            "url": "http://www.cquctt.cn/shi/943.html"
        },
        {
            "author": "苏轼",
            "title": "春宵（春宵一刻值千金）",
            "url": "http://www.cquctt.cn/shi/950.html"
        },
        {
            "author": "苏轼",
            "title": "和子由渑池怀旧（人生到处知何似）",
            "url": "http://www.cquctt.cn/shi/966.html"
        },
        {
            "author": "文天祥",
            "title": "过零丁洋（辛苦遭逢起一经）",
            "url": "http://www.cquctt.cn/shi/988.html"
        }
    ]
}