{
    "items": [
        {
            "author": "佚名",
            "title": "孟冬寒气至",
            "url": "http://www.cquctt.cn/shi/5825.html"
        },
        {
            "author": "佚名",
            "title": "青青陵上柏",
            "url": "http://www.cquctt.cn/shi/5359.html"
        },
        {
            "author": "佚名",
            "title": "今日良宴会",
            "url": "http://www.cquctt.cn/shi/5361.html"
        },
        {
            "author": "佚名",
            "title": "青青河畔草",
            "url": "http://www.cquctt.cn/shi/5362.html"
        },
        {
            "author": "佚名",
            "title": "西北有高楼",
            "url": "http://www.cquctt.cn/shi/5363.html"
        },
        {
            "author": "佚名",
            "title": "明月皎夜光",
            "url": "http://www.cquctt.cn/shi/5364.html"
        },
        {
            "author": "佚名",
            "title": "冉冉孤生竹",
            "url": "http://www.cquctt.cn/shi/5366.html"
        },
        {
            "author": "佚名",
            "title": "庭中有奇树",
            "url": "http://www.cquctt.cn/shi/5368.html"
        },
        {
            "author": "佚名",
            "title": "去者日以疏",
            "url": "http://www.cquctt.cn/shi/5371.html"
        },
        {
            "author": "佚名",
            "title": "回车驾言迈",
            "url": "http://www.cquctt.cn/shi/5112.html"
        },
        {
            "author": "佚名",
            "title": "凛凛岁云暮",
            "url": "http://www.cquctt.cn/shi/5116.html"
        },
        {
            "author": "佚名",
            "title": "客从远方来",
            "url": "http://www.cquctt.cn/shi/4899.html"
        },
        {
            "author": "佚名",
            "title": "迢迢牵牛星",
            "url": "http://www.cquctt.cn/shi/4897.html"
        },
        {
            "author": "佚名",
            "title": "涉江采芙蓉",
            "url": "http://www.cquctt.cn/shi/4895.html"
        },
        {
            "author": "佚名",
            "title": "行行重行行",
            "url": "http://www.cquctt.cn/shi/4893.html"
        },
        {
            "author": "佚名",
            "title": "东城高且长",
            "url": "http://www.cquctt.cn/shi/4892.html"
        },
        {
            "author": "佚名",
            "title": "明月何皎皎",
            "url": "http://www.cquctt.cn/shi/4889.html"
        },
        {
            "author": "佚名",
            "title": "驱车上东门",
            "url": "http://www.cquctt.cn/shi/7090.html"
        },
        {
            "author": "汉无名氏",
            "title": "古诗十九首（生年不满百）",
            "url": "http://www.cquctt.cn/shi/2125.html"
        }
    ]
}