{
    "items": [
        {
            "author": "柳宗元",
            "title": "黔之驴",
            "url": "http://www.cquctt.cn/shi/62160.html"
        },
        {
            "author": "柳宗元",
            "title": "捕蛇者说(永州之野产异蛇)",
            "url": "http://www.cquctt.cn/shi/62453.html"
        },
        {
            "author": "佚名",
            "title": "酒徒遇啬鬼",
            "url": "http://www.cquctt.cn/shi/62213.html"
        },
        {
            "author": "韩愈",
            "title": "送董邵南游河北序",
            "url": "http://www.cquctt.cn/shi/6527.html"
        },
        {
            "author": "佚名",
            "title": "惠子相梁",
            "url": "http://www.cquctt.cn/shi/5288.html"
        },
        {
            "author": "袁宏道",
            "title": "满井游记",
            "url": "http://www.cquctt.cn/shi/5272.html"
        },
        {
            "author": "列御寇",
            "title": "愚公移山",
            "url": "http://www.cquctt.cn/shi/5287.html"
        },
        {
            "author": "",
            "title": "鱼我所欲也",
            "url": "http://www.cquctt.cn/shi/5285.html"
        },
        {
            "author": "欧阳修",
            "title": "醉翁亭记",
            "url": "http://www.cquctt.cn/shi/5271.html"
        },
        {
            "author": "范仲淹",
            "title": "岳阳楼记",
            "url": "http://www.cquctt.cn/shi/5269.html"
        },
        {
            "author": "司马迁",
            "title": "陈涉世家",
            "url": "http://www.cquctt.cn/shi/5274.html"
        },
        {
            "author": "苏轼",
            "title": "记承天寺夜游 / 记承天夜游",
            "url": "http://www.cquctt.cn/shi/5263.html"
        },
        {
            "author": "陈寿",
            "title": "隆中对",
            "url": "http://www.cquctt.cn/shi/5270.html"
        },
        {
            "author": "周密",
            "title": "观潮",
            "url": "http://www.cquctt.cn/shi/5264.html"
        },
        {
            "author": "陶渊明",
            "title": "五柳先生传",
            "url": "http://www.cquctt.cn/shi/5265.html"
        },
        {
            "author": "",
            "title": "邹忌讽齐王纳谏",
            "url": "http://www.cquctt.cn/shi/5283.html"
        },
        {
            "author": "佚名",
            "title": "庄子与惠子游于濠梁",
            "url": "http://www.cquctt.cn/shi/5289.html"
        },
        {
            "author": "张岱",
            "title": "湖心亭看雪",
            "url": "http://www.cquctt.cn/shi/5262.html"
        },
        {
            "author": "郦道元",
            "title": "三峡",
            "url": "http://www.cquctt.cn/shi/5261.html"
        },
        {
            "author": "",
            "title": "生于忧患，死于安乐",
            "url": "http://www.cquctt.cn/shi/5281.html"
        },
        {
            "author": "左丘明",
            "title": "曹刿论战",
            "url": "http://www.cquctt.cn/shi/5280.html"
        },
        {
            "author": "",
            "title": "唐雎不辱使命",
            "url": "http://www.cquctt.cn/shi/5279.html"
        },
        {
            "author": "",
            "title": "得道多助，失道寡助",
            "url": "http://www.cquctt.cn/shi/5278.html"
        },
        {
            "author": "佚名",
            "title": "大道之行也",
            "url": "http://www.cquctt.cn/shi/5259.html"
        },
        {
            "author": "佚名",
            "title": "公输",
            "url": "http://www.cquctt.cn/shi/5277.html"
        },
        {
            "author": "魏学洢",
            "title": "核舟记",
            "url": "http://www.cquctt.cn/shi/5255.html"
        },
        {
            "author": "柳宗元",
            "title": "小石潭记",
            "url": "http://www.cquctt.cn/shi/5275.html"
        },
        {
            "author": "佚名",
            "title": "论语十则",
            "url": "http://www.cquctt.cn/shi/5243.html"
        },
        {
            "author": "刘义庆",
            "title": "咏雪 / 咏雪联句",
            "url": "http://www.cquctt.cn/shi/5248.html"
        },
        {
            "author": "刘义庆",
            "title": "陈太丘与友期",
            "url": "http://www.cquctt.cn/shi/5250.html"
        },
        {
            "author": "佚名",
            "title": "承宫樵薪苦学",
            "url": "http://www.cquctt.cn/shi/5220.html"
        },
        {
            "author": "佚名",
            "title": "二翁登泰山",
            "url": "http://www.cquctt.cn/shi/5226.html"
        },
        {
            "author": "宋濂",
            "title": "送东阳马生序(节选)",
            "url": "http://www.cquctt.cn/shi/5268.html"
        },
        {
            "author": "司马光",
            "title": "孙权劝学",
            "url": "http://www.cquctt.cn/shi/5249.html"
        },
        {
            "author": "韩愈",
            "title": "马说（世有伯乐，然后有千里马）",
            "url": "http://www.cquctt.cn/shi/5266.html"
        },
        {
            "author": "诸葛亮",
            "title": "前出师表",
            "url": "http://www.cquctt.cn/shi/5273.html"
        },
        {
            "author": "蒲松龄",
            "title": "地震",
            "url": "http://www.cquctt.cn/shi/8817.html"
        },
        {
            "author": "佚名",
            "title": "论语十二章",
            "url": "http://www.cquctt.cn/shi/8823.html"
        },
        {
            "author": "刘禹锡",
            "title": "陋室铭",
            "url": "http://www.cquctt.cn/shi/5251.html"
        },
        {
            "author": "姚鼐",
            "title": "登泰山记",
            "url": "http://www.cquctt.cn/shi/8931.html"
        },
        {
            "author": "佚名",
            "title": "木兰诗 / 木兰辞",
            "url": "http://www.cquctt.cn/shi/5246.html"
        },
        {
            "author": "蒲松龄",
            "title": "狼三则",
            "url": "http://www.cquctt.cn/shi/5247.html"
        },
        {
            "author": "林嗣环",
            "title": "口技",
            "url": "http://www.cquctt.cn/shi/5252.html"
        },
        {
            "author": "佚名",
            "title": "夸父逐日",
            "url": "http://www.cquctt.cn/shi/5254.html"
        },
        {
            "author": "列御寇",
            "title": "两小儿辩日 / 两小儿辩斗",
            "url": "http://www.cquctt.cn/shi/5256.html"
        },
        {
            "author": "刘安",
            "title": "塞翁失马",
            "url": "http://www.cquctt.cn/shi/5258.html"
        },
        {
            "author": "王安石",
            "title": "伤仲永",
            "url": "http://www.cquctt.cn/shi/5260.html"
        },
        {
            "author": "蒲松龄",
            "title": "山市",
            "url": "http://www.cquctt.cn/shi/5245.html"
        },
        {
            "author": "韩非",
            "title": "智子疑邻",
            "url": "http://www.cquctt.cn/shi/5257.html"
        },
        {
            "author": "沈复",
            "title": "童趣",
            "url": "http://www.cquctt.cn/shi/5241.html"
        },
        {
            "author": "陶弘景",
            "title": "答谢中书书",
            "url": "http://www.cquctt.cn/shi/4632.html"
        },
        {
            "author": "吴均",
            "title": "与朱元思书",
            "url": "http://www.cquctt.cn/shi/4634.html"
        },
        {
            "author": "陶渊明",
            "title": "桃花源记",
            "url": "http://www.cquctt.cn/shi/4645.html"
        },
        {
            "author": "周敦颐",
            "title": "爱莲说",
            "url": "http://www.cquctt.cn/shi/4658.html"
        }
    ]
}