{
    "items": [
        {
            "author": "杜甫",
            "title": "茅屋为秋风所破歌",
            "url": "http://www.cquctt.cn/shi/49.html"
        },
        {
            "author": "陆游",
            "title": "游山西村",
            "url": "http://www.cquctt.cn/shi/5370.html"
        },
        {
            "author": "岑参",
            "title": "白雪歌送武判官归京",
            "url": "http://www.cquctt.cn/shi/4842.html"
        },
        {
            "author": "李清照",
            "title": "武陵春·春晚",
            "url": "http://www.cquctt.cn/shi/5481.html"
        },
        {
            "author": "诗经",
            "title": "蒹葭",
            "url": "http://www.cquctt.cn/shi/4729.html"
        },
        {
            "author": "李贺",
            "title": "雁门太守行",
            "url": "http://www.cquctt.cn/shi/5397.html"
        },
        {
            "author": "李白",
            "title": "春夜洛城闻笛 / 春夜洛阳城闻笛",
            "url": "http://www.cquctt.cn/shi/5390.html"
        },
        {
            "author": "张养浩",
            "title": "山坡羊·骊山怀古",
            "url": "http://www.cquctt.cn/shi/5391.html"
        },
        {
            "author": "王磐",
            "title": "朝天子·咏喇叭",
            "url": "http://www.cquctt.cn/shi/5392.html"
        },
        {
            "author": "王绩",
            "title": "野望",
            "url": "http://www.cquctt.cn/shi/5394.html"
        },
        {
            "author": "刘禹锡",
            "title": "秋词",
            "url": "http://www.cquctt.cn/shi/5376.html"
        },
        {
            "author": "刘禹锡",
            "title": "酬乐天扬州初逢席上见赠",
            "url": "http://www.cquctt.cn/shi/5378.html"
        },
        {
            "author": "马致远",
            "title": "天净沙·秋思",
            "url": "http://www.cquctt.cn/shi/5379.html"
        },
        {
            "author": "李白",
            "title": "闻王昌龄左迁龙标遥有此寄",
            "url": "http://www.cquctt.cn/shi/5381.html"
        },
        {
            "author": "杨万里",
            "title": "过松源晨炊漆公店",
            "url": "http://www.cquctt.cn/shi/5383.html"
        },
        {
            "author": "张养浩",
            "title": "山坡羊·潼关怀古",
            "url": "http://www.cquctt.cn/shi/5384.html"
        },
        {
            "author": "韩愈",
            "title": "早春呈水部张十八员外 / 初春小雨 / 早春",
            "url": "http://www.cquctt.cn/shi/5386.html"
        },
        {
            "author": "白居易",
            "title": "观刈麦",
            "url": "http://www.cquctt.cn/shi/5387.html"
        },
        {
            "author": "温庭筠",
            "title": "商山早行",
            "url": "http://www.cquctt.cn/shi/5389.html"
        },
        {
            "author": "李清照",
            "title": "醉花阴·薄雾浓云愁永昼",
            "url": "http://www.cquctt.cn/shi/5156.html"
        },
        {
            "author": "陆游",
            "title": "卜算子·咏梅",
            "url": "http://www.cquctt.cn/shi/5169.html"
        },
        {
            "author": "辛弃疾",
            "title": "清平乐·村居",
            "url": "http://www.cquctt.cn/shi/5179.html"
        },
        {
            "author": "辛弃疾",
            "title": "南乡子·登京口北固亭有怀",
            "url": "http://www.cquctt.cn/shi/5182.html"
        },
        {
            "author": "辛弃疾",
            "title": "西江月·夜行黄沙道中",
            "url": "http://www.cquctt.cn/shi/5184.html"
        },
        {
            "author": "辛弃疾",
            "title": "破阵子·为陈同甫赋壮词以寄之",
            "url": "http://www.cquctt.cn/shi/5191.html"
        },
        {
            "author": "马致远",
            "title": "天净沙·秋思（枯藤老树昏鸦）",
            "url": "http://www.cquctt.cn/shi/942.html"
        },
        {
            "author": "李清照",
            "title": "如梦令·常记溪亭日暮",
            "url": "http://www.cquctt.cn/shi/5145.html"
        },
        {
            "author": "王观",
            "title": "卜算子·送鲍浩然之浙东",
            "url": "http://www.cquctt.cn/shi/5088.html"
        },
        {
            "author": "苏轼",
            "title": "浣溪沙·簌簌衣巾落枣花",
            "url": "http://www.cquctt.cn/shi/5124.html"
        },
        {
            "author": "苏轼",
            "title": "水调歌头·丙辰中秋",
            "url": "http://www.cquctt.cn/shi/5102.html"
        },
        {
            "author": "李煜",
            "title": "相见欢·无言独上西楼",
            "url": "http://www.cquctt.cn/shi/5056.html"
        },
        {
            "author": "晏殊",
            "title": "浣溪沙·一曲新词酒一杯",
            "url": "http://www.cquctt.cn/shi/5071.html"
        },
        {
            "author": "赵翼",
            "title": "论诗五首·其二",
            "url": "http://www.cquctt.cn/shi/5021.html"
        },
        {
            "author": "晏殊",
            "title": "破阵子·春景",
            "url": "http://www.cquctt.cn/shi/5083.html"
        },
        {
            "author": "温庭筠",
            "title": "望江南·梳洗罢",
            "url": "http://www.cquctt.cn/shi/5031.html"
        },
        {
            "author": "夏完淳",
            "title": "别云间",
            "url": "http://www.cquctt.cn/shi/5003.html"
        },
        {
            "author": "梅尧臣",
            "title": "鲁山山行",
            "url": "http://www.cquctt.cn/shi/4939.html"
        },
        {
            "author": "赵师秀",
            "title": "约客 / 有约",
            "url": "http://www.cquctt.cn/shi/4989.html"
        },
        {
            "author": "文天祥",
            "title": "过零丁洋",
            "url": "http://www.cquctt.cn/shi/4990.html"
        },
        {
            "author": "苏轼",
            "title": "江城子·密州出猎",
            "url": "http://www.cquctt.cn/shi/5107.html"
        },
        {
            "author": "曹操",
            "title": "龟虽寿",
            "url": "http://www.cquctt.cn/shi/4903.html"
        },
        {
            "author": "王安石",
            "title": "登飞来峰",
            "url": "http://www.cquctt.cn/shi/4933.html"
        },
        {
            "author": "曹操",
            "title": "观沧海 / 碣石篇",
            "url": "http://www.cquctt.cn/shi/4907.html"
        },
        {
            "author": "李白",
            "title": "宣州谢脁楼饯别校书叔云 / 陪侍御叔华登楼歌",
            "url": "http://www.cquctt.cn/shi/4843.html"
        },
        {
            "author": "李白",
            "title": "行路难·其一",
            "url": "http://www.cquctt.cn/shi/4865.html"
        },
        {
            "author": "佚名",
            "title": "长歌行",
            "url": "http://www.cquctt.cn/shi/4884.html"
        },
        {
            "author": "刘桢",
            "title": "赠从弟",
            "url": "http://www.cquctt.cn/shi/4890.html"
        },
        {
            "author": "陶渊明",
            "title": "归园田居·其三",
            "url": "http://www.cquctt.cn/shi/4891.html"
        },
        {
            "author": "陶渊明",
            "title": "饮酒·其五",
            "url": "http://www.cquctt.cn/shi/4898.html"
        },
        {
            "author": "陈子昂",
            "title": "登幽州台歌",
            "url": "http://www.cquctt.cn/shi/4847.html"
        },
        {
            "author": "王维",
            "title": "渭城曲 / 送元二使安西",
            "url": "http://www.cquctt.cn/shi/4853.html"
        },
        {
            "author": "白居易",
            "title": "望月有感",
            "url": "http://www.cquctt.cn/shi/4814.html"
        },
        {
            "author": "岑参",
            "title": "走马川行奉送出师西征 / 走马川行奉送封大夫出师西征",
            "url": "http://www.cquctt.cn/shi/4841.html"
        },
        {
            "author": "韦应物",
            "title": "滁州西涧",
            "url": "http://www.cquctt.cn/shi/4774.html"
        },
        {
            "author": "刘方平",
            "title": "夜月 / 月夜",
            "url": "http://www.cquctt.cn/shi/4786.html"
        },
        {
            "author": "刘长卿",
            "title": "送灵澈上人",
            "url": "http://www.cquctt.cn/shi/4757.html"
        },
        {
            "author": "岑参",
            "title": "逢入京使",
            "url": "http://www.cquctt.cn/shi/4768.html"
        },
        {
            "author": "王勃",
            "title": "送杜少府之任蜀州 / 送杜少府之任蜀川",
            "url": "http://www.cquctt.cn/shi/4789.html"
        },
        {
            "author": "孟浩然",
            "title": "早寒江上有怀 / 早寒有怀 / 江上思归",
            "url": "http://www.cquctt.cn/shi/4798.html"
        },
        {
            "author": "孟浩然",
            "title": "望洞庭湖赠张丞相 / 临洞庭",
            "url": "http://www.cquctt.cn/shi/4805.html"
        },
        {
            "author": "常建",
            "title": "题破山寺后禅院",
            "url": "http://www.cquctt.cn/shi/4807.html"
        },
        {
            "author": "李商隐",
            "title": "无题·相见时难别亦难",
            "url": "http://www.cquctt.cn/shi/4820.html"
        },
        {
            "author": "崔颢",
            "title": "黄鹤楼 / 登黄鹤楼",
            "url": "http://www.cquctt.cn/shi/4825.html"
        },
        {
            "author": "诗经",
            "title": "关雎",
            "url": "http://www.cquctt.cn/shi/4670.html"
        },
        {
            "author": "朱熹",
            "title": "活水亭观书有感二首·其一",
            "url": "http://www.cquctt.cn/shi/6898.html"
        },
        {
            "author": "王维",
            "title": "竹里馆",
            "url": "http://www.cquctt.cn/shi/858.html"
        },
        {
            "author": "吴均",
            "title": "山中杂诗",
            "url": "http://www.cquctt.cn/shi/4921.html"
        },
        {
            "author": "龚自珍",
            "title": "己亥杂诗·其五",
            "url": "http://www.cquctt.cn/shi/5018.html"
        },
        {
            "author": "杜甫",
            "title": "春望",
            "url": "http://www.cquctt.cn/shi/14.html"
        },
        {
            "author": "陈子昂",
            "title": "登幽州台歌（前不见古人）",
            "url": "http://www.cquctt.cn/shi/2919.html"
        },
        {
            "author": "杜甫",
            "title": "羌村三首",
            "url": "http://www.cquctt.cn/shi/433.html"
        },
        {
            "author": "杜甫",
            "title": "羌村三首·其三",
            "url": "http://www.cquctt.cn/shi/5395.html"
        },
        {
            "author": "陆游",
            "title": "十一月四日风雨大作（僵卧孤村不自哀）",
            "url": "http://www.cquctt.cn/shi/1342.html"
        },
        {
            "author": "杨炯",
            "title": "从军行(烽火照西京)",
            "url": "http://www.cquctt.cn/shi/8505.html"
        },
        {
            "author": "诗经",
            "title": "关雎（关关雎鸠）",
            "url": "http://www.cquctt.cn/shi/1801.html"
        },
        {
            "author": "韩愈",
            "title": "早春呈水部张十八员外",
            "url": "http://www.cquctt.cn/shi/548.html"
        },
        {
            "author": "佚名",
            "title": "木兰诗 / 木兰辞",
            "url": "http://www.cquctt.cn/shi/5246.html"
        },
        {
            "author": "范仲淹",
            "title": "渔家傲·秋思",
            "url": "http://www.cquctt.cn/shi/5069.html"
        },
        {
            "author": "杜甫",
            "title": "望岳",
            "url": "http://www.cquctt.cn/shi/4840.html"
        },
        {
            "author": "李白",
            "title": "月下独酌四首·其一",
            "url": "http://www.cquctt.cn/shi/4837.html"
        },
        {
            "author": "李贺",
            "title": "雁门太守行（黑云压城城欲摧）",
            "url": "http://www.cquctt.cn/shi/3686.html"
        },
        {
            "author": "韦应物",
            "title": "滁州西涧（独怜幽草涧边生）",
            "url": "http://www.cquctt.cn/shi/2923.html"
        },
        {
            "author": "刘禹锡",
            "title": "酬乐天扬州初逢席上见赠（巴山楚水凄凉地）",
            "url": "http://www.cquctt.cn/shi/2996.html"
        },
        {
            "author": "曹操",
            "title": "龟虽寿（神龟虽寿）",
            "url": "http://www.cquctt.cn/shi/2153.html"
        },
        {
            "author": "刘桢",
            "title": "赠从弟（亭亭山上松）",
            "url": "http://www.cquctt.cn/shi/2208.html"
        },
        {
            "author": "吴均",
            "title": "山中杂诗（山际见来烟）",
            "url": "http://www.cquctt.cn/shi/2475.html"
        },
        {
            "author": "梅尧臣",
            "title": "鲁山山行（适与野情惬）",
            "url": "http://www.cquctt.cn/shi/1620.html"
        },
        {
            "author": "王安石",
            "title": "登飞来峰（飞来峰上千寻塔）",
            "url": "http://www.cquctt.cn/shi/1247.html"
        },
        {
            "author": "陆游",
            "title": "游山西村（莫笑农家腊酒浑）",
            "url": "http://www.cquctt.cn/shi/1365.html"
        },
        {
            "author": "岑参",
            "title": "白雪歌送武判官归京（北风卷地白草折）",
            "url": "http://www.cquctt.cn/shi/1384.html"
        },
        {
            "author": "岑参",
            "title": "逢入京使（故园东望路漫漫）",
            "url": "http://www.cquctt.cn/shi/1386.html"
        },
        {
            "author": "韩愈",
            "title": "左迁至蓝关示侄孙湘",
            "url": "http://www.cquctt.cn/shi/550.html"
        },
        {
            "author": "李商隐",
            "title": "夜雨寄北",
            "url": "http://www.cquctt.cn/shi/632.html"
        },
        {
            "author": "孟浩然",
            "title": "过故人庄",
            "url": "http://www.cquctt.cn/shi/719.html"
        },
        {
            "author": "王湾",
            "title": "次北固山下",
            "url": "http://www.cquctt.cn/shi/791.html"
        },
        {
            "author": "王维",
            "title": "使至塞上",
            "url": "http://www.cquctt.cn/shi/829.html"
        },
        {
            "author": "夏完淳",
            "title": "别云间（三年羁旅客）",
            "url": "http://www.cquctt.cn/shi/939.html"
        },
        {
            "author": "文天祥",
            "title": "过零丁洋（辛苦遭逢起一经）",
            "url": "http://www.cquctt.cn/shi/988.html"
        },
        {
            "author": "李白",
            "title": "送友人",
            "url": "http://www.cquctt.cn/shi/210.html"
        },
        {
            "author": "杜牧",
            "title": "泊秦淮",
            "url": "http://www.cquctt.cn/shi/271.html"
        },
        {
            "author": "白居易",
            "title": "观刈麦，时为周至县尉",
            "url": "http://www.cquctt.cn/shi/320.html"
        },
        {
            "author": "白居易",
            "title": "钱塘湖春行",
            "url": "http://www.cquctt.cn/shi/358.html"
        },
        {
            "author": "白居易",
            "title": "自河南经乱关内阻饥兄弟离散各在一处因望月有感聊书所怀寄上浮梁大兄於潜七兄乌江十五兄兼示符离及下邽弟妹",
            "url": "http://www.cquctt.cn/shi/406.html"
        },
        {
            "author": "杜牧",
            "title": "赤壁",
            "url": "http://www.cquctt.cn/shi/474.html"
        },
        {
            "author": "杜甫",
            "title": "登楼",
            "url": "http://www.cquctt.cn/shi/20.html"
        },
        {
            "author": "杜甫",
            "title": "江南逢李龟年",
            "url": "http://www.cquctt.cn/shi/38.html"
        },
        {
            "author": "杜甫",
            "title": "石壕吏",
            "url": "http://www.cquctt.cn/shi/60.html"
        },
        {
            "author": "杜甫",
            "title": "望岳（岱宗夫如何）",
            "url": "http://www.cquctt.cn/shi/67.html"
        },
        {
            "author": "李白",
            "title": "渡荆门送别",
            "url": "http://www.cquctt.cn/shi/106.html"
        },
        {
            "author": "李白",
            "title": "峨眉山月歌",
            "url": "http://www.cquctt.cn/shi/109.html"
        }
    ]
}