{
    "items": [
        {
            "author": "李商隐",
            "title": "嫦娥（嫦娥应悔偷灵药）",
            "url": "http://www.cquctt.cn/shi/582.html"
        },
        {
            "author": "韦庄",
            "title": "金陵图（依旧烟笼十里堤）",
            "url": "http://www.cquctt.cn/shi/62468.html"
        },
        {
            "author": "韦庄",
            "title": "金陵图",
            "url": "http://www.cquctt.cn/shi/6836.html"
        },
        {
            "author": "杜牧",
            "title": "遣怀",
            "url": "http://www.cquctt.cn/shi/496.html"
        },
        {
            "author": "元稹",
            "title": "行宫",
            "url": "http://www.cquctt.cn/shi/874.html"
        },
        {
            "author": "韦应物",
            "title": "寄李儋元锡",
            "url": "http://www.cquctt.cn/shi/4832.html"
        },
        {
            "author": "岑参",
            "title": "白雪歌送武判官归京",
            "url": "http://www.cquctt.cn/shi/4842.html"
        },
        {
            "author": "温庭筠",
            "title": "瑶瑟怨",
            "url": "http://www.cquctt.cn/shi/5507.html"
        },
        {
            "author": "李白",
            "title": "黄鹤楼送孟浩然之广陵",
            "url": "http://www.cquctt.cn/shi/4.html"
        },
        {
            "author": "西鄙人",
            "title": "哥舒歌",
            "url": "http://www.cquctt.cn/shi/4752.html"
        },
        {
            "author": "刘长卿",
            "title": "新年作",
            "url": "http://www.cquctt.cn/shi/5571.html"
        },
        {
            "author": "李白",
            "title": "子夜吴歌·冬歌",
            "url": "http://www.cquctt.cn/shi/5054.html"
        },
        {
            "author": "杜秋娘",
            "title": "金缕衣",
            "url": "http://www.cquctt.cn/shi/4867.html"
        },
        {
            "author": "李白",
            "title": "子夜吴歌·夏歌",
            "url": "http://www.cquctt.cn/shi/4868.html"
        },
        {
            "author": "孟郊",
            "title": "游子吟 / 迎母漂上作",
            "url": "http://www.cquctt.cn/shi/4869.html"
        },
        {
            "author": "崔颢",
            "title": "长干行·君家何处住",
            "url": "http://www.cquctt.cn/shi/4872.html"
        },
        {
            "author": "卢纶",
            "title": "和张仆射塞下曲·其一",
            "url": "http://www.cquctt.cn/shi/4875.html"
        },
        {
            "author": "卢纶",
            "title": "和张仆射塞下曲·其二",
            "url": "http://www.cquctt.cn/shi/4877.html"
        },
        {
            "author": "卢纶",
            "title": "和张仆射塞下曲·其三",
            "url": "http://www.cquctt.cn/shi/4879.html"
        },
        {
            "author": "卢纶",
            "title": "和张仆射塞下曲·其四",
            "url": "http://www.cquctt.cn/shi/4881.html"
        },
        {
            "author": "李白",
            "title": "早发白帝城 / 白帝下江陵",
            "url": "http://www.cquctt.cn/shi/4770.html"
        },
        {
            "author": "李白",
            "title": "梦游天姥吟留别 / 别东鲁诸公",
            "url": "http://www.cquctt.cn/shi/4844.html"
        },
        {
            "author": "李白",
            "title": "宣州谢脁楼饯别校书叔云 / 陪侍御叔华登楼歌",
            "url": "http://www.cquctt.cn/shi/4843.html"
        },
        {
            "author": "李白",
            "title": "子夜吴歌·春歌",
            "url": "http://www.cquctt.cn/shi/4866.html"
        },
        {
            "author": "李白",
            "title": "行路难·其一",
            "url": "http://www.cquctt.cn/shi/4865.html"
        },
        {
            "author": "李白",
            "title": "清平调·名花倾国两相欢",
            "url": "http://www.cquctt.cn/shi/4864.html"
        },
        {
            "author": "李白",
            "title": "蜀道难",
            "url": "http://www.cquctt.cn/shi/4863.html"
        },
        {
            "author": "李白",
            "title": "清平调·其二",
            "url": "http://www.cquctt.cn/shi/4862.html"
        },
        {
            "author": "李白",
            "title": "长干行·妾发初覆额",
            "url": "http://www.cquctt.cn/shi/4861.html"
        },
        {
            "author": "李白",
            "title": "长相思·其二",
            "url": "http://www.cquctt.cn/shi/4860.html"
        },
        {
            "author": "李白",
            "title": "长相思·其一",
            "url": "http://www.cquctt.cn/shi/4858.html"
        },
        {
            "author": "李白",
            "title": "行路难·其三",
            "url": "http://www.cquctt.cn/shi/4856.html"
        },
        {
            "author": "李白",
            "title": "子夜吴歌·秋歌",
            "url": "http://www.cquctt.cn/shi/4854.html"
        },
        {
            "author": "李白",
            "title": "清平调·其一",
            "url": "http://www.cquctt.cn/shi/4859.html"
        },
        {
            "author": "杜牧",
            "title": "寄扬州韩绰判官",
            "url": "http://www.cquctt.cn/shi/483.html"
        },
        {
            "author": "白居易",
            "title": "琵琶行 / 琵琶引",
            "url": "http://www.cquctt.cn/shi/4846.html"
        },
        {
            "author": "陈子昂",
            "title": "登幽州台歌",
            "url": "http://www.cquctt.cn/shi/4847.html"
        },
        {
            "author": "李颀",
            "title": "送陈章甫",
            "url": "http://www.cquctt.cn/shi/4848.html"
        },
        {
            "author": "王昌龄",
            "title": "出塞二首·其一",
            "url": "http://www.cquctt.cn/shi/4849.html"
        },
        {
            "author": "王昌龄",
            "title": "塞上曲·其一",
            "url": "http://www.cquctt.cn/shi/4850.html"
        },
        {
            "author": "王昌龄",
            "title": "塞下曲·饮马渡秋水",
            "url": "http://www.cquctt.cn/shi/4851.html"
        },
        {
            "author": "孟浩然",
            "title": "夜归鹿门山歌 / 夜归鹿门歌",
            "url": "http://www.cquctt.cn/shi/4852.html"
        },
        {
            "author": "王维",
            "title": "渭城曲 / 送元二使安西",
            "url": "http://www.cquctt.cn/shi/4853.html"
        },
        {
            "author": "王涯",
            "title": "秋夜曲",
            "url": "http://www.cquctt.cn/shi/4855.html"
        },
        {
            "author": "李颀",
            "title": "古从军行",
            "url": "http://www.cquctt.cn/shi/4857.html"
        },
        {
            "author": "张九龄",
            "title": "望月怀远 / 望月怀古",
            "url": "http://www.cquctt.cn/shi/4809.html"
        },
        {
            "author": "卢纶",
            "title": "李端公 / 送李端",
            "url": "http://www.cquctt.cn/shi/4810.html"
        },
        {
            "author": "权德舆",
            "title": "玉台体",
            "url": "http://www.cquctt.cn/shi/4811.html"
        },
        {
            "author": "韦应物",
            "title": "淮上喜会梁川故人 / 淮上喜会梁州故人",
            "url": "http://www.cquctt.cn/shi/4812.html"
        },
        {
            "author": "骆宾王",
            "title": "咏蝉 / 在狱咏蝉",
            "url": "http://www.cquctt.cn/shi/4813.html"
        },
        {
            "author": "白居易",
            "title": "望月有感",
            "url": "http://www.cquctt.cn/shi/4814.html"
        },
        {
            "author": "元稹",
            "title": "遣悲怀三首·其一",
            "url": "http://www.cquctt.cn/shi/4815.html"
        },
        {
            "author": "李商隐",
            "title": "无题·重帏深下莫愁堂",
            "url": "http://www.cquctt.cn/shi/4816.html"
        },
        {
            "author": "元稹",
            "title": "遣悲怀三首·其二",
            "url": "http://www.cquctt.cn/shi/4817.html"
        },
        {
            "author": "杜甫",
            "title": "咏怀古迹五首·其三",
            "url": "http://www.cquctt.cn/shi/4829.html"
        },
        {
            "author": "杜甫",
            "title": "咏怀古迹五首·其五",
            "url": "http://www.cquctt.cn/shi/4830.html"
        },
        {
            "author": "刘禹锡",
            "title": "西塞山怀古",
            "url": "http://www.cquctt.cn/shi/4833.html"
        },
        {
            "author": "王维",
            "title": "送綦毋潜落第还乡 / 送别",
            "url": "http://www.cquctt.cn/shi/4834.html"
        },
        {
            "author": "祖咏",
            "title": "望蓟门",
            "url": "http://www.cquctt.cn/shi/4835.html"
        },
        {
            "author": "王维",
            "title": "青溪 / 过青溪水作",
            "url": "http://www.cquctt.cn/shi/4836.html"
        },
        {
            "author": "岑参",
            "title": "走马川行奉送出师西征 / 走马川行奉送封大夫出师西征",
            "url": "http://www.cquctt.cn/shi/4841.html"
        },
        {
            "author": "李商隐",
            "title": "隋宫 / 隋堤",
            "url": "http://www.cquctt.cn/shi/4773.html"
        },
        {
            "author": "韦应物",
            "title": "滁州西涧",
            "url": "http://www.cquctt.cn/shi/4774.html"
        },
        {
            "author": "杜牧",
            "title": "赠别",
            "url": "http://www.cquctt.cn/shi/4776.html"
        },
        {
            "author": "张祜",
            "title": "赠内人",
            "url": "http://www.cquctt.cn/shi/4777.html"
        },
        {
            "author": "张旭",
            "title": "桃花溪",
            "url": "http://www.cquctt.cn/shi/4778.html"
        },
        {
            "author": "张泌",
            "title": "寄人",
            "url": "http://www.cquctt.cn/shi/4779.html"
        },
        {
            "author": "刘禹锡",
            "title": "和乐天春词 / 春词",
            "url": "http://www.cquctt.cn/shi/4780.html"
        },
        {
            "author": "郑畋",
            "title": "马嵬坡",
            "url": "http://www.cquctt.cn/shi/4781.html"
        },
        {
            "author": "张继",
            "title": "枫桥夜泊 / 夜泊枫江",
            "url": "http://www.cquctt.cn/shi/4782.html"
        },
        {
            "author": "韩翃",
            "title": "寒食 / 寒食日即事",
            "url": "http://www.cquctt.cn/shi/4783.html"
        },
        {
            "author": "刘方平",
            "title": "夜月 / 月夜",
            "url": "http://www.cquctt.cn/shi/4786.html"
        },
        {
            "author": "司空曙",
            "title": "云阳馆与韩绅宿别",
            "url": "http://www.cquctt.cn/shi/4790.html"
        },
        {
            "author": "司空曙",
            "title": "喜外弟卢纶见宿",
            "url": "http://www.cquctt.cn/shi/4791.html"
        },
        {
            "author": "王维",
            "title": "汉江临泛 / 汉江临眺",
            "url": "http://www.cquctt.cn/shi/4792.html"
        },
        {
            "author": "王维",
            "title": "终南别业 / 初至山中 / 入山寄城中故人",
            "url": "http://www.cquctt.cn/shi/4793.html"
        },
        {
            "author": "白居易",
            "title": "草 / 赋得古原草送别",
            "url": "http://www.cquctt.cn/shi/4794.html"
        },
        {
            "author": "宋之问",
            "title": "题大庾岭北驿",
            "url": "http://www.cquctt.cn/shi/4795.html"
        },
        {
            "author": "杜荀鹤",
            "title": "春宫怨",
            "url": "http://www.cquctt.cn/shi/4796.html"
        },
        {
            "author": "刘禹锡",
            "title": "蜀先主庙",
            "url": "http://www.cquctt.cn/shi/4808.html"
        },
        {
            "author": "李端",
            "title": "听筝",
            "url": "http://www.cquctt.cn/shi/4753.html"
        },
        {
            "author": "贾岛",
            "title": "寻隐者不遇 / 孙革访羊尊师诗",
            "url": "http://www.cquctt.cn/shi/4754.html"
        },
        {
            "author": "宋之问",
            "title": "渡汉江",
            "url": "http://www.cquctt.cn/shi/4755.html"
        },
        {
            "author": "裴迪",
            "title": "崔九欲往南山马上口号与别 / 留别王维 / 送崔九",
            "url": "http://www.cquctt.cn/shi/4756.html"
        },
        {
            "author": "刘长卿",
            "title": "送灵澈上人",
            "url": "http://www.cquctt.cn/shi/4757.html"
        },
        {
            "author": "李商隐",
            "title": "乐游原 / 登乐游原",
            "url": "http://www.cquctt.cn/shi/4758.html"
        },
        {
            "author": "刘长卿",
            "title": "听弹琴",
            "url": "http://www.cquctt.cn/shi/4759.html"
        },
        {
            "author": "刘长卿",
            "title": "送方外上人 / 送上人",
            "url": "http://www.cquctt.cn/shi/4760.html"
        },
        {
            "author": "王翰",
            "title": "凉州词二首·其一",
            "url": "http://www.cquctt.cn/shi/4765.html"
        },
        {
            "author": "朱庆馀",
            "title": "宫词 / 宫中词",
            "url": "http://www.cquctt.cn/shi/4766.html"
        },
        {
            "author": "朱庆馀",
            "title": "近试上张籍水部 / 近试上张水部 / 闺意献张水部",
            "url": "http://www.cquctt.cn/shi/4767.html"
        },
        {
            "author": "岑参",
            "title": "逢入京使",
            "url": "http://www.cquctt.cn/shi/4768.html"
        },
        {
            "author": "杜牧",
            "title": "将赴吴兴登乐游原一绝",
            "url": "http://www.cquctt.cn/shi/4769.html"
        },
        {
            "author": "李益",
            "title": "夜上受降城闻笛",
            "url": "http://www.cquctt.cn/shi/4771.html"
        },
        {
            "author": "柳中庸",
            "title": "征人怨 / 征怨",
            "url": "http://www.cquctt.cn/shi/4772.html"
        },
        {
            "author": "刘方平",
            "title": "春怨",
            "url": "http://www.cquctt.cn/shi/4787.html"
        },
        {
            "author": "刘禹锡",
            "title": "乌衣巷",
            "url": "http://www.cquctt.cn/shi/4788.html"
        },
        {
            "author": "王勃",
            "title": "送杜少府之任蜀州 / 送杜少府之任蜀川",
            "url": "http://www.cquctt.cn/shi/4789.html"
        },
        {
            "author": "孟浩然",
            "title": "早寒江上有怀 / 早寒有怀 / 江上思归",
            "url": "http://www.cquctt.cn/shi/4798.html"
        },
        {
            "author": "马戴",
            "title": "灞上秋居",
            "url": "http://www.cquctt.cn/shi/4799.html"
        },
        {
            "author": "皎然",
            "title": "寻陆鸿渐不遇",
            "url": "http://www.cquctt.cn/shi/4800.html"
        },
        {
            "author": "马戴",
            "title": "楚江怀古三首·其一",
            "url": "http://www.cquctt.cn/shi/4801.html"
        },
        {
            "author": "崔涂",
            "title": "除夜 / 巴山道中除夜书怀 / 除夜有怀",
            "url": "http://www.cquctt.cn/shi/4803.html"
        },
        {
            "author": "刘长卿",
            "title": "饯别王十一南游",
            "url": "http://www.cquctt.cn/shi/4804.html"
        },
        {
            "author": "孟浩然",
            "title": "望洞庭湖赠张丞相 / 临洞庭",
            "url": "http://www.cquctt.cn/shi/4805.html"
        },
        {
            "author": "刘昚虚",
            "title": "阙题",
            "url": "http://www.cquctt.cn/shi/4806.html"
        },
        {
            "author": "常建",
            "title": "题破山寺后禅院",
            "url": "http://www.cquctt.cn/shi/4807.html"
        },
        {
            "author": "李商隐",
            "title": "无题·凤尾香罗薄几重",
            "url": "http://www.cquctt.cn/shi/4818.html"
        },
        {
            "author": "元稹",
            "title": "遣悲怀三首·其三",
            "url": "http://www.cquctt.cn/shi/4819.html"
        },
        {
            "author": "李商隐",
            "title": "无题·相见时难别亦难",
            "url": "http://www.cquctt.cn/shi/4820.html"
        },
        {
            "author": "李商隐",
            "title": "无题·来是空言去绝踪",
            "url": "http://www.cquctt.cn/shi/4821.html"
        },
        {
            "author": "李商隐",
            "title": "无题·飒飒东风细雨来",
            "url": "http://www.cquctt.cn/shi/4822.html"
        },
        {
            "author": "王维",
            "title": "积雨辋川庄作 / 秋归辋川庄作",
            "url": "http://www.cquctt.cn/shi/4823.html"
        },
        {
            "author": "李商隐",
            "title": "无题·昨夜星辰昨夜风",
            "url": "http://www.cquctt.cn/shi/4824.html"
        },
        {
            "author": "崔颢",
            "title": "黄鹤楼 / 登黄鹤楼",
            "url": "http://www.cquctt.cn/shi/4825.html"
        },
        {
            "author": "李颀",
            "title": "送魏万之京",
            "url": "http://www.cquctt.cn/shi/4826.html"
        },
        {
            "author": "崔颢",
            "title": "行经华阴",
            "url": "http://www.cquctt.cn/shi/4827.html"
        },
        {
            "author": "杜甫",
            "title": "咏怀古迹五首·其二",
            "url": "http://www.cquctt.cn/shi/4828.html"
        },
        {
            "author": "韦应物",
            "title": "秋夜寄邱员外 / 秋夜寄丘二十二员外",
            "url": "http://www.cquctt.cn/shi/4761.html"
        },
        {
            "author": "王维",
            "title": "九月九日忆山东兄弟 / 九月九忆山东兄弟",
            "url": "http://www.cquctt.cn/shi/4762.html"
        },
        {
            "author": "祖咏",
            "title": "终南望余雪",
            "url": "http://www.cquctt.cn/shi/4763.html"
        },
        {
            "author": "张祜",
            "title": "宫词·故国三千里",
            "url": "http://www.cquctt.cn/shi/4764.html"
        },
        {
            "author": "金昌绪",
            "title": "春怨 / 伊州歌",
            "url": "http://www.cquctt.cn/shi/6829.html"
        },
        {
            "author": "张祜",
            "title": "集灵台·其一",
            "url": "http://www.cquctt.cn/shi/6839.html"
        },
        {
            "author": "张祜",
            "title": "集灵台·其二",
            "url": "http://www.cquctt.cn/shi/6842.html"
        },
        {
            "author": "韩偓",
            "title": "已凉",
            "url": "http://www.cquctt.cn/shi/6845.html"
        },
        {
            "author": "岑参",
            "title": "寄左省杜拾遗",
            "url": "http://www.cquctt.cn/shi/6848.html"
        },
        {
            "author": "李白",
            "title": "听蜀僧濬弹琴 / 听蜀僧浚弹琴",
            "url": "http://www.cquctt.cn/shi/6850.html"
        },
        {
            "author": "李益",
            "title": "喜见外弟又言别",
            "url": "http://www.cquctt.cn/shi/6851.html"
        },
        {
            "author": "杜甫",
            "title": "至德二载甫自京金光门出问道归凤翔乾元初…有悲往事",
            "url": "http://www.cquctt.cn/shi/6852.html"
        },
        {
            "author": "司空曙",
            "title": "贼平后送人北归",
            "url": "http://www.cquctt.cn/shi/6853.html"
        },
        {
            "author": "李商隐",
            "title": "凉思",
            "url": "http://www.cquctt.cn/shi/6854.html"
        },
        {
            "author": "王维",
            "title": "酬张少府",
            "url": "http://www.cquctt.cn/shi/6856.html"
        },
        {
            "author": "孟浩然",
            "title": "留别王侍御维 / 留别王维",
            "url": "http://www.cquctt.cn/shi/6857.html"
        },
        {
            "author": "孟浩然",
            "title": "岁暮归南山 / 归故园作 / 归终南山",
            "url": "http://www.cquctt.cn/shi/6858.html"
        },
        {
            "author": "温庭筠",
            "title": "送人东游",
            "url": "http://www.cquctt.cn/shi/6859.html"
        },
        {
            "author": "刘长卿",
            "title": "寻南溪常山道人隐居 / 寻南溪常道士",
            "url": "http://www.cquctt.cn/shi/6860.html"
        },
        {
            "author": "孟浩然",
            "title": "秦中感秋寄远上人 / 秦中寄远上人",
            "url": "http://www.cquctt.cn/shi/6861.html"
        },
        {
            "author": "许浑",
            "title": "秋日赴阙题潼关驿楼 / 行次潼关逢魏扶东归",
            "url": "http://www.cquctt.cn/shi/6862.html"
        },
        {
            "author": "崔曙",
            "title": "九日登望仙台呈刘明府容",
            "url": "http://www.cquctt.cn/shi/6863.html"
        },
        {
            "author": "刘长卿",
            "title": "秋日登吴公台上寺远眺",
            "url": "http://www.cquctt.cn/shi/6864.html"
        },
        {
            "author": "李隆基",
            "title": "经邹鲁祭孔子而叹之",
            "url": "http://www.cquctt.cn/shi/6865.html"
        },
        {
            "author": "杜甫",
            "title": "咏怀古迹五首·其一",
            "url": "http://www.cquctt.cn/shi/6866.html"
        },
        {
            "author": "崔涂",
            "title": "孤雁二首·其二",
            "url": "http://www.cquctt.cn/shi/6867.html"
        },
        {
            "author": "许浑",
            "title": "早秋三首·其一",
            "url": "http://www.cquctt.cn/shi/6868.html"
        },
        {
            "author": "温庭筠",
            "title": "利州南渡",
            "url": "http://www.cquctt.cn/shi/6869.html"
        },
        {
            "author": "张乔",
            "title": "书边事",
            "url": "http://www.cquctt.cn/shi/6870.html"
        },
        {
            "author": "戴叔伦",
            "title": "客夜与故人偶集 / 江乡故人偶集客舍",
            "url": "http://www.cquctt.cn/shi/6871.html"
        },
        {
            "author": "温庭筠",
            "title": "苏武庙",
            "url": "http://www.cquctt.cn/shi/6872.html"
        },
        {
            "author": "岑参",
            "title": "奉和中书舍人贾至早朝大明宫",
            "url": "http://www.cquctt.cn/shi/6873.html"
        },
        {
            "author": "孟浩然",
            "title": "清明日宴梅道士房 / 宴梅道士山房",
            "url": "http://www.cquctt.cn/shi/6874.html"
        },
        {
            "author": "杜甫",
            "title": "咏怀古迹五首·其四",
            "url": "http://www.cquctt.cn/shi/6875.html"
        },
        {
            "author": "韩翃",
            "title": "酬程延秋夜即事见赠",
            "url": "http://www.cquctt.cn/shi/6876.html"
        },
        {
            "author": "张籍",
            "title": "没蕃故人",
            "url": "http://www.cquctt.cn/shi/6877.html"
        },
        {
            "author": "刘长卿",
            "title": "江州重别薛六柳八二员外",
            "url": "http://www.cquctt.cn/shi/6878.html"
        },
        {
            "author": "韦应物",
            "title": "赋得暮雨送李胄 / 赋得暮雨送李曹",
            "url": "http://www.cquctt.cn/shi/6886.html"
        },
        {
            "author": "刘长卿",
            "title": "自夏口至鹦鹉洲夕望岳阳寄源中丞",
            "url": "http://www.cquctt.cn/shi/6885.html"
        },
        {
            "author": "钱起",
            "title": "谷口书斋寄杨补阙",
            "url": "http://www.cquctt.cn/shi/6884.html"
        },
        {
            "author": "柳宗元",
            "title": "登柳州城楼寄漳汀封连四州",
            "url": "http://www.cquctt.cn/shi/6883.html"
        },
        {
            "author": "钱起",
            "title": "送僧归日本",
            "url": "http://www.cquctt.cn/shi/6882.html"
        },
        {
            "author": "杜甫",
            "title": "奉和贾至舍人早朝大明宫 / 和贾至舍人早朝大明宫之作",
            "url": "http://www.cquctt.cn/shi/6881.html"
        },
        {
            "author": "韦庄",
            "title": "章台夜思",
            "url": "http://www.cquctt.cn/shi/6880.html"
        },
        {
            "author": "卢纶",
            "title": "晚次鄂州",
            "url": "http://www.cquctt.cn/shi/6887.html"
        },
        {
            "author": "钱起",
            "title": "赠阙下裴舍人",
            "url": "http://www.cquctt.cn/shi/6888.html"
        },
        {
            "author": "韦应物",
            "title": "东郊",
            "url": "http://www.cquctt.cn/shi/6890.html"
        },
        {
            "author": "岑参",
            "title": "与高适薛据同登慈恩寺浮图",
            "url": "http://www.cquctt.cn/shi/6891.html"
        },
        {
            "author": "韩翃",
            "title": "同题仙游观",
            "url": "http://www.cquctt.cn/shi/6892.html"
        },
        {
            "author": "韦应物",
            "title": "郡斋雨中与诸文士燕集",
            "url": "http://www.cquctt.cn/shi/6893.html"
        },
        {
            "author": "元结",
            "title": "贼退示官吏",
            "url": "http://www.cquctt.cn/shi/6894.html"
        },
        {
            "author": "王昌龄",
            "title": "同从弟销南斋玩月忆山阴崔少府",
            "url": "http://www.cquctt.cn/shi/6896.html"
        },
        {
            "author": "韦应物",
            "title": "初发扬子寄元大校书",
            "url": "http://www.cquctt.cn/shi/6897.html"
        },
        {
            "author": "丘为",
            "title": "寻西山隐者不遇 / 山行寻隐者不遇",
            "url": "http://www.cquctt.cn/shi/6900.html"
        },
        {
            "author": "韦应物",
            "title": "送杨氏女",
            "url": "http://www.cquctt.cn/shi/6899.html"
        },
        {
            "author": "韦应物",
            "title": "寄全椒山中道士",
            "url": "http://www.cquctt.cn/shi/6903.html"
        },
        {
            "author": "孟浩然",
            "title": "宿业师山房期丁大不至 / 宿业师山房待丁大不至",
            "url": "http://www.cquctt.cn/shi/6905.html"
        },
        {
            "author": "常建",
            "title": "宿王昌龄隐居",
            "url": "http://www.cquctt.cn/shi/6907.html"
        },
        {
            "author": "綦毋潜",
            "title": "春泛若耶溪",
            "url": "http://www.cquctt.cn/shi/6909.html"
        },
        {
            "author": "韦应物",
            "title": "夕次盱眙县",
            "url": "http://www.cquctt.cn/shi/6912.html"
        },
        {
            "author": "韦应物",
            "title": "长安遇冯著",
            "url": "http://www.cquctt.cn/shi/6913.html"
        },
        {
            "author": "元结",
            "title": "石鱼湖上醉歌",
            "url": "http://www.cquctt.cn/shi/6921.html"
        },
        {
            "author": "李颀",
            "title": "琴歌",
            "url": "http://www.cquctt.cn/shi/6922.html"
        },
        {
            "author": "杜甫",
            "title": "丹青引赠曹将军霸 / 丹青引赠曹霸将军",
            "url": "http://www.cquctt.cn/shi/6925.html"
        },
        {
            "author": "岑参",
            "title": "轮台歌奉送封大夫出师西征",
            "url": "http://www.cquctt.cn/shi/6927.html"
        },
        {
            "author": "杜甫",
            "title": "寄韩谏议 / 寄韩谏议注",
            "url": "http://www.cquctt.cn/shi/6933.html"
        },
        {
            "author": "杜甫",
            "title": "韦讽录事宅观曹将军画马图",
            "url": "http://www.cquctt.cn/shi/6934.html"
        },
        {
            "author": "杜甫",
            "title": "观公孙大娘弟子舞剑器行",
            "url": "http://www.cquctt.cn/shi/6939.html"
        },
        {
            "author": "李颀",
            "title": "听董大弹胡笳声兼寄语弄房给事",
            "url": "http://www.cquctt.cn/shi/6940.html"
        },
        {
            "author": "李颀",
            "title": "听安万善吹觱篥歌",
            "url": "http://www.cquctt.cn/shi/6941.html"
        },
        {
            "author": "李白",
            "title": "行路难·其二",
            "url": "http://www.cquctt.cn/shi/6955.html"
        },
        {
            "author": "崔颢",
            "title": "长干行·家临九江水",
            "url": "http://www.cquctt.cn/shi/6956.html"
        },
        {
            "author": "李益",
            "title": "江南曲",
            "url": "http://www.cquctt.cn/shi/6958.html"
        },
        {
            "author": "沈佺期",
            "title": "古意呈补阙乔知之 / 古意 / 独不见",
            "url": "http://www.cquctt.cn/shi/6964.html"
        },
        {
            "author": "孟郊",
            "title": "列女操 / 烈女操",
            "url": "http://www.cquctt.cn/shi/6966.html"
        },
        {
            "author": "杜甫",
            "title": "丽人行",
            "url": "http://www.cquctt.cn/shi/6969.html"
        },
        {
            "author": "王维",
            "title": "山中送别",
            "url": "http://www.cquctt.cn/shi/826.html"
        },
        {
            "author": "王维",
            "title": "竹里馆",
            "url": "http://www.cquctt.cn/shi/858.html"
        },
        {
            "author": "王维",
            "title": "鹿柴",
            "url": "http://www.cquctt.cn/shi/812.html"
        },
        {
            "author": "沈佺期",
            "title": "杂诗三首·其三",
            "url": "http://www.cquctt.cn/shi/6855.html"
        },
        {
            "author": "王维",
            "title": "杂诗三首·其二",
            "url": "http://www.cquctt.cn/shi/4797.html"
        },
        {
            "author": "佚名",
            "title": "杂诗·近寒食雨草萋萋",
            "url": "http://www.cquctt.cn/shi/4784.html"
        },
        {
            "author": "王维",
            "title": "相思",
            "url": "http://www.cquctt.cn/shi/847.html"
        },
        {
            "author": "王建",
            "title": "新嫁娘词",
            "url": "http://www.cquctt.cn/shi/4802.html"
        },
        {
            "author": "杜甫",
            "title": "春望",
            "url": "http://www.cquctt.cn/shi/14.html"
        },
        {
            "author": "李商隐",
            "title": "北青萝",
            "url": "http://www.cquctt.cn/shi/580.html"
        },
        {
            "author": "孟浩然",
            "title": "与诸子登岘山",
            "url": "http://www.cquctt.cn/shi/744.html"
        },
        {
            "author": "陈子昂",
            "title": "登幽州台歌（前不见古人）",
            "url": "http://www.cquctt.cn/shi/2919.html"
        },
        {
            "author": "张祜",
            "title": "题金陵渡（金陵津渡小山楼）",
            "url": "http://www.cquctt.cn/shi/3135.html"
        },
        {
            "author": "李白",
            "title": "静夜思(床前明月光)",
            "url": "http://www.cquctt.cn/shi/153.html"
        },
        {
            "author": "王维",
            "title": "送别(下马饮君酒)",
            "url": "http://www.cquctt.cn/shi/8477.html"
        },
        {
            "author": "柳宗元",
            "title": "晨诣超师院读禅经",
            "url": "http://www.cquctt.cn/shi/8475.html"
        },
        {
            "author": "王维",
            "title": "西施咏(西施宁久微)",
            "url": "http://www.cquctt.cn/shi/8476.html"
        },
        {
            "author": "薛逢",
            "title": "宫词(十二楼中尽晓妆)",
            "url": "http://www.cquctt.cn/shi/8474.html"
        },
        {
            "author": "李商隐",
            "title": "筹笔驿(猿鸟犹疑畏简书)",
            "url": "http://www.cquctt.cn/shi/8473.html"
        },
        {
            "author": "王维",
            "title": "奉和圣制从蓬莱向兴庆阁道中留春雨中春望之作应制",
            "url": "http://www.cquctt.cn/shi/8472.html"
        },
        {
            "author": "杜甫",
            "title": "野望(西山白雪三城戍)",
            "url": "http://www.cquctt.cn/shi/8471.html"
        },
        {
            "author": "李商隐",
            "title": "蝉(本以高难饱)",
            "url": "http://www.cquctt.cn/shi/8470.html"
        },
        {
            "author": "杜甫",
            "title": "奉济驿重送严公四韵",
            "url": "http://www.cquctt.cn/shi/8469.html"
        },
        {
            "author": "李商隐",
            "title": "落花(芳心向春尽)",
            "url": "http://www.cquctt.cn/shi/8468.html"
        },
        {
            "author": "孟浩然",
            "title": "宿桐庐江寄广陵旧游",
            "url": "http://www.cquctt.cn/shi/8467.html"
        },
        {
            "author": "李商隐",
            "title": "风雨(凄凉宝剑篇)",
            "url": "http://www.cquctt.cn/shi/8466.html"
        },
        {
            "author": "杜审言",
            "title": "和晋陵陆丞早春游望",
            "url": "http://www.cquctt.cn/shi/8465.html"
        },
        {
            "author": "杜甫",
            "title": "春宿左省(花隐掖垣暮)",
            "url": "http://www.cquctt.cn/shi/8464.html"
        },
        {
            "author": "王维",
            "title": "归嵩山作(清川带长薄)",
            "url": "http://www.cquctt.cn/shi/8463.html"
        },
        {
            "author": "杜甫",
            "title": "别房太尉墓",
            "url": "http://www.cquctt.cn/shi/8462.html"
        },
        {
            "author": "杜牧",
            "title": "赠别(娉娉袅袅十三余)",
            "url": "http://www.cquctt.cn/shi/8461.html"
        },
        {
            "author": "李商隐",
            "title": "瑶池(瑶池阿母绮窗开)",
            "url": "http://www.cquctt.cn/shi/8460.html"
        },
        {
            "author": "杜甫",
            "title": "哀王孙(长安城头头白乌)",
            "url": "http://www.cquctt.cn/shi/8491.html"
        },
        {
            "author": "杜甫",
            "title": "哀江头(少陵野老吞声哭)",
            "url": "http://www.cquctt.cn/shi/8490.html"
        },
        {
            "author": "王维",
            "title": "桃源行(渔舟逐水爱山春)",
            "url": "http://www.cquctt.cn/shi/8489.html"
        },
        {
            "author": "王维",
            "title": "老将行",
            "url": "http://www.cquctt.cn/shi/8488.html"
        },
        {
            "author": "王之涣",
            "title": "凉州词二首·其一",
            "url": "http://www.cquctt.cn/shi/8487.html"
        },
        {
            "author": "李颀",
            "title": "古意(男儿事长征)",
            "url": "http://www.cquctt.cn/shi/8486.html"
        },
        {
            "author": "韩愈",
            "title": "谒衡岳庙遂宿岳寺题门楼",
            "url": "http://www.cquctt.cn/shi/8485.html"
        },
        {
            "author": "韩愈",
            "title": "山石(山石荦确行径微)",
            "url": "http://www.cquctt.cn/shi/8483.html"
        },
        {
            "author": "李商隐",
            "title": "韩碑(元和天子神武姿)",
            "url": "http://www.cquctt.cn/shi/8482.html"
        },
        {
            "author": "韩愈",
            "title": "石鼓歌",
            "url": "http://www.cquctt.cn/shi/8481.html"
        },
        {
            "author": "皇甫冉",
            "title": "春思(莺啼燕语报新年)",
            "url": "http://www.cquctt.cn/shi/8514.html"
        },
        {
            "author": "王维",
            "title": "酬郭给事 / 赠郭给事",
            "url": "http://www.cquctt.cn/shi/6879.html"
        },
        {
            "author": "李贺",
            "title": "古邺城童子谣效王粲刺曹操（邺城中）",
            "url": "http://www.cquctt.cn/shi/1489.html"
        },
        {
            "author": "张九龄",
            "title": "感遇（兰叶春葳蕤）",
            "url": "http://www.cquctt.cn/shi/2905.html"
        },
        {
            "author": "李白",
            "title": "临路歌(大鹏飞兮振八裔)",
            "url": "http://www.cquctt.cn/shi/167.html"
        },
        {
            "author": "王昌龄",
            "title": "长信怨(金井梧桐秋叶黄)",
            "url": "http://www.cquctt.cn/shi/8484.html"
        },
        {
            "author": "杜甫",
            "title": "古柏行",
            "url": "http://www.cquctt.cn/shi/8479.html"
        },
        {
            "author": "白居易",
            "title": "月夜登阁避暑",
            "url": "http://www.cquctt.cn/shi/397.html"
        },
        {
            "author": "刘长卿",
            "title": "长沙过贾谊宅（三年谪官此栖迟）",
            "url": "http://www.cquctt.cn/shi/1535.html"
        },
        {
            "author": "杜甫",
            "title": "梦李白二首",
            "url": "http://www.cquctt.cn/shi/50.html"
        },
        {
            "author": "李白",
            "title": "金陵酒肆留别(风吹柳花满店香)",
            "url": "http://www.cquctt.cn/shi/148.html"
        },
        {
            "author": "孟浩然",
            "title": "秦中寄远上人",
            "url": "http://www.cquctt.cn/shi/724.html"
        },
        {
            "author": "苏轼",
            "title": "惠州一绝（日啖荔枝三百颗）",
            "url": "http://www.cquctt.cn/shi/8892.html"
        },
        {
            "author": "杜甫",
            "title": "梦李白二首·其二",
            "url": "http://www.cquctt.cn/shi/4839.html"
        },
        {
            "author": "杜甫",
            "title": "梦李白二首·其一",
            "url": "http://www.cquctt.cn/shi/4838.html"
        },
        {
            "author": "杜甫",
            "title": "望岳",
            "url": "http://www.cquctt.cn/shi/4840.html"
        },
        {
            "author": "李白",
            "title": "月下独酌四首·其一",
            "url": "http://www.cquctt.cn/shi/4837.html"
        },
        {
            "author": "李白",
            "title": "月下独酌四首",
            "url": "http://www.cquctt.cn/shi/8887.html"
        },
        {
            "author": "李白",
            "title": "月下独酌",
            "url": "http://www.cquctt.cn/shi/257.html"
        },
        {
            "author": "陈子昂",
            "title": "感遇诗三十八首·其六",
            "url": "http://www.cquctt.cn/shi/7462.html"
        },
        {
            "author": "张九龄",
            "title": "感遇·江南有丹橘",
            "url": "http://www.cquctt.cn/shi/6932.html"
        },
        {
            "author": "张九龄",
            "title": "感遇·幽人归独卧",
            "url": "http://www.cquctt.cn/shi/6926.html"
        },
        {
            "author": "张九龄",
            "title": "感遇十二首·其四",
            "url": "http://www.cquctt.cn/shi/6923.html"
        },
        {
            "author": "张九龄",
            "title": "感遇十二首",
            "url": "http://www.cquctt.cn/shi/8439.html"
        },
        {
            "author": "张九龄",
            "title": "感遇十二首·其一",
            "url": "http://www.cquctt.cn/shi/4845.html"
        },
        {
            "author": "李颀",
            "title": "送陈章甫（四月南风大麦黄）",
            "url": "http://www.cquctt.cn/shi/1502.html"
        },
        {
            "author": "李颀",
            "title": "送魏万之京（朝闻游子唱离歌）",
            "url": "http://www.cquctt.cn/shi/1504.html"
        },
        {
            "author": "李益",
            "title": "夜上受降城闻笛（回乐峰前沙似雪）",
            "url": "http://www.cquctt.cn/shi/1531.html"
        },
        {
            "author": "刘长卿",
            "title": "饯别王十一南游（望君烟水阔）",
            "url": "http://www.cquctt.cn/shi/1539.html"
        },
        {
            "author": "刘禹锡",
            "title": "蜀先主庙（天地英雄气）",
            "url": "http://www.cquctt.cn/shi/3021.html"
        },
        {
            "author": "刘禹锡",
            "title": "乌衣巷（朱雀桥边野草花）",
            "url": "http://www.cquctt.cn/shi/3030.html"
        },
        {
            "author": "刘禹锡",
            "title": "西塞山怀古（王濬楼船下益州）",
            "url": "http://www.cquctt.cn/shi/3032.html"
        },
        {
            "author": "马戴",
            "title": "灞上秋居（灞原风雨定）",
            "url": "http://www.cquctt.cn/shi/4006.html"
        },
        {
            "author": "崔颢",
            "title": "行经华阴（岧峣太华俯咸京）",
            "url": "http://www.cquctt.cn/shi/3634.html"
        },
        {
            "author": "皎然",
            "title": "寻陆鸿渐不遇(移家虽带郭)",
            "url": "http://www.cquctt.cn/shi/3664.html"
        },
        {
            "author": "刘方平",
            "title": "春怨（纱窗日落渐黄昏）",
            "url": "http://www.cquctt.cn/shi/3975.html"
        },
        {
            "author": "祖咏",
            "title": "望蓟门（燕台一去客心惊）",
            "url": "http://www.cquctt.cn/shi/3091.html"
        },
        {
            "author": "祖咏",
            "title": "终南望余雪（终南阴岭秀）",
            "url": "http://www.cquctt.cn/shi/3092.html"
        },
        {
            "author": "郑畋",
            "title": "马嵬坡（玄宗回马杨妃死）",
            "url": "http://www.cquctt.cn/shi/3097.html"
        },
        {
            "author": "张旭",
            "title": "桃花溪（隐隐飞桥隔野烟）",
            "url": "http://www.cquctt.cn/shi/3112.html"
        },
        {
            "author": "张祜",
            "title": "赠内人（禁门宫树月痕过）",
            "url": "http://www.cquctt.cn/shi/3136.html"
        },
        {
            "author": "张泌",
            "title": "寄人（别梦依依到谢家）",
            "url": "http://www.cquctt.cn/shi/3179.html"
        },
        {
            "author": "西鄙人",
            "title": "哥舒歌（北斗七星高）",
            "url": "http://www.cquctt.cn/shi/3188.html"
        },
        {
            "author": "杜秋娘",
            "title": "金缕衣（劝君莫惜金缕衣）",
            "url": "http://www.cquctt.cn/shi/2659.html"
        },
        {
            "author": "杜荀鹤",
            "title": "春宫怨（早被婵娟误）",
            "url": "http://www.cquctt.cn/shi/2660.html"
        },
        {
            "author": "司空曙",
            "title": "喜外弟卢纶见宿（静夜四无邻）",
            "url": "http://www.cquctt.cn/shi/2889.html"
        },
        {
            "author": "司空曙",
            "title": "云阳馆与韩绅宿别（故人江海别）",
            "url": "http://www.cquctt.cn/shi/2891.html"
        },
        {
            "author": "韦应物",
            "title": "滁州西涧（独怜幽草涧边生）",
            "url": "http://www.cquctt.cn/shi/2923.html"
        },
        {
            "author": "韦应物",
            "title": "寄李儋元锡（去年花里逢君别）",
            "url": "http://www.cquctt.cn/shi/2932.html"
        },
        {
            "author": "刘长卿",
            "title": "听弹琴(泠泠七弦上)",
            "url": "http://www.cquctt.cn/shi/1547.html"
        },
        {
            "author": "刘长卿",
            "title": "新年作（乡心新岁切）",
            "url": "http://www.cquctt.cn/shi/1548.html"
        },
        {
            "author": "岑参",
            "title": "白雪歌送武判官归京（北风卷地白草折）",
            "url": "http://www.cquctt.cn/shi/1384.html"
        },
        {
            "author": "岑参",
            "title": "逢入京使（故园东望路漫漫）",
            "url": "http://www.cquctt.cn/shi/1386.html"
        },
        {
            "author": "李颀",
            "title": "古从军行（白日登山望烽火）",
            "url": "http://www.cquctt.cn/shi/1499.html"
        },
        {
            "author": "杜牧",
            "title": "赠别二首",
            "url": "http://www.cquctt.cn/shi/513.html"
        },
        {
            "author": "韩愈",
            "title": "八月十五夜赠张功曹",
            "url": "http://www.cquctt.cn/shi/519.html"
        },
        {
            "author": "高适",
            "title": "送李少府贬峡中王少府贬长沙",
            "url": "http://www.cquctt.cn/shi/526.html"
        },
        {
            "author": "高适",
            "title": "燕歌行",
            "url": "http://www.cquctt.cn/shi/528.html"
        },
        {
            "author": "李商隐",
            "title": "春雨",
            "url": "http://www.cquctt.cn/shi/585.html"
        },
        {
            "author": "李商隐",
            "title": "寄令狐郎中",
            "url": "http://www.cquctt.cn/shi/601.html"
        },
        {
            "author": "李商隐",
            "title": "贾生",
            "url": "http://www.cquctt.cn/shi/603.html"
        },
        {
            "author": "李商隐",
            "title": "锦瑟",
            "url": "http://www.cquctt.cn/shi/604.html"
        },
        {
            "author": "李商隐",
            "title": "隋宫",
            "url": "http://www.cquctt.cn/shi/620.html"
        },
        {
            "author": "李商隐",
            "title": "为有",
            "url": "http://www.cquctt.cn/shi/623.html"
        },
        {
            "author": "李商隐",
            "title": "夜雨寄北",
            "url": "http://www.cquctt.cn/shi/632.html"
        },
        {
            "author": "柳宗元",
            "title": "江雪",
            "url": "http://www.cquctt.cn/shi/698.html"
        },
        {
            "author": "柳宗元",
            "title": "溪居",
            "url": "http://www.cquctt.cn/shi/703.html"
        },
        {
            "author": "柳宗元",
            "title": "渔翁",
            "url": "http://www.cquctt.cn/shi/704.html"
        },
        {
            "author": "孟浩然",
            "title": "春晓",
            "url": "http://www.cquctt.cn/shi/714.html"
        },
        {
            "author": "孟浩然",
            "title": "过故人庄",
            "url": "http://www.cquctt.cn/shi/719.html"
        },
        {
            "author": "孟浩然",
            "title": "秋登兰山寄张五",
            "url": "http://www.cquctt.cn/shi/726.html"
        },
        {
            "author": "孟浩然",
            "title": "宿建德江",
            "url": "http://www.cquctt.cn/shi/729.html"
        },
        {
            "author": "孟浩然",
            "title": "夏日南亭怀辛大",
            "url": "http://www.cquctt.cn/shi/739.html"
        },
        {
            "author": "秦韬玉",
            "title": "贫女",
            "url": "http://www.cquctt.cn/shi/760.html"
        },
        {
            "author": "王昌龄",
            "title": "春宫曲",
            "url": "http://www.cquctt.cn/shi/773.html"
        },
        {
            "author": "王昌龄",
            "title": "芙蓉楼送辛渐",
            "url": "http://www.cquctt.cn/shi/779.html"
        },
        {
            "author": "王昌龄",
            "title": "闺怨",
            "url": "http://www.cquctt.cn/shi/780.html"
        },
        {
            "author": "王湾",
            "title": "次北固山下",
            "url": "http://www.cquctt.cn/shi/791.html"
        },
        {
            "author": "王维",
            "title": "过香积寺",
            "url": "http://www.cquctt.cn/shi/802.html"
        },
        {
            "author": "王维",
            "title": "洛阳女儿行",
            "url": "http://www.cquctt.cn/shi/814.html"
        },
        {
            "author": "王维",
            "title": "山居秋暝",
            "url": "http://www.cquctt.cn/shi/824.html"
        },
        {
            "author": "王维",
            "title": "送梓州李使君",
            "url": "http://www.cquctt.cn/shi/838.html"
        },
        {
            "author": "王维",
            "title": "辋川闲居赠裴秀才迪",
            "url": "http://www.cquctt.cn/shi/842.html"
        },
        {
            "author": "王维",
            "title": "渭川田家",
            "url": "http://www.cquctt.cn/shi/843.html"
        },
        {
            "author": "王维",
            "title": "终南山",
            "url": "http://www.cquctt.cn/shi/857.html"
        },
        {
            "author": "王之涣",
            "title": "登鹳雀楼",
            "url": "http://www.cquctt.cn/shi/860.html"
        },
        {
            "author": "李白",
            "title": "庐山谣寄卢侍御虚舟",
            "url": "http://www.cquctt.cn/shi/169.html"
        },
        {
            "author": "李白",
            "title": "蜀道难（噫吁嚱）",
            "url": "http://www.cquctt.cn/shi/201.html"
        },
        {
            "author": "李白",
            "title": "送友人",
            "url": "http://www.cquctt.cn/shi/210.html"
        },
        {
            "author": "李白",
            "title": "下终南山过斛斯山人宿置酒",
            "url": "http://www.cquctt.cn/shi/224.html"
        },
        {
            "author": "李白",
            "title": "夜泊牛渚怀古",
            "url": "http://www.cquctt.cn/shi/237.html"
        },
        {
            "author": "李白",
            "title": "玉阶怨",
            "url": "http://www.cquctt.cn/shi/253.html"
        },
        {
            "author": "李白",
            "title": "怨情",
            "url": "http://www.cquctt.cn/shi/256.html"
        },
        {
            "author": "李白",
            "title": "赠孟浩然",
            "url": "http://www.cquctt.cn/shi/261.html"
        },
        {
            "author": "杜牧",
            "title": "泊秦淮",
            "url": "http://www.cquctt.cn/shi/271.html"
        },
        {
            "author": "白居易",
            "title": "长恨歌",
            "url": "http://www.cquctt.cn/shi/279.html"
        },
        {
            "author": "白居易",
            "title": "后宫词",
            "url": "http://www.cquctt.cn/shi/329.html"
        },
        {
            "author": "白居易",
            "title": "问刘十九",
            "url": "http://www.cquctt.cn/shi/367.html"
        },
        {
            "author": "白居易",
            "title": "自河南经乱关内阻饥兄弟离散各在一处因望月有感聊书所怀寄上浮梁大兄於潜七兄乌江十五兄兼示符离及下邽弟妹",
            "url": "http://www.cquctt.cn/shi/406.html"
        },
        {
            "author": "杜甫",
            "title": "月夜",
            "url": "http://www.cquctt.cn/shi/416.html"
        },
        {
            "author": "杜甫",
            "title": "月夜忆舍弟",
            "url": "http://www.cquctt.cn/shi/417.html"
        },
        {
            "author": "杜甫",
            "title": "赠卫八处士",
            "url": "http://www.cquctt.cn/shi/420.html"
        },
        {
            "author": "杜牧",
            "title": "赤壁",
            "url": "http://www.cquctt.cn/shi/474.html"
        },
        {
            "author": "杜牧",
            "title": "金谷园",
            "url": "http://www.cquctt.cn/shi/486.html"
        },
        {
            "author": "杜牧",
            "title": "旅宿",
            "url": "http://www.cquctt.cn/shi/489.html"
        },
        {
            "author": "杜牧",
            "title": "秋夕",
            "url": "http://www.cquctt.cn/shi/499.html"
        },
        {
            "author": "李白",
            "title": "将进酒",
            "url": "http://www.cquctt.cn/shi/5.html"
        },
        {
            "author": "杜甫",
            "title": "八阵图",
            "url": "http://www.cquctt.cn/shi/8.html"
        },
        {
            "author": "杜甫",
            "title": "兵车行",
            "url": "http://www.cquctt.cn/shi/10.html"
        },
        {
            "author": "杜甫",
            "title": "登高",
            "url": "http://www.cquctt.cn/shi/19.html"
        },
        {
            "author": "杜甫",
            "title": "登楼",
            "url": "http://www.cquctt.cn/shi/20.html"
        },
        {
            "author": "杜甫",
            "title": "登岳阳楼",
            "url": "http://www.cquctt.cn/shi/22.html"
        },
        {
            "author": "杜甫",
            "title": "阁夜",
            "url": "http://www.cquctt.cn/shi/26.html"
        },
        {
            "author": "杜甫",
            "title": "佳人",
            "url": "http://www.cquctt.cn/shi/35.html"
        },
        {
            "author": "杜甫",
            "title": "江南逢李龟年",
            "url": "http://www.cquctt.cn/shi/38.html"
        },
        {
            "author": "杜甫",
            "title": "客至",
            "url": "http://www.cquctt.cn/shi/43.html"
        },
        {
            "author": "杜甫",
            "title": "旅夜书怀",
            "url": "http://www.cquctt.cn/shi/46.html"
        },
        {
            "author": "杜甫",
            "title": "蜀相",
            "url": "http://www.cquctt.cn/shi/61.html"
        },
        {
            "author": "杜甫",
            "title": "宿府",
            "url": "http://www.cquctt.cn/shi/63.html"
        },
        {
            "author": "杜甫",
            "title": "天末怀李白",
            "url": "http://www.cquctt.cn/shi/64.html"
        },
        {
            "author": "杜甫",
            "title": "望岳（岱宗夫如何）",
            "url": "http://www.cquctt.cn/shi/67.html"
        },
        {
            "author": "杜甫",
            "title": "闻官军收河南河北",
            "url": "http://www.cquctt.cn/shi/69.html"
        },
        {
            "author": "李白",
            "title": "春思",
            "url": "http://www.cquctt.cn/shi/92.html"
        },
        {
            "author": "李白",
            "title": "登金陵凤凰台",
            "url": "http://www.cquctt.cn/shi/100.html"
        },
        {
            "author": "李白",
            "title": "渡荆门送别",
            "url": "http://www.cquctt.cn/shi/106.html"
        },
        {
            "author": "李白",
            "title": "关山月",
            "url": "http://www.cquctt.cn/shi/135.html"
        }
    ]
}