{
    "items": [
        {
            "author": "李商隐",
            "title": "嫦娥（嫦娥应悔偷灵药）",
            "url": "http://www.cquctt.cn/shi/582.html"
        },
        {
            "author": "陆游",
            "title": "游山西村",
            "url": "http://www.cquctt.cn/shi/5370.html"
        },
        {
            "author": "李白",
            "title": "黄鹤楼送孟浩然之广陵",
            "url": "http://www.cquctt.cn/shi/4.html"
        },
        {
            "author": "贺知章",
            "title": "咏柳 / 柳枝词",
            "url": "http://www.cquctt.cn/shi/5365.html"
        },
        {
            "author": "朱熹",
            "title": "春日",
            "url": "http://www.cquctt.cn/shi/5367.html"
        },
        {
            "author": "皮日休",
            "title": "天竺寺八月十五日夜桂子",
            "url": "http://www.cquctt.cn/shi/5393.html"
        },
        {
            "author": "李白",
            "title": "望庐山瀑布水二首",
            "url": "http://www.cquctt.cn/shi/5516.html"
        },
        {
            "author": "林杰",
            "title": "乞巧",
            "url": "http://www.cquctt.cn/shi/5369.html"
        },
        {
            "author": "刘禹锡",
            "title": "望洞庭",
            "url": "http://www.cquctt.cn/shi/5373.html"
        },
        {
            "author": "叶绍翁",
            "title": "夜书所见",
            "url": "http://www.cquctt.cn/shi/5374.html"
        },
        {
            "author": "杜甫",
            "title": "江畔独步寻花·其六",
            "url": "http://www.cquctt.cn/shi/5375.html"
        },
        {
            "author": "张籍",
            "title": "秋思",
            "url": "http://www.cquctt.cn/shi/5377.html"
        },
        {
            "author": "吕岩",
            "title": "牧童 / 令牧童答钟弱翁",
            "url": "http://www.cquctt.cn/shi/5382.html"
        },
        {
            "author": "佚名",
            "title": "采薇(节选)",
            "url": "http://www.cquctt.cn/shi/5385.html"
        },
        {
            "author": "辛弃疾",
            "title": "清平乐·村居",
            "url": "http://www.cquctt.cn/shi/5179.html"
        },
        {
            "author": "辛弃疾",
            "title": "西江月·夜行黄沙道中",
            "url": "http://www.cquctt.cn/shi/5184.html"
        },
        {
            "author": "王观",
            "title": "卜算子·送鲍浩然之浙东",
            "url": "http://www.cquctt.cn/shi/5088.html"
        },
        {
            "author": "苏轼",
            "title": "浣溪沙·游蕲水清泉寺",
            "url": "http://www.cquctt.cn/shi/5122.html"
        },
        {
            "author": "郑燮",
            "title": "竹石",
            "url": "http://www.cquctt.cn/shi/5013.html"
        },
        {
            "author": "袁枚",
            "title": "所见",
            "url": "http://www.cquctt.cn/shi/5017.html"
        },
        {
            "author": "高鼎",
            "title": "村居",
            "url": "http://www.cquctt.cn/shi/5020.html"
        },
        {
            "author": "王维",
            "title": "画",
            "url": "http://www.cquctt.cn/shi/5022.html"
        },
        {
            "author": "张志和",
            "title": "渔歌子·西塞山前白鹭飞",
            "url": "http://www.cquctt.cn/shi/5033.html"
        },
        {
            "author": "白居易",
            "title": "忆江南·江南好",
            "url": "http://www.cquctt.cn/shi/5040.html"
        },
        {
            "author": "翁卷",
            "title": "乡村四月",
            "url": "http://www.cquctt.cn/shi/4991.html"
        },
        {
            "author": "杨万里",
            "title": "宿新市徐公店",
            "url": "http://www.cquctt.cn/shi/4982.html"
        },
        {
            "author": "王安石",
            "title": "泊船瓜洲",
            "url": "http://www.cquctt.cn/shi/4928.html"
        },
        {
            "author": "苏轼",
            "title": "题西林壁",
            "url": "http://www.cquctt.cn/shi/4948.html"
        },
        {
            "author": "苏轼",
            "title": "饮湖上初晴后雨二首·其二",
            "url": "http://www.cquctt.cn/shi/4956.html"
        },
        {
            "author": "苏轼",
            "title": "赠刘景文 / 冬景",
            "url": "http://www.cquctt.cn/shi/4958.html"
        },
        {
            "author": "杨万里",
            "title": "舟过安仁",
            "url": "http://www.cquctt.cn/shi/4971.html"
        },
        {
            "author": "杨万里",
            "title": "小池",
            "url": "http://www.cquctt.cn/shi/4977.html"
        },
        {
            "author": "王安石",
            "title": "元日",
            "url": "http://www.cquctt.cn/shi/4927.html"
        },
        {
            "author": "曹植",
            "title": "七步诗",
            "url": "http://www.cquctt.cn/shi/4900.html"
        },
        {
            "author": "王维",
            "title": "渭城曲 / 送元二使安西",
            "url": "http://www.cquctt.cn/shi/4853.html"
        },
        {
            "author": "白居易",
            "title": "草 / 赋得古原草送别",
            "url": "http://www.cquctt.cn/shi/4794.html"
        },
        {
            "author": "王维",
            "title": "九月九日忆山东兄弟 / 九月九忆山东兄弟",
            "url": "http://www.cquctt.cn/shi/4762.html"
        },
        {
            "author": "白朴",
            "title": "天净沙·秋",
            "url": "http://www.cquctt.cn/shi/7093.html"
        },
        {
            "author": "龚自珍",
            "title": "己亥杂诗·其二百二十",
            "url": "http://www.cquctt.cn/shi/5016.html"
        },
        {
            "author": "李白",
            "title": "静夜思(床前明月光)",
            "url": "http://www.cquctt.cn/shi/153.html"
        },
        {
            "author": "叶绍翁",
            "title": "夜书所见（萧萧梧叶送寒声）",
            "url": "http://www.cquctt.cn/shi/985.html"
        },
        {
            "author": "于谦",
            "title": "石灰吟（千锤万击出深山）",
            "url": "http://www.cquctt.cn/shi/1015.html"
        },
        {
            "author": "龚自珍",
            "title": "己亥杂诗（九州生气恃风雷）",
            "url": "http://www.cquctt.cn/shi/1052.html"
        },
        {
            "author": "杜牧",
            "title": "山行",
            "url": "http://www.cquctt.cn/shi/501.html"
        },
        {
            "author": "杨万里",
            "title": "宿新市徐公店（篱落疏疏一径深）",
            "url": "http://www.cquctt.cn/shi/1002.html"
        },
        {
            "author": "杨万里",
            "title": "小池（泉眼无声惜细流）",
            "url": "http://www.cquctt.cn/shi/1005.html"
        },
        {
            "author": "刘禹锡",
            "title": "望洞庭（湖光秋月两相和）",
            "url": "http://www.cquctt.cn/shi/3028.html"
        },
        {
            "author": "纳兰性德",
            "title": "长相思·山一程",
            "url": "http://www.cquctt.cn/shi/4652.html"
        },
        {
            "author": "张籍",
            "title": "秋思（洛阳城里见秋风）",
            "url": "http://www.cquctt.cn/shi/3147.html"
        },
        {
            "author": "袁枚",
            "title": "所见（牧童骑黄牛）",
            "url": "http://www.cquctt.cn/shi/2599.html"
        },
        {
            "author": "郑燮",
            "title": "题竹石画（咬定青山不放松）",
            "url": "http://www.cquctt.cn/shi/2627.html"
        },
        {
            "author": "曹植",
            "title": "七步诗（煮豆燃豆萁）",
            "url": "http://www.cquctt.cn/shi/2175.html"
        },
        {
            "author": "朱熹",
            "title": "春日（胜日寻芳泗水滨）",
            "url": "http://www.cquctt.cn/shi/1723.html"
        },
        {
            "author": "苏轼",
            "title": "题西林壁（横看成岭侧成峰）",
            "url": "http://www.cquctt.cn/shi/1211.html"
        },
        {
            "author": "王安石",
            "title": "泊船瓜洲（京口瓜洲一水间）",
            "url": "http://www.cquctt.cn/shi/1243.html"
        },
        {
            "author": "王安石",
            "title": "元日（爆竹声中一岁除）",
            "url": "http://www.cquctt.cn/shi/1267.html"
        },
        {
            "author": "陆游",
            "title": "游山西村（莫笑农家腊酒浑）",
            "url": "http://www.cquctt.cn/shi/1365.html"
        },
        {
            "author": "高鼎",
            "title": "村居（草长莺飞二月天）",
            "url": "http://www.cquctt.cn/shi/1396.html"
        },
        {
            "author": "孟浩然",
            "title": "春晓",
            "url": "http://www.cquctt.cn/shi/714.html"
        },
        {
            "author": "王昌龄",
            "title": "芙蓉楼送辛渐",
            "url": "http://www.cquctt.cn/shi/779.html"
        },
        {
            "author": "王维",
            "title": "鸟鸣涧",
            "url": "http://www.cquctt.cn/shi/817.html"
        },
        {
            "author": "李白",
            "title": "望庐山瀑布",
            "url": "http://www.cquctt.cn/shi/216.html"
        },
        {
            "author": "李白",
            "title": "望天门山",
            "url": "http://www.cquctt.cn/shi/217.html"
        },
        {
            "author": "李白",
            "title": "赠汪伦",
            "url": "http://www.cquctt.cn/shi/263.html"
        },
        {
            "author": "杜甫",
            "title": "春夜喜雨",
            "url": "http://www.cquctt.cn/shi/15.html"
        },
        {
            "author": "杜甫",
            "title": "闻官军收河南河北",
            "url": "http://www.cquctt.cn/shi/69.html"
        },
        {
            "author": "李白",
            "title": "独坐敬亭山",
            "url": "http://www.cquctt.cn/shi/105.html"
        }
    ]
}