{
    "items": [
        {
            "author": "刘向",
            "title": "画蛇添足",
            "url": "http://www.cquctt.cn/shi/5239.html"
        },
        {
            "author": "佚名",
            "title": "寇准读书",
            "url": "http://www.cquctt.cn/shi/5238.html"
        },
        {
            "author": "佚名",
            "title": "董行成",
            "url": "http://www.cquctt.cn/shi/5234.html"
        },
        {
            "author": "刘开",
            "title": "问说",
            "url": "http://www.cquctt.cn/shi/5233.html"
        },
        {
            "author": "佚名",
            "title": "桑生李树",
            "url": "http://www.cquctt.cn/shi/5244.html"
        },
        {
            "author": "佚名",
            "title": "外科医生",
            "url": "http://www.cquctt.cn/shi/5242.html"
        },
        {
            "author": "刘义庆",
            "title": "荀巨伯探病友 / 荀巨伯探友",
            "url": "http://www.cquctt.cn/shi/5236.html"
        },
        {
            "author": "刘向",
            "title": "枭逢鸠 / 枭将东徙",
            "url": "http://www.cquctt.cn/shi/5235.html"
        },
        {
            "author": "刘向",
            "title": "虎求百兽",
            "url": "http://www.cquctt.cn/shi/5206.html"
        },
        {
            "author": "邯郸淳",
            "title": "鲁人锯竿入城",
            "url": "http://www.cquctt.cn/shi/5218.html"
        },
        {
            "author": "佚名",
            "title": "朝三暮四",
            "url": "http://www.cquctt.cn/shi/5219.html"
        },
        {
            "author": "佚名",
            "title": "承宫樵薪苦学",
            "url": "http://www.cquctt.cn/shi/5220.html"
        },
        {
            "author": "",
            "title": "邴原泣学",
            "url": "http://www.cquctt.cn/shi/5221.html"
        },
        {
            "author": "列御寇",
            "title": "多歧亡羊",
            "url": "http://www.cquctt.cn/shi/5222.html"
        },
        {
            "author": "佚名",
            "title": "林琴南敬师",
            "url": "http://www.cquctt.cn/shi/5223.html"
        },
        {
            "author": "郑之珍",
            "title": "铁杵磨针",
            "url": "http://www.cquctt.cn/shi/5225.html"
        },
        {
            "author": "佚名",
            "title": "二翁登泰山",
            "url": "http://www.cquctt.cn/shi/5226.html"
        },
        {
            "author": "刘向",
            "title": "三人成虎",
            "url": "http://www.cquctt.cn/shi/5227.html"
        },
        {
            "author": "韩非",
            "title": "师旷撞晋平公",
            "url": "http://www.cquctt.cn/shi/5228.html"
        },
        {
            "author": "宋祁",
            "title": "王勃故事",
            "url": "http://www.cquctt.cn/shi/5229.html"
        },
        {
            "author": "欧阳修",
            "title": "画地学书",
            "url": "http://www.cquctt.cn/shi/5230.html"
        },
        {
            "author": "佚名",
            "title": "伯牙绝弦",
            "url": "http://www.cquctt.cn/shi/8561.html"
        },
        {
            "author": "乐钧",
            "title": "世无良猫",
            "url": "http://www.cquctt.cn/shi/8898.html"
        },
        {
            "author": "佚名",
            "title": "学弈",
            "url": "http://www.cquctt.cn/shi/5215.html"
        },
        {
            "author": "刘义庆",
            "title": "杨氏之子",
            "url": "http://www.cquctt.cn/shi/6403.html"
        },
        {
            "author": "邯郸淳",
            "title": "一毛不拔",
            "url": "http://www.cquctt.cn/shi/5213.html"
        },
        {
            "author": "佚名",
            "title": "揠苗助长",
            "url": "http://www.cquctt.cn/shi/5210.html"
        },
        {
            "author": "刘向",
            "title": "叶公好龙",
            "url": "http://www.cquctt.cn/shi/5209.html"
        },
        {
            "author": "刘向",
            "title": "文侯与虞人期猎",
            "url": "http://www.cquctt.cn/shi/5231.html"
        },
        {
            "author": "佚名",
            "title": "刻舟求剑 / 楚人涉江",
            "url": "http://www.cquctt.cn/shi/5207.html"
        },
        {
            "author": "朱熹",
            "title": "读书要三到",
            "url": "http://www.cquctt.cn/shi/5217.html"
        },
        {
            "author": "",
            "title": "晏子谏杀烛邹",
            "url": "http://www.cquctt.cn/shi/5237.html"
        },
        {
            "author": "苏轼",
            "title": "富人之子",
            "url": "http://www.cquctt.cn/shi/5224.html"
        },
        {
            "author": "佚名",
            "title": "精卫填海",
            "url": "http://www.cquctt.cn/shi/8979.html"
        }
    ]
}