{"title":"《同从弟南斋玩月忆山阴崔少府》","author":"王昌龄","year":"唐代","style":"五言古诗","album":"全唐诗","url":"https://baike.baidu.com/item/%E5%90%8C%E4%BB%8E%E5%BC%9F%E5%8D%97%E6%96%8B%E7%8E%A9%E6%9C%88%E5%BF%86%E5%B1%B1%E9%98%B4%E5%B4%94%E5%B0%91%E5%BA%9C","poem":[{"content":"高卧南斋时，开帷月初吐。","pinyin":"","skip":""},{"content":"清辉澹水木，演漾在窗户。","pinyin":"","skip":""},{"content":"冉冉几盈虚，澄澄变今古。","pinyin":"","skip":""},{"content":"美人清江畔，是夜越吟苦。","pinyin":"","skip":""},{"content":"千里共如何，微风吹兰杜。","pinyin":"","skip":""}],"intro":"《同从弟南斋玩月忆山阴崔少府》是唐代诗人王昌龄创作的一首五言古诗。这首观月怀友的古体诗，写得恬淡悠远。诗的前六句着重写开窗所见的月色，清幽的月色引起诗人深刻的思考，深深的慨叹反映了诗人对人生的珍视。最后四句是怀友。诗人驰骋想象，想象在这月光普照的夜晚，崔少府也一定在曹娥江畔苦吟，思念自己，真是人隔千里，明月相共。最后采用传统的“引类譬喻”的手法，以兰草、杜若比崔少府，其芬芳之香随处可闻。","translation":"我和从弟在南斋高卧的时候，掀开窗帘玩赏那初升的玉兔。\n淡淡月光泻在水上泄在树上，轻悠悠的波光涟漪荡入窗户。\n光阴苒苒这窗月已几盈几虚，清光千年依旧世事不同今古。\n德高望重崔少府在清江河畔，他今夜必定如庄舄思越之苦。\n千里迢迢可否共赏醉人婵娟？微风吹拂着清香四溢的兰杜。","appreciation":"这首诗的主题是“玩月”。诗人与堂弟高卧南斋时，月亮刚刚出来。渐渐地升高之后，清辉遍洒水上、树木上，倾泻在窗户上。这两句写月光很有特色，尤其是一个“澹”字、一个“演漾”，逼真地说出了月光照地时人对月光的感觉。\n诗人没有停留在对月色的描摹上，而是宕开一笔，写对月亮的思考：亘古以来，月亮圆了又缺、缺了又圆，可是人呢？人也是一代又一代，代代人都看着月亮。月光依然，而人生不常啊。\n继而诗人悬想朋友崔少府也必定在这清月之下、清江之畔吟诗。诗人与朋友虽相隔千里，但同在望月。诗的最后一句“微风吹兰杜”最有意味：不说对朋友思念，而写兰杜之芳，那么，这兰杜之芳能吹到朋友那里去吗？朋友知道我在思念他吗？\n玩月思友，由月忆人。感慨清光依旧、人生聚散无常。诗的开头点出“南斋”；二句点“明月”；三、四句触发主题，写玩月；五、六句由玩月而生发，写流光如逝，世事多变；七、八句转写忆故友；最后写故人的文章道德，恰如兰杜，芳香四溢，闻名遐迩。全诗笔不离月，景不离情，情景交融，景情相济，有很强的艺术感染力。"}