{"items":[{"title":"不可救药","id":"BKJY","album":"《诗经大雅板》：“多将熇熇，不可救药。”孔颖达疏：“多行惨酷毒害之恶，熇熇然使恶加于民，不可救止而药治之。”","translation":"药：用药治疗。病重得没法医治。比喻人或事物坏到了无法挽救的地步。也作“无可救药”。","pronunciation":"bùkějiùyào"},{"title":"鄙于不屑","id":"BYBX","album":"","translation":"鄙：粗俗卑鄙。不屑：认为不值得（做或看）。粗俗卑鄙到不值得一顾的程度。指既丑陋又下贱，叫人看不上眼。","pronunciation":"bǐyúbùxiè"},{"title":"诚惶诚恐","id":"CHCK","album":"南朝宋范晔《后汉书杜诗传》：“诗自以无劳，不安久居大郡，求……奉职无效，久窃禄位，令功臣怀愠，诚惶诚恐。”","translation":"诚：确实；惶：害怕；恐：畏惧。原指封建官吏给皇帝上奏章时用的客套话；表示敬畏而又惶恐不安；现形容尊敬、服从或泛指心中有愧而恐惧不安。","pronunciation":"chénghuángchéngkǒng"},{"title":"富埒王侯","id":"FWH","album":"西汉司马迁《史记平淮书》：“故吴诸侯也，以郡山铸钱，富埒天子。”","translation":"埒：同等。富有的程度与国王诸侯相等。形容非常富有。","pronunciation":"fùlièwánghóu"},{"title":"腹心相照","id":"FXXZ","album":"明·冯梦龙《警世通言》卷一：“这相知只几样名色：恩德相结者，谓之知己；腹心相照者，谓之知心；声气相求者，谓之知音。”","translation":"腹心：内心；照：映照，见。以真心相见。比喻彼此很知心，达到心心相印的程度。","pronunciation":"fùxīnxiāngzhào"},{"title":"改朝换代","id":"GCHD","album":"毛泽东《中国革命和中国共产党》：“总是在革命中和革命后被地主和贵族利用了去，当作他们改朝换代的工具。”","translation":"指旧的王朝被推翻；建立新的政权。引申指时代变化很大；与旧时代的情况大不相同。有时也指外敌入侵。","pronunciation":"gǎicháohuàndài"},{"title":"高深莫测","id":"GSMC","album":"宋高似孙《纬略沃焦山》引《物类相感志》：“沃焦山，东海之外荒，海中有山，焦炎而峙，高深莫测。”","translation":"究竟高深到什么程度无法推测。形容摸不准；度量不得。莫：不。测：估测。","pronunciation":"gāoshēnmòcè"},{"title":"狗彘不若","id":"GBR","album":"荀况《荀子荣辱》：“人也，下忘其身，内忘其亲，上忘其君，则是人也，而曾狗彘之不若也。”","translation":"连猪狗都不如。比喻品行十分恶劣。彘：猪。","pronunciation":"gǒuzhìbùruò"},{"title":"狗彘不如","id":"GBR","album":"清·吴璿《飞龙全传》第四十八回：“君有难，臣当不顾其身而救之，岂言退耶！直狗彘不如也！”","translation":"见“狗彘不若”。","pronunciation":"gǒuzhìbùrú"},{"title":"惊惶万状","id":"JHWZ","album":"宋陈亮《谢杨解元启》：“忧患百罹而未艾，惊惶万状而莫支。”","translation":"惊惶：害怕；万状：各种样子，表示程度极深。形容害怕到了极点。","pronunciation":"jīnghuángwànzhuàng"},{"title":"惊恐万状","id":"JKWZ","album":"宋陈亮《谢杨解元启》：“忧患百罹而未艾，惊惶万状而莫支。”","translation":"万状：各种样子。惊慌恐惧得表现出各种形态。形容惊慌恐惧到了极点。","pronunciation":"jīngkǒngwànzhuàng"},{"title":"见微知萌","id":"JWZM","album":"《韩非子·说林上》：“圣人见微以知萌，见端以知末，故见象箸而怖，知天下不足也。”","translation":"微：细微。萌：发生。看到事物微小的迹象，就知道其发展的程度。","pronunciation":"jiànwēizhīméng"},{"title":"积重难返","id":"JZNF","album":"清赵翼《廿二史札记》第20卷：“掌禁兵，筦枢要，遂致积重难返，以至此极也哉。”","translation":"积：长时间积累下来的；重：程度深；返：返回。指经过长时间形成的不良思想、作风或习惯；不容易革除、改变。","pronunciation":"jīzhòngnánfǎn"},{"title":"夸大其词","id":"KDQC","album":"《宋史王祖道传》：“蔡京开边，祖道欲乘时徼富贵，诱王江酋、杨晟免等使纳士，夸大其辞。”","translation":"词：言论。语言夸张；超过事实。","pronunciation":"kuādàqící"},{"title":"夸大其辞","id":"KDQC","album":"孙犁《谈作家的立命修身之道》：“我从来不好夸大其辞。”","translation":"见“夸大其词”。","pronunciation":"kuādàqící"},{"title":"莫测高深","id":"MCGS","album":"东汉班固《汉书严延年传》：“吏民莫能测其意深浅。”","translation":"莫：不能。无法测量出多高多深。形容人或事难以揣测其高深奥妙。也可以讽刺故弄玄虚以迷惑别人者。","pronunciation":"mòcègāoshēn"},{"title":"千疮百孔","id":"QCBK","album":"清李渔《意中缘毒饵》：“虽然得些润笔之资，以助薪水，究竟这千疮百孔，那里补救得来。”","translation":"形容漏洞、弊病很多，或破坏的程度严重。","pronunciation":"qiānchuāngbǎikǒng"},{"title":"千疮百痍","id":"QCB","album":"刘先煌《飞翔吧，上海机床厂》：“‘中农公司’留下的是千疮百痍的烂摊子。”","translation":"犹千疮百孔。","pronunciation":"qiānchuāngbǎiyí"},{"title":"日甚一日","id":"RSYR","album":"《新唐书独孤及传》：“陛下岂迟疑于改作，逡巡于旧贯，使大议有所壅，而率土之患日甚一日？”","translation":"一天比一天厉害。","pronunciation":"rìshènyīrì"},{"title":"日中必移","id":"RZBY","album":"西汉·司马迁《史记·日者列传》：“日中必移，月满必亏；先王之道，乍存乍亡。”","translation":"同“日中则昃”。","pronunciation":"rìzhōngbìyí"},{"title":"日中必昃","id":"RZB","album":"明·凌濛初《二刻拍案惊奇》第19卷：“日中必昃，月满必亏。明公功名到此，已无可加，急流勇退，此其时矣。”","translation":"同“日中则昃”。","pronunciation":"rìzhōngbìzè"},{"title":"日中则移","id":"RZZY","album":"西汉·刘向《战国策·秦策》：“语曰：‘日中则移，月满则亏。’物盛则衰，天之常数也。”","translation":"同“日中则昃”。","pronunciation":"rìzhōngzéyí"},{"title":"日中则昃","id":"RZZ","album":"《周易丰》：“日中则昃，月盈则食。”","translation":"昃：太阳偏西。太阳到了正午就要偏西。比喻事物发展到一定程度，就会向相反的方向转化。","pronunciation":"rìzhōngzézè"},{"title":"日中则昃，月满则亏","id":"RZZYMZK","album":"《易丰》：“日中则昃，月盈则食，天地盈虚，与时消息，而况乎人乎！”","translation":"太阳到了正午就要偏西，月亮盈满就要亏缺。比喻事物发展到一定程度，就会向相反的方向转化。","pronunciation":"rìzhōngzézè，yuèmǎnzékuī"},{"title":"十二万分","id":"SEWF","album":"王朔《我是你爸爸》：“我要向你道歉，我要十二万分诚恳向你道歉，请你原谅。”","translation":"形容程度极深。","pronunciation":"shíèrwànfēn"},{"title":"适可而止","id":"SKEZ","album":"先秦孔子《论语乡党》：“不多食”宋朱熹集注：“适可而止，无贪心也。”","translation":"做到适当的程度就停止。比喻做事恰到好处。","pronunciation":"shìkěérzhǐ"},{"title":"深入骨髓","id":"SRGS","album":"明·施耐庵《水浒传》第八十回：“高太尉着令医人治疗，见丘岳重伤，恨梁山泊深入骨髓。”","translation":"形容达到极深极重的程度。","pronunciation":"shēnrùgǔsuǐ"},{"title":"泰来否极","id":"TLFJ","album":"唐·白居易《遣怀》诗：“乐往转化，泰来犹否极。”","translation":"泰：周易卦名，是好卦。否：周易卦名，是坏卦。事物发展到一定程度，就要转化到它的对立面，好事来到是由于坏事已至终极，坏事变为好事。亦作“否去泰来”、“否极泰至”、“泰来否往”、“否极泰来”。","pronunciation":"tailáifǒují"},{"title":"体贴入微","id":"TTRW","album":"清吴趼人《二十年目睹之怪现状》第38回：“‘只要心平点，少看点利钱，那些贫民便受惠多了。’我笑道：‘这可谓体贴入微了。’”","translation":"形容对人照顾和关怀非常细心周到。体贴：细心为别人着想；入微：很小的地方都照顾到。","pronunciation":"tǐtiērùwēi"},{"title":"痛心切骨","id":"TXQG","album":"清和邦额《夜谭随录白萍》：“子负心太甚，即王魁、李益，有不逮焉……思之痛心切骨，街非一朝一夕矣。”","translation":"伤痛透到骨头里。形容悲愤之至。亦形容痛苦的程度极深。","pronunciation":"tòngxīnqiègǔ"},{"title":"无可救药","id":"WKJY","album":"先秦左丘明《左传襄公二十六年》：“今楚多淫刑，其大夫逃死于四方，而为之谋主以害楚国，不可救疗。”","translation":"比喻坏到了无法挽救的地步。","pronunciation":"wúkějiùyào"},{"title":"五十步笑百步","id":"WSBXBB","album":"先秦孟轲《孟子梁惠王上》：“填然鼓之，兵刃既接，弃甲曳兵而走，或百步而后止，或五十步而后止。以五十步笑百步，则何如？”","translation":"败逃五十步的人讥笑败逃一百步的人。比喻缺点或错误性质相同，只有情节或重或轻的区别。","pronunciation":"wǔshíbùxiàobǎibù"},{"title":"无以复加","id":"WYFJ","album":"东汉班固《汉书王莽传下》：“宜崇其制度，宣视海内，且令万世之后无以复加也。”","translation":"复：再。再也不能超过。指程度达到了顶点。","pronunciation":"wúyǐfùjiā"},{"title":"一步登天","id":"YBDT","album":"清李绿园《歧路灯》：“万望口角春风，我就一步登天，点了买办差，就过好日子。”","translation":"登：上。一步登上青天。一下子达到极高的境界或程度。也比喻突然得志；爬上高位。","pronunciation":"yībùdēngtiān"},{"title":"一脉相承","id":"YMXC","album":"清李绿园《歧路灯》：“如今这两个侄儿，虽分鸿胪、宜宾两派，毕竟一脉相承，所以一个模样。”","translation":"一脉：同一血脉；指联络贯通而成的一个系统。从同一血统、派别世代相承流传下来。指某种思想、行为或学说之间有继承关系。","pronunciation":"yīmàixiāngchéng"},{"title":"雅俗共赏","id":"YSGS","album":"明孙仁儒《东郭记绵驹》：“闻得有绵驹善歌，雅俗共赏。”","translation":"雅俗：文雅和粗俗。旧时把文化高的人称“雅人”；把没文化的人称“俗人”；赏：欣赏。无论文化水平高低都能欣赏。形容艺术水平既高雅又通俗；能为各种人所接受。","pronunciation":"yǎsúgòngshǎng"},{"title":"一塌糊涂","id":"YTHT","album":"清曾朴《孽海花》：“与其顾惜场面，硬充好汉，到临了弄的一塌糊涂，还不如一老一实，揭破真情，自寻生路。”","translation":"形容混乱或败坏到了不可收拾的程度。","pronunciation":"yītāhútú"},{"title":"一榻胡涂","id":"YHT","album":"鲁迅《书信集·致曹靖华》：“《铁流》在北平有翻版了，坏纸错字，弄得一榻胡涂。”","translation":"见“一塌糊涂”。","pronunciation":"yītàhútú"},{"title":"整躬率物","id":"ZGLW","album":"清李宝嘉《官场现形记》第六十回：“为此拿定了主意，想把这些做官的先陶熔到一个程度，好等他们出去，整躬率物，出身加民。”","translation":"整饬自身做出榜样，以为下属示范。","pronunciation":"zhěnggōngshuàiwù"},{"title":"卓绝千古","id":"ZJQG","album":"唐·李白《溧阳濑水贞义女碑铭》：“子胥始东奔勾吴，月涉星遁。或七日不火，伤弓于飞。逼迫于昭关，匍匐于濑者。舍车而徒，告穷此女。目色以臆，授之壶浆。全人自沉，形与口灭。卓绝千古，声凌浮云。激节必报之仇，雪诚无疑之地。难乎哉！”","translation":"卓绝：程度达到极点，超过一切。超过以往的一切人。","pronunciation":"zhuójuéqiāngǔ"}]}