{"items":[{"title":"不堪设想","id":"BKSX","album":"清林则徐《林文忠公政书》：“内地膏脂，年年如些剥丧，岂堪设想！”","translation":"不堪：不能；设想：对未来情况的想象、推测。事情的结果不能想象；指会向很坏、很危险的方向发展。","pronunciation":"bùkānshèxiǎng"},{"title":"不可思议","id":"BKSY","album":"《维摩诘经不思议品》：“诸佛菩萨有解脱名不可思议。”慧远义记：“不思据心，不议就口，解脱真德，妙在情妄心言不及，是故名为不可思议。”","translation":"原是佛教用语；指神秘奥妙。不可用心意思忖；也不能用言语表达。后形容对事物情况、发展变化或言论无法想象很难理解。","pronunciation":"bùkěsīyì"},{"title":"痴人说梦","id":"CRSM","album":"宋无名氏《爱日斋丛钞》第三卷：“苏公肯亦效痴人说梦邪？”","translation":"痴：呆；傻。原指对傻子说梦话；傻子信以为真。现在比喻凭妄想说根本办不到的荒唐话。","pronunciation":"chīrénshuōmèng"},{"title":"翻空出奇","id":"FKCQ","album":"南朝梁刘勰《文心雕龙神思》：“意翻空而易奇。”","translation":"形容诗文、字画等一反前人窠臼，以独特的想象取胜。","pronunciation":"fānkōngchūqí"},{"title":"浮想联翩","id":"FXL","album":"晋陆机《文赋》：“浮藻联翩，若翰鸟缨缴而坠曾云之峻。”","translation":"浮想：漂浮变幻的想象。联翩：鸟飞的样子；比喻连续不断。漂浮不定的想象像鸟飞一样。指思绪连续不断地涌现出来。","pronunciation":"fúxiǎngliánpiān"},{"title":"匪夷所思","id":"FYSS","album":"《周易涣》：“涣有丘，匪夷所思。”","translation":"匪；即“非”；不是；夷：通“彝”；法度、常规；引申为寻常的；一般的。不是根据常理所想象出来的。形容人的思想、言谈、技艺、事情等离奇；超出寻常。","pronunciation":"fěiyísuǒsī"},{"title":"鬼鬼祟祟","id":"GGSS","album":"清曹雪芹《红楼梦》第31回：“别叫我替你们害臊了！你们鬼鬼祟祟干的那些事，也瞒不过我去。”","translation":"迷信的人指鬼怪；或指鬼怪害人。形容行为偷偷摸摸；不光明正大。","pronunciation":"guǐguǐsuìsuì"},{"title":"鸡飞狗跳","id":"JFGT","album":"茅盾《锻炼》：“然而陈克明却在这里想象，一方面疑神疑鬼，又一方面畏惧怨恨所造成的鸡飞狗跳、人人自危的情形。”","translation":"把鸡吓得飞起来，把狗吓得到处乱跳。形容惊慌得乱成一团","pronunciation":"jīfēigǒutiào"},{"title":"惊天地泣鬼神","id":"JTDQGS","album":"清·汪琬《烈妇周氏墓表》：“然则匹妇虽微，及其精诚所激，往往动天地，泣鬼神，何可忽也？”","translation":"惊：震惊。使天地为之震惊，使鬼神为之哭泣","pronunciation":"jīngtiāndìqìguǐshén"},{"title":"夸父追日","id":"KFZR","album":"毛泽东《矛盾论》：“神话中的许多变化，例如《山海经》中所说的‘夸父追日’……这种神话中所说的矛盾的互相变化，乃是无数复杂的现实矛盾的互相变化对于人们所引起的一种幼稚的、想象的、主观幻想的变化……”","translation":"古代神话。同“夸父逐日”。","pronunciation":"kuāfùzhuīrì"},{"title":"苦思冥想","id":"KSX","album":"巴金《创作回忆录关于二》：“我拿起笔从来不苦思冥想，我照例写得快，说我‘粗制滥造’也可以，反正有作品在。”","translation":"绞尽脑汁，深沉地思索。","pronunciation":"kǔsīmíngxiǎng"},{"title":"可想而知","id":"KXEZ","album":"宋王楙《野客丛书汉唐俸禄》：“而郊以吟诗废务，上官差官以摄其职，分其半禄，酸寒之状，可想而知。”","translation":"想：推想。可以通过推想而了解真相。","pronunciation":"kěxiǎngérzhī"},{"title":"盘古开天地","id":"PGKTD","album":"《明成化说唱词话·花关索出身传》：“自从盘古开天地，三皇五帝夏商君。”","translation":"指人类开始有了历史。","pronunciation":"pángǔkāitiāndì"},{"title":"琪花瑶草","id":"HYC","album":"王毂《梦仙谣》：“前程渐觉风光好，琪花片片粘瑶草。”","translation":"琪、瑶：美玉。原为古人想象中仙境的花草。后也形容晶莹美丽的花草。","pronunciation":"qíhuāyáocǎo"},{"title":"人模狗样","id":"RMGY","album":"老舍《骆驼祥子》十四：“祥子在棚里坐着呢，人模狗样的，脸上的疤被灯光照得像块玉石。”又《四世同堂》四九：“他也想象到怎样顺手儿教训教训那些人模狗样的科长科员们。”","translation":"身分是人，举止形容却像狗。多用于嘲讽。","pronunciation":"rénmúgǒuyàng"},{"title":"神魂飞越","id":"SHFY","album":"宋·王禹偁《谢加朝请大夫表》：“涕泗纵横，乱于縻绠，神魂飞越，若在烟霄。”","translation":"形容写作时想象力肆意驰骋。","pronunciation":"shénhúnfēiyuè"},{"title":"生气勃勃","id":"SQBB","album":"清袁枚《随园诗话》第15卷：“余选钱文敏公诗甚少，家人误抄十余章，余读之，生气勃勃，悔知公未尽。”","translation":"生气：朝气；勃勃：旺盛的样子。形容富有朝气充满生命的活力。","pronunciation":"shēngqìbóbó"}]}