{"items":[{"title":"不堪设想","id":"BKSX","album":"清林则徐《林文忠公政书》：“内地膏脂，年年如些剥丧，岂堪设想！”","translation":"不堪：不能；设想：对未来情况的想象、推测。事情的结果不能想象；指会向很坏、很危险的方向发展。","pronunciation":"bùkānshèxiǎng"},{"title":"长虑后顾","id":"CLHG","album":"宋王安石《上皇帝万言书》：“方今公卿大夫，莫肯为陛下长虑后顾，为宗庙万世计。”","translation":"顾及未来而作长远打算。","pronunciation":"chánglǜhòugù"},{"title":"长虑却顾","id":"CLQG","album":"宋李纲《与宰相论捍贼札子》：“纲窃观自古人主，必有亲兵，所以制障表里，为长虑却顾之术也。”","translation":"顾及未来而作长远打算。","pronunciation":"chánglǜquègù"},{"title":"存亡绝续","id":"CWJX","album":"清刘大櫆《金节母传》：“呜呼，太恭人以一女子，当金氏存亡绝续之交，一心惟鞠子为事。”","translation":"绝：完结；续：延续。事物处在生存或灭亡、断绝或延续的关键时刻。形容局势万分危急。","pronunciation":"cúnwángjuéxù"},{"title":"观往知来","id":"GWZL","album":"《列子说符》：“是故圣人见出以知入，观往而知来，此其所以先知之理也。”","translation":"认真研究过去，就能推测未来。","pronunciation":"guānwǎngzhīlái"},{"title":"猴年马月","id":"HNMY","album":"古华《芙蓉镇》第四章：“斗斗斗，一直斗到猴年马月，天下一统，世界大同。”","translation":"猴、马：十二生肖之一。泛指无可指望的未来岁月。也作“驴年马月”、“牛年马月”。","pronunciation":"hóuniánmǎyuè"},{"title":"海水难量","id":"HSNL","album":"《淮南子泰族训》：“太山不可丈尺也，江海不可斗斛也。”","translation":"海水是不可以去量的。比喻不可根据某人的现状就低估他的未来。","pronunciation":"hǎishuǐnánliáng"},{"title":"金篦刮目","id":"JGM","album":"梁启超《读〈日本书目志〉书后》：“然今及铁舰之未来功也，吾速以金篦刮目，槐柳取火，尤不容缓也。”","translation":"比喻翻然醒悟。","pronunciation":"jīnbìguāmù"},{"title":"继往开来","id":"JWKL","album":"明王守仁《传习录》上卷：“文公精神气魄大，是他早年合下便要继往开来，故一向只就考索著述上用功。”","translation":"继：继承；往：过去；来：未来。继承前人的事业；开辟未来的道路。","pronunciation":"jìwǎngkāilái"},{"title":"鉴往知来","id":"JWZL","album":"《诗经大雅荡》：“殷鉴不远，在夏后之世。”","translation":"鉴：仔细考察。仔细考察过去；就可以推知未来。","pronunciation":"jiànwǎngzhīlái"},{"title":"极往知来","id":"JWZL","album":"唐·柳宗元《迎长日赋》：“探赜索隐，得郊祀之元辰；极往知来，正邦家之大体。”","translation":"通晓过去，预知未来。","pronunciation":"jíwǎngzhīlái"},{"title":"苦心经营","id":"KXJY","album":"清梁启超《新中国未来记》第四回：“但专制政体不除，任凭你君相恁地苦心经营，民力是断不能发达的。”","translation":"苦心：用心劳苦。经营：筹划；安排。用尽心思筹划安排。","pronunciation":"kǔxīnjīngyíng"},{"title":"来日方长","id":"LRFC","album":"宋文天祥《与洪瑞明云岩书》：“某利郡后，颇与郡人相安，日来四处无虞，早收中熟，觉风雨如期，晚稻亦可望，惟是力绵求牧，来日方长。”","translation":"来日：未来的日子。方：正。将来的日子还长着呢。表示事有可为。","pronunciation":"láirìfāngcháng"},{"title":"来世不可待","id":"LSBKD","album":"《庄子·人间世》：“来世不可待，往世不可追也。”","translation":"对于未来的事，不可期望等待。","pronunciation":"láishìbùkědài"},{"title":"履霜之戒","id":"LSZJ","album":"清何琇《樵香小记》：“乱臣既得兵权，遂肇弑逆，圣人用示履霜之戒。”","translation":"走在霜上知道结冰的时候快要到来。比喻看到眼前的迹象而对未来提高警惕。","pronunciation":"lǚshuāngzhījiè"},{"title":"来者可追","id":"LZKZ","album":"先秦孔子《论语微子》：“往者不可谏，来者犹可追。”","translation":"过去的事已无法挽回，但是未来的事还来得及赶上。","pronunciation":"láizhěkězhuī"},{"title":"年富力强","id":"NFLQ","album":"先秦孔子《论语子罕》：“后生可畏”宋朱熹注：“孔子言后生年富力强，足以积学而有待，其势可畏。”","translation":"年：年岁；富：多；年富：未来的年岁多；指年轻；力：精力。年纪轻；精力旺盛。","pronunciation":"niánfùlìqiáng"},{"title":"人不可貌相，海水不可斗量","id":"RBKMXHSBKDL","album":"明·冯梦龙《醒世恒言》第三卷：“别是一番面目，想到：‘人不可貌相，海水不可斗量！’”","translation":"相：估量，评价。指不能以貌取人就像海水不能用斗来量一样","pronunciation":"rénbùkěmàoxiàng，hǎishuǐbùkědǒuliáng"},{"title":"屎滚尿流","id":"SGNL","album":"梁启超《新中国未来记》：“这些柔顺良民，却有什么法儿抵抗他呢？急得屎滚尿流，典衣服，卖儿女的将钱凑出缴去。”","translation":"形容惊恐之极。","pronunciation":"shǐgǔnniàoliú"},{"title":"数往知来","id":"SWZL","album":"《周易说卦》：“数往者顺，知来者逆。”","translation":"数：计算；往：过去；来：未来。明了过去，可以推知未来。","pronunciation":"shǔwǎngzhīlái"},{"title":"痛定思痛","id":"TDST","album":"唐韩愈《与李翱书》：“今而思之，如痛定之人，思当痛之时，不知何能自处也。”","translation":"悲痛的心情平静下来以后；回想遭受痛苦的情景；让人震撼；也让人警醒。形容所受痛苦的沉重；含有警醒的意思。痛：悲痛；哀苦；定：平静。","pronunciation":"tòngdìngsītòng"},{"title":"未卜先知","id":"WBXZ","album":"元无名氏《桃花女破法嫁周公》第三折：“卖弄杀《周易》阴阳谁似你，还有个未卜先知意。”","translation":"测知未来的吉凶祸福；这是一种迷信行为。形容有预见。卜：占卜；算卦。","pronunciation":"wèibǔxiānzhī"},{"title":"物竞天择","id":"WJTZ","album":"清·梁启超《新中国未来记》第三回：“因为物竞天择的公理，必要顺应著那时势的，才能够生存。”","translation":"达尔文进化论。谓万物在优胜劣汰的竞争中，通过变异、遗传和自然选择的发展过程。","pronunciation":"wùjìngtiānzé"},{"title":"远愁近虑","id":"YCJL","album":"清曹雪芹《红楼梦》第56回：“他这远愁近虑，不抗不卑，他们奶奶就不是和咱们好。”","translation":"形容过多的忧虑。","pronunciation":"yuǎnchóujìnlǜ"},{"title":"营营苟苟","id":"YYGG","album":"李大钊《现在与未来》：“就是那最时髦的政客，成日价营营苟苟，忙个不了……又那个不是为他将来的物质生活作预备呢？”","translation":"形容人不顾廉耻，到处钻营。","pronunciation":"yíngyínggǒugǒu"},{"title":"知来藏往","id":"ZLCW","album":"《周易系辞上》：“神以知来，知以藏往。”","translation":"指对未来有所预见，对已往心中了然。","pronunciation":"zhīláicángwǎng"},{"title":"彰往考来","id":"ZWKL","album":"语本《易·系辞下》：“夫《易》彰往而察来，而微显阐幽。”孔颖达疏：“往事必载，是彰往也；来事豫占，是察来也。”高亨注：“彰往，表明往事也。察来，观察来事也。”","translation":"谓彰明往事，考察未来。语本《易·系辞下》：“夫《易》彰往而察来，而微显阐幽。”孔颖达疏：“往事必载，是彰往也；来事豫占，是察来也。”高亨注：“彰往，表明往事也。察来，观察来事也。”","pronunciation":"zhāngwǎngkǎolái"}]}