{"items":[{"title":"碧海青天","id":"BHQT","album":"唐李商隐《嫦娥》：“嫦娥应悔偷灵药，碧海青天夜夜心。”","translation":"原是形容嫦娥在广寒宫夜夜看着空阔的碧海青天，心情孤寂凄凉。后比喻女子对爱情的坚贞。","pronunciation":"bìhǎiqīngtiān"},{"title":"醋海翻波","id":"CHFB","album":"","translation":"醋：比喻嫉妒。比喻男女间因爱情而引起的纠葛。","pronunciation":"cùhǎifānbō"},{"title":"笃新怠旧","id":"XDJ","album":"明吴承恩《〈留思录〉序》：“人情多笃新怠旧，而况违隔二年，遥遥五千里外，而民之歌之，犹邠人之思古公也。”","translation":"犹言喜新厌旧。喜欢新的，厌弃旧的。多指爱情不专一。","pronunciation":"dǔxīndàijiù"},{"title":"儿女情长","id":"ENQC","album":"南朝梁钟嵘《诗品晋司张华》：“尤恨儿女情多，风云气少。”","translation":"儿女：男女。比喻男女之间或家人之间的感情深厚；难舍难分。","pronunciation":"érnǚqíngcháng"},{"title":"耳闻目染","id":"EWMR","album":"丛维熙《北国草》第一章：“由于他小时候在巴黎耳闻目染的结果，爱情比同龄的年轻人要早醒得多。”","translation":"染：沾染。耳朵经常听到，眼睛经常看到，不知不觉地受到影响","pronunciation":"ěrwénmùrǎn"},{"title":"风花雪月","id":"FHXY","album":"宋邵雍《伊川击壤集序》：“虽死生荣辱，转战于前，曾未入于胸中，则何异四时风花雪月一过乎眼也。”","translation":"泛指四时景色。原指封建文学里描写自然景物四种对象。后比喻堆砌词藻；内容贫乏；思想感情　不健康的诗文。也比喻风流场中男女间恋爱的风流事或花天酒地的荒淫生活。","pronunciation":"fēnghuāxuěyuè"},{"title":"红豆相思","id":"HDXS","album":"唐王维《相思》诗：“红豆生南国，春来发几枝。愿君多采撷，此物最相思。”","translation":"红豆：又叫相思子；古人用以象征爱情。比喻男女相爱但又无法会面而引起的思念。","pronunciation":"hóngdòuxiāngsī"},{"title":"好事多磨","id":"HSDM","album":"宋晁端礼《安公子》：“是即是，从来好事多磨难。”","translation":"磨：艰难、障碍。指好的事情在进行的过程中往往要经历许多波折。也指真挚的爱情经常经历曲折。","pronunciation":"hǎoshìduōmó"},{"title":"绘声绘形","id":"HSHX","album":"孙犁《澹定集·读作品记》：“有些爱情的描写，虽是竭力绘声绘形，实在没有什么美的新意在其中。”","translation":"绘：描绘，描摹。形容叙述或描写生动逼真","pronunciation":"huìshēnghuìxíng"},{"title":"海誓山盟","id":"HSSM","album":"宋辛弃疾《南乡子赠妓》词：“别泪没些些，海誓山盟总是赊。”","translation":"指着山、海发誓；订立盟约。表示要象高山大海一样永恒不变。多指男女相爱相许时的誓约。誓：誓言；盟：盟约。也作“山盟海誓”。","pronunciation":"hǎishìshānméng"},{"title":"海约山盟","id":"HYSM","album":"宋·欧阳修《解仙佩》：“问海约山盟何时，镇教人，目断魂飞。”","translation":"见“海誓山盟”。","pronunciation":"hǎiyuēshānméng"},{"title":"佳人才子","id":"JRCZ","album":"宋·柳永《玉女摇仙佩·佳人》：“自古及今，佳人才子，少得当年双美。且恁相偎依。”","translation":"年轻貌美的女子和才华横溢的男子。泛指年貌相当，有婚姻或爱情关系的青年男女。","pronunciation":"jiāréncáizǐ"},{"title":"离魂倩女","id":"LHN","album":"元王实甫《西厢记》第三本第二折：“看你个离魂倩女，怎发付掷果潘安。”","translation":"倩女：美丽的少女。旧时指少女为爱情而死。","pronunciation":"líhúnqiànnǚ"},{"title":"流水桃花","id":"LSTH","album":"唐·李白《山中问答》诗：“桃花流水窅然去，别有天地非人间。”","translation":"形容春日美景。也比喻男女爱情。","pronunciation":"liúshuǐtáohuā"},{"title":"恋新忘旧","id":"LXWJ","album":"《群音类选·八声甘州·闺情》：“从他别后，杳无半纸音书，多应他恋新往旧，撇得我一日三餐如醉痴。”","translation":"恋慕新的，忘却旧的；对爱情不专一。","pronunciation":"liànxīnwàngjiù"},{"title":"连枝共冢","id":"LZG","album":"晋干宝《搜神记》第11卷：“便有大梓生于二冢之端，旬日而大盈抱，屈体相就，根交于下，枝错于上。”","translation":"比喻爱情坚贞不渝","pronunciation":"liánzhīgòngzhǒng"},{"title":"暮翠朝红","id":"MCCH","album":"清·徐瑶《太恨生传》：“余非登徒子，誓不效杂情奴态，暮翠朝红。”","translation":"形容爱情不专一。","pronunciation":"mùcuìcháohóng"},{"title":"眉目传情","id":"MMCQ","album":"元·王实甫《西厢记》第三本第一折：“只你那眉眼传情未了时。”","translation":"用眉眼的活动向对方表达自己的情意。常用来形容用眼色表示爱情。参见“眉来眼去”。","pronunciation":"méimùchuánqíng"},{"title":"情窦初开","id":"QCK","album":"清李渔《蜃中楼耳卜》：“我和你自情窦初开之际，就等到如今了。”","translation":"指刚刚懂得爱情（多指少女）。","pronunciation":"qíngdòuchūkāi"},{"title":"弃旧迎新","id":"QJYX","album":"明·冯梦龙《警世通言》第24卷：“想你见那男子弃旧迎新，你怀恨在心，药死亲夫，此情理或有之。”","translation":"丢弃旧人，迎接新人。谓爱情不专一。","pronunciation":"qìjiùyíngxīn"},{"title":"倩女离魂","id":"NLH","album":"唐·陈玄祐《离魂记》","translation":"旧指少女为爱情而死。","pronunciation":"qiànnǚlíhún"},{"title":"如影随形","id":"RYSX","album":"先秦管仲《管子任法》：“然故下之事上也，如响之应声也；臣之事主也，如影之从形也。”","translation":"好像影子老是跟着身体一样。比喻两个人关系亲密；常在一起。","pronunciation":"rúyǐngsuíxíng"},{"title":"誓海盟山","id":"SHMS","album":"明·凌濛初《二刻拍案惊奇》第六卷：“誓海盟山心已许，几番浅笑深颦。”","translation":"同“山盟海誓”。","pronunciation":"shìhǎiméngshān"},{"title":"山盟海誓","id":"SMHS","album":"宋辛弃疾《南乡子赠妓》词：“别泪没些些，海誓山盟总是赊。”","translation":"形容盟誓像山、海一样永世不变。多表示对爱情的坚贞。","pronunciation":"shānménghǎishì"},{"title":"誓山盟海","id":"SSMH","album":"明·胡文焕《群音类选·》：“顿忘了誓山盟海，顿忘了音书不寄来。”","translation":"同“山盟海誓”。","pronunciation":"shìshānménghǎi"},{"title":"天长地久","id":"TCDJ","album":"先秦李耳《老子》：“天长地久，天地所以能长且久者，以其不自生，故能长生。”","translation":"像天地一样长久永恒的意思。","pronunciation":"tiānchángdìjiǔ"},{"title":"天地长久","id":"TDCJ","album":"元·宫天挺《范张鸡黍》第三折：“此一去不回头，好教我这烦恼越感的天地长久。”","translation":"见“天长地久”。","pronunciation":"tiāndìchángjiǔ"},{"title":"桃花流水","id":"THLS","album":"唐李白《山中问答》诗：“桃花流水窅然去，别有天地非人间。”","translation":"形容春日美景。也比喻男女爱情。","pronunciation":"táohuāliúshuǐ"},{"title":"无冬无夏","id":"WDWX","album":"《诗经陈风宛丘》：“无冬无夏，值其鹭羽。”","translation":"无论冬天还是夏天。指一年四季从不间断。","pronunciation":"wúdōngwúxià"},{"title":"喜新厌旧","id":"XXYJ","album":"清文康《儿女英雄传》：“不怕你有喜新厌旧的心肠，我自有移星换斗的手段。”","translation":"厌：厌恶。喜欢新的；厌弃旧的。多指用情不专一。","pronunciation":"xǐxīnyànjiù"},{"title":"一见钟情","id":"YJZQ","album":"清墨浪子《西湖佳话》：“乃蒙郎君一见钟情，故贱妾有感于心。”","translation":"钟：集中；专注。男女之间一见面就产生很深的感情。","pronunciation":"yījiànzhōngqíng"},{"title":"英雄气短","id":"YXQD","album":"清文康《儿女英雄传》：“所以一开口便道是某某英雄志短，儿女情长。”","translation":"指有才能的人因沉迷于爱情而丧失进取心。","pronunciation":"yīngxióngqìduǎn"},{"title":"云心水性","id":"YXSX","album":"明·叶宪祖《鸾鎞记·喜谐》：“若是云心水性情分寡，怎供出梦蝶寻花。”","translation":"指女子作风轻浮，爱情不专一。","pronunciation":"yúnxīnshuǐxìng"},{"title":"之死靡它","id":"ZSMT","album":"《诗经鄘风柏舟》：“之死矢靡它。”","translation":"之：到；靡：没有；它：别的。到死也不变心。形容爱情专一，致死不变。现也形容立场坚定。","pronunciation":"zhīsǐmǐtā"}]}