{"items":[{"title":"搏牛之虻","id":"BNZ","album":"《史记·项羽本纪》：“夫搏牛之（虻），不可以破虮虱。”","translation":"原意是说主要目标应像击杀牛背上的虻虫一样去灭掉秦国，而不是像消除虮虱那样去与别人打败。后来比喻其志在大而不在小。","pronunciation":"bóniúzhīméng"},{"title":"版筑饭牛","id":"BZFN","album":"《书说命上》载：相传商代贤者傅说筑于傅岩，武丁用以为相。《吕氏春秋举难》载：春秋时卫国贤者宁戚饭牛车下，扣牛角而歌，桓公异之，拜为上卿。","translation":"版筑，造土墙；饭牛，喂牛。后以之为贤臣出身微贱之典。","pronunciation":"bǎnzhùfànniú"},{"title":"充栋汗牛","id":"CDHN","album":"语出唐·柳宗元《陆文通先生墓表》：“其为书，处则充栋宇，出则汗牛马。”","translation":"谓书籍堆得高及栋梁，多至牛马运得出汗。形容藏书或著述之富。语出唐柳宗元《陆文通先生墓表》：“其为书，处则充栋宇，出则汗牛马。”","pronunciation":"chōngdònghànniú"},{"title":"吹牛拍马","id":"CNPM","album":"鲁迅《伪自由书·后记》：“我想假如曾某能把那种吹牛拍马的精力……用到求实学一点上，所得不是要更多些吗？”","translation":"吹嘘奉承。","pronunciation":"chuíniúpāimǎ"},{"title":"槌牛酾酒","id":"NJ","album":"元·萨都刺《酬江月·过淮阴》词：“槌牛酾酒，英雄千古谁吊。”","translation":"杀牛滤酒。谓备肴酒以燕享。","pronunciation":"chuíniúshāijiǔ"},{"title":"椎牛飨士","id":"ZNS","album":"《后汉书·吴汉传》：“汉将轻骑迎与之战，不利，堕马伤膝，还营。……诸将谓汉曰：‘大敌在前，而公伤卧，众心惧矣。’汉乃勃然裹伤而起，椎牛飨士……于是军士激怒，人倍其气。”","translation":"椎牛：杀牛；飨士：犒劳军士。指慰劳作战的官兵。","pronunciation":"chuíniúxiǎngshì"},{"title":"初生牛犊不怕虎","id":"CSNDBPH","album":"明罗贯中《三国演义》第74回：“俗云：‘初生牛犊不惧虎。’”","translation":"牛犊：小牛；刚生下来的小牛不怕老虎。比喻年轻人勇敢胆大；无所畏惧；敢作敢为。也作“初生牛犊不惧虎”、“初生牛犊不畏虎”。","pronunciation":"chūshēngniúdúbùpàhǔ"},{"title":"床下牛斗","id":"CXND","album":"《晋书·殷仲堪传》：“仲堪父尝患耳聪，闻床下蚁动，谓之牛斗。”","translation":"听到床下蚂蚁动，误以为牛在相斗。形容体衰耳聪，极度过敏。","pronunciation":"chuángxiàniúdòu"},{"title":"喘月吴牛","id":"CYWN","album":"五代谭用之《寄王侍御》诗：“喘月吴牛知夜至，嘶风胡马识秋来。”","translation":"比喻因受某事物之苦而畏惧其类似者","pronunciation":"chuǎnyuèwúniú"},{"title":"对牛鼓簧","id":"DNGH","album":"《庄子·齐物论》“彼非所明而明之，故以坚白之昧终”晋·郭象注：“是犹对牛鼓簧耳，彼竟不明，故己之道术终于昧然也。”","translation":"见“对牛弹琴”。","pronunciation":"duìniúgǔhuáng"},{"title":"带牛佩犊","id":"DNPD","album":"《汉书·龚遂传》：“民有带持刀剑者，使卖剑买牛，卖刀买犊，曰：‘何为带牛佩犊。’”","translation":"原指汉宣帝时渤海太守龚遂诱使持刀剑起义的农民放弃武装斗争而从事耕种。后比喻改业归农。","pronunciation":"dàiniúpèidú"},{"title":"对牛弹琴","id":"DNDQ","album":"汉牟融《理惑论》：“公明仪为牛弹清角之操，伏食如故，非牛不闻，不合其耳矣。”","translation":"①比喻对蠢人谈论高深的道理；白费口舌（主要讥笑听话的人听不出所以）。②比喻说话时不看对象（主要讥讽说话的人）；对不懂道理的人讲道理；对外行人说内行话。常含有徒劳无功或讽刺对方愚蠢之意。","pronunciation":"duìniútánqín"},{"title":"多如牛毛","id":"DRNM","album":"《北史文苑传序》：“学者如牛毛，成者如麟角。”","translation":"多得像牛身上的毛。形容多得数不清。","pronunciation":"duōrúniúmáo"},{"title":"风马牛","id":"FMN","album":"唐段成式《酉阳杂俎盗侠》：“唐责之：‘某与公风马牛耳，不意盱眙相遇，实慕君子，何至驺卒不若也。’”","translation":"风：放逸，走失。指齐楚两地相离甚远，马牛不会走失至对方地界。后用以比喻事物之间毫不相干。同“风马牛不相及”。","pronunciation":"fēngmǎniú"},{"title":"风马牛不相及","id":"FMNBXJ","album":"先秦左丘明《左传僖公四年》：“君处北海，寡人处南海，唯是风马牛不相及也。”","translation":"风：放逸；走失；及：到达；碰头。指两地相隔很远；即使马、牛走失；也不会跑到对方境内。另种说法：兽类雌雄相诱叫“风”；马和牛不同类；不致相诱。比喻事物之间毫不相干。","pronunciation":"fēngmǎniúbùxiāngjí"},{"title":"服牛乘马","id":"FNCM","album":"《周易系辞下》：“服牛乘马，引重致远，以利天下。”","translation":"役使牛马驾车","pronunciation":"fúniúchéngmǎ"},{"title":"放牛归马","id":"FNGM","album":"《尚书武成》：“乃偃武修文，归马于华山之阳，放牛于桃林之野，示天下弗服。”","translation":"把作战用的牛马牧放。比喻战争结束，不再用兵。","pronunciation":"fàngniúguīmǎ"},{"title":"饭牛屠狗","id":"FNTG","album":"明·陈子龙《酬吴次尾》诗：“别来落魄吴楚间，饭牛屠狗俱无颜。”","translation":"①喻指从事低贱之事。②指从事贱业者。","pronunciation":"fànniútúgǒu"},{"title":"割鸡焉用牛刀","id":"GJYYND","album":"先秦孔子《论语阳货》：“子之武城，闻弦歌之声，夫子莞尔而笑曰：‘割鸡焉用牛刀？’”","translation":"杀只鸡何必用宰牛的刀。比喻办小事情用不着花大气力。","pronunciation":"gējīyānyòngniúdāo"},{"title":"归马放牛","id":"GMFN","album":"《尚书武成》：“乃偃武修文，归马于华山之阳，放牛于桃林之野，示天下弗服。”","translation":"把作战用的牛马牧放。比喻战争结束，不再用兵。","pronunciation":"guīmǎfàngniú"},{"title":"隔山买老牛","id":"GSMLN","album":"","translation":"比喻人办事冒失，没有弄清情况，就轻易决定。","pronunciation":"géshānmǎilǎoniú"},{"title":"汗牛充栋","id":"HNCD","album":"唐柳宗元《文通先生陆给事墓表》：“其为书，处则充栋宇，出则汗牛马。”","translation":"栋：栋宇；房屋。指藏书太多；运输时可使牛出汗；存放时可堆至屋顶。形容书籍极多。","pronunciation":"hànniúchōngdòng"},{"title":"汗牛充屋","id":"HNCW","album":"清·方东树《〈切问斋文抄〉书后》：“非要非玄，而冗长并录，是《书》不止百篇，《诗》不止三百。非惟汗牛充屋，不能尽载，且适以罔道迷人。”","translation":"同“汗牛充栋”。","pronunciation":"hànniúchōngwū"},{"title":"呼牛呼马","id":"HNHM","album":"庄周《庄子天道》：“昔者子呼我牛也，而谓之牛；呼我马也，而谓之马。”","translation":"呼：称呼。称我牛也好，称我马也好。比喻别人骂也好，称赞也好，决不计较。","pronunciation":"hūniúhūmǎ"},{"title":"汗牛塞栋","id":"HNSD","album":"明·唐顺之《胡贸棺记》：“余不自揆，尝取《左氏》、历代诸史及诸大家文字所谓汗牛塞栋者，稍删次之以从简约。”","translation":"同“汗牛充栋”。","pronunciation":"hànniúsāidòng"},{"title":"呼牛作马","id":"HNZM","album":"《庄子·天道》：“昔者子呼我牛也，而谓之牛，呼我马也，而谓之马。”","translation":"见“呼牛呼马”。","pronunciation":"hūniúzuòmǎ"},{"title":"襟裾马牛","id":"JMN","album":"语出唐韩愈《符读书城南》诗：“人不通古今，马牛而襟裾。”","translation":"像马牛穿上人的衣服。比喻没有头脑和无知。","pronunciation":"jīnjúmǎniú"},{"title":"鸡口牛后","id":"JKNH","album":"《战国策·韩策》：“臣闻鄙语曰：‘宁为鸡口，无为牛后。’”","translation":"宁愿做小而洁的鸡嘴，而不愿做大而臭的牛肛门。比喻宁在局面小的地方自主，不愿在局面大的地方听人支配。","pronunciation":"jīkǒuniúhòu"},{"title":"裾马襟牛","id":"MJN","album":"唐韩愈《符读书城南》诗：“人不通古今，马牛而襟裾。”","translation":"像马牛穿上人的衣服。比喻没有头脑和无知。亦作“襟裾马牛”。","pronunciation":"jūmǎjīnniú"},{"title":"九牛二虎之力","id":"JNEHZL","album":"元郑光祖《三战吕布》第三折：“兄弟，你不知他靴尖点地，有九牛二虎之力，休要放他小歇。”","translation":"九头牛和两只老虎的力气。比喻非常大的力气。","pronunciation":"jiǔniúèrhǔzhīlì"},{"title":"九牛拉不转","id":"JNLBZ","album":"清·文康《儿女英雄传》第三回：“旁人只说是慢慢的劝着就劝转来了，那知他早打了个九牛拉不转的主意，一言抄百总，任是谁说，算是去定了。”","translation":"形容态度十分坚决。","pronunciation":"jiǔniúlābùzhuàn"},{"title":"瘠牛羸豚","id":"N","album":"清梁启超《匈加利爱国者噶苏士传》：“杜兰斯哇人，撒逊人等，亦随其所敌视之马哥耶族，同成灰烬。瘠牛羸豚，坐待割。”","translation":"瘠：瘠瘦；羸：病弱的。瘦弱的牛和猪。比喻弱小的民族或国家","pronunciation":"jíniúléitún"},{"title":"九牛一毫","id":"JNYH","album":"陈毅《感事书怀》诗：“九牛一毫莫自夸，骄傲自满必翻车。”","translation":"九条牛身上的一根毛。比喻极其微小，微不足道","pronunciation":"jiǔniúyīháo"},{"title":"九牛一毛","id":"JNYM","album":"西汉司马迁《报任少卿书》：“假令仆伏法受诛，若九牛亡一毛，与蝼蚁何以异？”","translation":"九：表示多数。许多牛身上的一根毛。比喻极大数量中微不足道的一点。","pronunciation":"jiǔniúyīmáo"},{"title":"茧丝牛毛","id":"JSNM","album":"明郎瑛《七修续稿诗文》：“茧丝牛毛，充栋汗牛，字书之繁也；道听涂说，井蛙瓮鸡，学识之拘也。”","translation":"形容功夫细密。","pronunciation":"jiǎnsīniúmáo"},{"title":"鲸吸牛饮","id":"JXNY","album":"汉·韩婴《韩诗外传》第四卷：“桀为酒池，可以运舟，糟丘足以道望十里，一鼓而牛饮者三千人。”唐·杜甫《饮中八仙歌》：“饮如长鲸吸百川。：","translation":"鲸吸：像鲸鱼吸水一样。如鲸吸百川，似牛饮池水。比喻放量狂饮。","pronunciation":"jīngxīniúyǐn"},{"title":"扛鼎抃牛","id":"KD�\N","album":"《史记·项羽本纪》：“籍（项羽）长八尺余，力能扛鼎。”汉·杨雄《法言·渊骞》：“秦悼武、乌获、任鄙，扛鼎抃牛，非绝力也？”","translation":"扛鼎：把鼎举起来。抃牛：把两头相斗的牛位开。能把鼎举起来，能把相斗的两头牛拉开。形容勇武有力，超越常人。","pronunciation":"kángdǐngbiànniú"},{"title":"犁牛骍角","id":"LNJ","album":"春秋·鲁·孔丘《论语·雍也》：“子谓仲弓，曰：‘犁牛之子骍且角，虽欲勿用，山川其舍诸？’”","translation":"见“犁生骍角”。","pronunciation":"líniúmàijiǎo"},{"title":"老牛破车","id":"LNPC","album":"《宋书颜延之传》：“常乘赢牛笨车，逢峻卤簿，即屏往道侧。”","translation":"老牛拉着破车。比喻做事慢；成绩小；工作效率低。","pronunciation":"lǎoniúpòchē"},{"title":"老牛舐犊","id":"LND","album":"南朝宋范晔《后汉书杨彪传》：“子修为曹操所杀，操见彪问曰：‘公何瘦之甚？’对曰：‘愧无日磾先见之明，犹怀老牛舐犊之爱。’”","translation":"舐：舔；犊：小牛。老牛舔着小牛。比喻做父母的怜爱儿女。","pronunciation":"lǎoniúshìdú"},{"title":"犁牛之子","id":"LNZZ","album":"春秋·鲁·孔丘《论语·雍也》：“犁牛之子骍且角，虽欲勿用，山川其舍诸？”","translation":"比喻父虽不善却无损于其子的贤明。","pronunciation":"líniúzhīzǐ"},{"title":"马浡牛溲","id":"M�L","album":"明·王世懋《艺圃撷馀》：“杜子美出，而百家稗官都作雅音，马浡牛溲咸成郁致，于是诗之变极矣。”","translation":"见“马勃牛溲”。","pronunciation":"mǎbóniúsōu"},{"title":"马勃牛溲","id":"MBN","album":"清褚人获《坚瓠十集遗臭文词》：“马勃牛溲君受用，何须开口出而哇。”","translation":"马勃：马屁菌；牛溲：车前草。借指不值钱的东西","pronunciation":"mǎbóniúsōu"},{"title":"猕猴骑土牛","id":"HQTN","album":"《三国志·魏书·邓艾传》引《世语》：“君，名公之子，少有文采，故守吏职；猕猴骑土牛，又何迟也。”","translation":"比喻职位提升很慢。","pronunciation":"míhóuqítǔniú"},{"title":"卖剑买牛","id":"MJMN","album":"东汉班固《汉书循吏传龚遂》：“民有带持刀剑者，使卖剑买牛，卖刀买椟。”","translation":"卖掉刀剑；买进耕牛。形容改业归农；也形容离开战斗生活；从事生产劳动。","pronunciation":"màijiànmǎiniú"},{"title":"马面牛头","id":"MMNT","album":"《西湖二集文昌司怜才慢注禄籍》：“没慈心的马面牛头，两股叉，两条鞭，恶恶狠狠。”","translation":"比喻各种各样凶恶的人","pronunciation":"mǎmiànniútóu"},{"title":"马牛襟裾","id":"MNJ","album":"唐韩愈《符读书城南》诗：“人不通古今，马牛而襟裾。”","translation":"襟、裾：泛指人的衣服。马、牛穿着人衣。比喻人不懂得礼节。也比喻衣冠禽兽。","pronunciation":"mǎniújīnjū"},{"title":"买牛卖剑","id":"MNMJ","album":"元·朱庭玉《青杏子·归隐》：“归来好向林泉下，买牛卖剑，求田问舍，学圃耘瓜。”","translation":"见“买牛卖剑”。","pronunciation":"mǎiniúmàijiàn"},{"title":"马牛其风","id":"MNQF","album":"《书·费誓》：“马牛其风，臣妾逋逃，勿敢越逐。”孔颖达疏：“僖四年《左传》云：‘唯是风马牛不相及也。’贾逵云：‘风，放也，牝牡相诱谓之风。’然则马牛风佚，因牝牡相逐，而逐至放佚远去也。”","translation":"谓马、牛奔逸。《书·费誓》：“马牛其风，臣妾逋逃，勿敢越逐。”孔颖达疏：“僖四年《左传》云：‘唯是风马牛不相及也。’贾逵云：‘风，放也，牝牡相诱谓之风。’然则马牛风佚，因牝牡相逐，而逐至放佚远去也。”后用以表示互不相干。","pronunciation":"mǎniúqífēng"},{"title":"目牛无全","id":"MNWQ","album":"《庄子·养生主》：“始臣之解牛之时，所见无非牛者；三年之后，未尝见全牛也。”","translation":"《庄子·养生主》：“始臣之解牛之时，所见无非牛者；三年之后，未尝见全牛也。”后因以“目牛无全”比喻技艺纯熟或谋划高明。","pronunciation":"mùniúwúquán"},{"title":"买牛息戈","id":"MNXG","album":"明·何景明《雁门太守行》：“太守下牛，买牛息戈。”","translation":"犹言卖剑买牛。","pronunciation":"mǎiniúxīgē"},{"title":"目无全牛","id":"MWQN","album":"先秦庄周《庄子养生说》：“始臣之解牛之时，所见无非牛者；三年之后，未尝见全牛也。”","translation":"比喻技艺熟练到了得心应手的境界","pronunciation":"mùwúquánniú"},{"title":"牛不喝水强按头","id":"NBHSQAT","album":"清·曹雪芹《红楼梦》第46回：“家生女儿怎么样？‘牛不喝水强按头’吗？我不愿意，难道杀我老子娘不成！”","translation":"比喻用强迫手段使就范。","pronunciation":"niúbùhēshuǐqiǎngàntóu"},{"title":"牛刀割鸡","id":"NDGJ","album":"汉王充《论衡自纪》：“牛刀割鸡，舒戟采葵。”","translation":"杀只鸡用宰牛的刀。比喻大材小用。","pronunciation":"niúdāogējī"},{"title":"牛鼎烹鸡","id":"NDPJ","album":"《后汉书·边让传》：“函牛之鼎以烹鸡，多汁则淡而不可食，少汁则熬而不可熟。”","translation":"用煮一头牛的大锅煮一只鸡。比喻大材小用。","pronunciation":"niúdǐngpēngjī"},{"title":"牛刀小试","id":"NDXS","album":"宋苏轼《送欧阳主簿赴官韦城》诗：“读遍牙签三万轴，欲来小邑试牛刀。”","translation":"牛刀：宰牛的刀。用宰牛刀在小生物身上做试验。比喻有大本领而先在小事上略微施展一下。","pronunciation":"niúdāoxiǎoshì"},{"title":"牛高马大","id":"NGMD","album":"《小说月报》1981年第1期：“东宁县县委书记刘番成长得浓眉大眼，牛高马大。”","translation":"比喻人长得高大强壮。","pronunciation":"niúgāomǎdà"},{"title":"牛鬼蛇神","id":"NGSS","album":"唐杜牧《李贺诗序》：“牛鬼蛇神，不足为其虚荒诞幻也。”","translation":"牛头的鬼；蛇身的神。原形容李贺诗的想象奇特、虚幻怪诞。后多用于比喻形形色色的坏人。","pronunciation":"niúguǐshéshén"},{"title":"牛黄狗宝","id":"NHGB","album":"清·曹雪芹《红楼梦》第六十五回：“若大家好取和便罢，倘若有一点叫人过不去，我有本事先把你两个的牛黄狗宝掏了出来，再和那泼妇拼了这命，也不算是尤三姑奶奶！”","translation":"牛黄，牛胆囊中的结石；狗宝，狗脏器中的凝结物。两者都是内脏病变的产物，因以喻坏透了的心肠。","pronunciation":"niúhuánggǒubǎo"},{"title":"牛骥共牢","id":"NGL","album":"《晋书张载传》：“及其无事也，则牛骥共牢，利钝齐列，而无长涂犀革以决之，此离朱与瞽者同眼之说也。”","translation":"骥：好马。牛跟马同槽。比喻不好的人与贤人共处。","pronunciation":"niújìgòngláo"},{"title":"牛角挂书","id":"NJGS","album":"《新唐书·李密传》：“闻包恺在缑山，往从之。以蒲鞯乘牛，挂《汉书》一帙角上，行且读。”","translation":"比喻读书勤奋。","pronunciation":"niújiǎoguàshū"},{"title":"牛角书生","id":"NJSS","album":"《新唐书李密传》：“以蒲鞯乘牛，挂《汉书》一帙角上，行且读。”","translation":"比喻勤奋读书的人","pronunciation":"niújiǎoshūshēng"},{"title":"牛骥同槽","id":"NTC","album":"汉·焦赣《易林·升之小畜》：“牛骥同槽，郭氏以亡。”","translation":"见“牛骥同皁”。","pronunciation":"niújìtóngcáo"},{"title":"牛骥同皂","id":"NTZ","album":"汉焦赣《易林升之小畜》：“牛骥同槽，郭氏以亡。”","translation":"皂：牲口槽。牛跟马同槽。比喻不好的人与贤人同处。","pronunciation":"niújìtóngzào"},{"title":"牛角之歌","id":"NJZG","album":"春秋时，宁戚很穷，想见齐桓公而出仕，一天，乘桓公出城迎客的机会，在车下喂牛，“扣牛角疾歌”。桓公闻而赞其为“非常人”，命后车载之，拜为上卿。见《吕氏春秋·举难》、《晏子春秋·问下二》。汉·刘向《说苑·尊贤》亦载此事。","translation":"春秋时，宁戚很穷，想见齐桓公而出仕，一天，乘桓公出城迎客的机会，在车下喂牛，“扣牛角疾歌”。桓公闻而赞其为“非常人”，命后车载之，拜为上卿。见《吕氏春秋·举难》、《晏子春秋·问下二》。汉刘向《说苑·尊贤》亦载此事。后以“牛角之歌”、“牛下歌”为穷士自求用","pronunciation":"niújiǎozhīgē"},{"title":"牛口之下","id":"NKZX","album":"《史记·商君列传》：“夫五羖大夫，荆之鄙人也。闻秦缪公之贤而原望见，行而无资，自粥于秦客，被褐食牛。期年，缪公知之，举之牛口之下，而加之百姓之上，秦国莫敢望焉。”《吕氏春秋·举难》等又载有宁戚饭牛得到齐桓公赏识的事。","translation":"《史记·商君列传》：“夫五羖大夫，荆之鄙人也。闻秦缪公之贤而原望见，行而无资，自粥于秦客，被褐食牛。期年，缪公知之，举之牛口之下，而加之百姓之上，秦国莫敢望焉。”《吕氏春秋·举难》等又载有宁戚饭牛得到齐桓公赏识的事。后以“牛口之下”、“牛口”借指卑下的地","pronunciation":"niúkǒuzhīxià"},{"title":"牛郎织女","id":"NLZN","album":"《群音类选南西厢记》：“你影只形单，羞睹牛郎织女星。”","translation":"牛郎织女是从牵牛星和织女星两个星名衍化而成的传统神话中的两个主角。传说织女是天帝的孙女；织造云锦；但跟牛郎结婚以后；就中断织锦；致使天帝震怒；责令分离；每年七夕准相会一次。现比喻夫妻长期分离。","pronunciation":"niúlángzhīnǚ"},{"title":"牛马襟裾","id":"NMJ","album":"元·石德玉《秋胡戏妻》第三折：“我骂你个沐猴冠冕，牛马襟裾。”元·无名氏《举案齐眉》第一折：“教人道这乔男女，则是些牛马襟裾。”","translation":"犹言衣冠禽兽。","pronunciation":"niúmǎjīnjū"},{"title":"牛毛细雨","id":"NMXY","album":"清梁绍壬《两般秋雨庵随笔》第五卷：“牛毛细雨送斜阳。”","translation":"指极细的小雨。","pronunciation":"niúmáoxìyǔ"},{"title":"泥牛入海","id":"NNRH","album":"宋释道原《景德传灯录潭州龙山和尚》：“我见两个泥牛斗入海，直至如今无消息。”","translation":"泥塑的牛进入大海中就会化掉。比喻一去不返；杳无音信。","pronunciation":"níniúrùhǎi"},{"title":"牛溲马渤","id":"NMB","album":"清·李渔《闲情偶寄·居室·房舍》：“收牛溲马渤入药笼，用之得宜，其价值反在参苓之上。”","translation":"见“牛溲马勃”。","pronunciation":"niúsōumǎbó"},{"title":"牛溲马勃","id":"NMB","album":"唐韩愈《进学解》：“玉札丹砂，赤箭青芝，牛溲马勃，败鼓之皮，俱收并蓄，待用无遗者，医师之良也。”","translation":"牛溲：牛屎；一说指车前草。马勃：一种生长在湿地及腐木上的菌类植物；俗称牛尿和马屁菌。借指不值钱的下贱而有用的东西。","pronunciation":"niúsōumǎbó"},{"title":"牛头不对马面","id":"NTBDMM","album":"清李宝嘉《文明小史》第二十四回：“尽其所有写上，都是牛头不对马面。”","translation":"比喻答非所问或对不上号。","pronunciation":"niútóubùduìmǎmiàn"},{"title":"牛头不对马嘴","id":"NTBDMZ","album":"明冯梦龙《警世通言苏知县罗衫再合》：“见鬼，大爷自姓高，是江西人，牛头不对马嘴！”","translation":"比喻答非所问或两下不相合。","pronunciation":"niútóubùduìmǎzuǐ"},{"title":"牛听弹琴","id":"NTDQ","album":"瞿秋白《乱弹》：“现在，‘治于人的小人’，要想在无线电的播音里去听清楚昆曲的平上去入，自然是牛听弹琴，一窍不通了。”","translation":"比喻听不懂。","pronunciation":"niútīngdànqín"},{"title":"牛头马面","id":"NTMM","album":"《楞严经》：“牛头狱卒，马头罗刹，手执枪矟，驱入城门。”","translation":"佛家语；指阎王手下的两鬼卒；一个头像牛；一个面像马。现比喻各种各样凶恶的人。","pronunciation":"niútóumǎmiàn"},{"title":"牛童马走","id":"NTMZ","album":"唐·元稹《〈白氏长庆集〉序》：“然而二十年间，禁省、观寺、邮候墙壁之上无不书，王公妾妇、牛童马走之口无不道。”","translation":"旧时泛指地位卑下的人。牛童，牧童；马走，犹仆役。","pronunciation":"niútóngmǎzǒu"},{"title":"牛蹄之涔","id":"NTZ","album":"《淮南子汜论训》：“夫牛蹄之涔，不能生鳣鲔。”《淮南子俶真》：“牛蹄之涔，无尺之鲤。”北周庾信《为杞公让宗师表》：“况复一枝倦曲，终危九层之台；一股涔蹄，必伤千里之驾。”","translation":"涔：雨水。牛蹄印中的积水。形容水量极少。也比喻处在不能有所作为的境地。","pronunciation":"niútízhīcén"},{"title":"牛蹄之鱼","id":"NTZY","album":"《孔丛子·连丛子下》：“且今已乏矣，而方须租人，是犹古人欲决江海以救牛蹄之鱼之类也。”","translation":"见“牛蹄中鱼”。","pronunciation":"niútízhīyú"},{"title":"牛蹄中鱼","id":"NTZY","album":"三国（魏）应璩《与韦仲将书》：“诚恐将为牛蹄中鱼，卒鲍氏之肆矣。”","translation":"牛蹄：是指牛蹄印里的积水。牛蹄印坑里的鱼。比喻死期迫近。","pronunciation":"niútízhōngyú"},{"title":"宁为鸡口，不为牛后","id":"NWJKBWNH","album":"《战国策·韩策一》：“臣闻鄙语曰：‘宁为鸡口，无为牛后。’今大王西面交臂而臣事秦，何以异于牛后乎？”","translation":"牛后：牛的肛门。宁愿做小而洁的鸡嘴，而不愿做大而臭的牛肛门。比喻宁在局面小的地方自主，不愿在局面大的地方听人支配。","pronunciation":"nìngwéijīkǒu，bùwéiniúhòu"},{"title":"宁为鸡口，毋为牛后","id":"NWJKWWNH","album":"章炳麟《社会通诠商兑》：“宁为鸡口，毋为牛后，与使他人啖我而饱也，宁自啖而不足。”","translation":"比喻宁居小者之首，不为大者之后。同“宁为鸡口，无为牛后”。","pronunciation":"nìngwéijīkǒu，wúwéiniúhòu"},{"title":"宁为鸡口，无为牛后","id":"NWJKWWNH","album":"西汉刘向《战国策韩策一》：“臣闻鄙语曰：‘宁为鸡口，无为牛后。’今大王西面交臂而臣事秦，何以异于牛后？”","translation":"比喻宁居小者之首，不为大者之后","pronunciation":"nìngwéijīkǒu，wúwéiniúhòu"},{"title":"牛星织女","id":"NXZN","album":"汉·无名氏《古诗十九首》诗之十：“迢迢牵牛星，皎皎河汉女。”","translation":"即牛郎织女。","pronunciation":"niúxīngzhīnǚ"},{"title":"牛衣病卧","id":"NYBW","album":"宋·刘克庄《沁园春·再和林卿韵》词：“便羊裘归去，难留严子；牛衣病卧，肯泣王章？”","translation":"形容贫病交迫。","pronunciation":"niúyībìngwò"},{"title":"牛衣对泣","id":"NYDQ","album":"《汉书·王章传》：“初，章为渚生学长安，独与妻居。章疾病，无被，卧牛衣中；与妻决，涕泣。”","translation":"睡在牛衣里，相对哭泣。形容夫妻共同过着穷困的生活。","pronunciation":"niúyīduìqì"},{"title":"牛衣岁月","id":"NYSY","album":"清·曾国藩《送妹夫王五归》诗之四：“织屦辟纑终古事，牛衣岁月即羲皇。”","translation":"谓贫困的生活。","pronunciation":"niúyīsuìyuè"},{"title":"牛羊勿践","id":"NYWJ","album":"语出《诗·大雅·行苇》：“敦彼行苇，牛羊勿践履，方苞方体，维叶泥泥。”郑玄笺：“草木方茂盛，以其终将为人用，故周之先王为此爱之，况于人乎？”","translation":"勿使牛羊践踏。比喻爱护。语出《诗·大雅·行苇》：“敦彼行苇，牛羊勿践履，方苞方体，维叶泥泥。”郑玄笺：“草木方茂盛，以其终将为人用，故周之先王为此爱之，况于人乎？”","pronunciation":"niúyángwùjiàn"},{"title":"牛衣夜哭","id":"NYYK","album":"唐·温庭筠《上裴舍人启》：“今则阮路兴悲，商歌结恨；牛衣夜哭，马柱晨吟。”","translation":"见“牛衣对泣”。","pronunciation":"niúyīyèkū"},{"title":"牛之一毛","id":"NZYM","album":"《魏略》：“臣知言出必死，而臣自比于牛之一毛，生既无益，死亦何损？”","translation":"牛身上一根毛。比喻微不足道。亦作“九牛一毛”。","pronunciation":"niúzhīyīmáo"},{"title":"庖丁解牛","id":"DJN","album":"先秦庄周《庄子养生主》：“庖丁为文惠君解牛，手之所触……”","translation":"庖丁：厨师。厨师解割了全牛。比喻掌握了解事物客观规律的人；技术纯熟神妙；做事得心应手。","pronunciation":"páodīngjiěniú"},{"title":"气冲斗牛","id":"QCDN","album":"唐·崔融《咏宝剑》：“匣气冲牛斗，山形转辘轳。”宋·岳飞《题青泥赤壁》诗：“雄气堂堂贯斗牛，誓将真节报君仇。”","translation":"牛：牵牛星。斗：北斗星。指天空。原指宝剑的光气射入天际。后指气势很盛。亦作“气冲牛斗”。","pronunciation":"qìchōngdòuniú"},{"title":"气冲牛斗","id":"QCND","album":"唐杨炯《杜袁卅墓志铭》：“宝剑之沉，夜气冲于牛斗。”","translation":"牛：牵牛星；斗：北斗星；指天空。原指宝剑的光气射入天际。形容气势极盛；直冲星空。有时也指怒气极盛。","pronunciation":"qìchōngniúdǒu"},{"title":"气喘如牛","id":"QCRN","album":"清·文康《儿女英雄传》第三十九回：“脸是喝了个漆紫，连乐带忙，一头说着，只张着嘴，气喘如牛的拿了条大手巾擦那脑门子上的汗。”","translation":"形容大声喘气的模样。","pronunciation":"qìchuǎnrúniú"},{"title":"气克斗牛","id":"QKDN","album":"明胡文焕《群音类选〈千金记受辱胯下〉》：“俺自有翅排云，气克斗牛，怎肯与他年少成仇。”","translation":"斗：北斗星。牛：牵牛星。斗牛泛指星空。形容气魄很大。同“气吞牛斗”。","pronunciation":"qìkèdǒuniú"},{"title":"骑牛觅牛","id":"QNMN","album":"宋·释道原《景德传灯录·福州大安禅师》：“师即造于百丈，礼而问曰：‘学人欲求识佛，何者即是？’百丈曰：‘大似骑牛觅牛。’”","translation":"见“骑驴觅驴”。","pronunciation":"qíniúmìniú"},{"title":"牵牛下井","id":"QNXJ","album":"清彭养鸥《黑籍冤魂》第15回：“至如负贩经商，登山涉水，吃烟人更是牵牛下井。”","translation":"比喻事情棘手，很难办到。","pronunciation":"qiānniúxiàjǐng"},{"title":"敲牛宰马","id":"QNZM","album":"元·无名氏《千里独行》第四折：“两壁厢敲牛宰马，做一个庆喜的筵席。”","translation":"谓宰杀牲畜。","pronunciation":"qiāoniúzǎimǎ"},{"title":"气吞牛斗","id":"QTND","album":"明胡文焕《群音类选〈蟠桃记诞孙相庆〉》：“看兰孙，气吞牛斗，知不是等闲人。”","translation":"牛：牵牛星。斗：北斗星。牛斗泛指星空。形容气魄很大。","pronunciation":"qìtūnniúdǒu"},{"title":"齐王舍牛","id":"QWSN","album":"《孟子·梁惠王上》：“王（齐宣王）坐于堂上，有牵牛而过堂下者，王见之，曰：‘牛何之？’对曰：‘将以衅钟。’王曰：‘舍之。吾不忍其觳觫，若无罪而就死地。’对曰：‘然则废衅钟与？’曰：‘何可废也？以羊易之。’”","translation":"《孟子·梁惠王上》：“王（齐宣王）坐于堂上，有牵牛而过堂下者，王见之，曰：‘牛何之？’对曰：‘将以衅钟。’王曰：‘舍之。吾不忍其觳觫，若无罪而就死地。’对曰：‘然则废衅钟与？’曰：‘何可废也？以羊易之。’”后以“齐王舍牛”比喻帝王对臣民怀有恻隐之心。","pronunciation":"qíwángshěniú"},{"title":"气壮如牛","id":"QZRN","album":"刘玉民《骚动之秋》第十章：“‘我园艺场是书记的十大台柱子之一！’他会气壮如牛地告诉你。”","translation":"气很盛；但使人觉得笨拙。","pronunciation":"qìzhuàngrúniú"},{"title":"如牛负重","id":"RNFZ","album":"《佛说四十二章经》：“夫为道者，如牛负重，行深泥中。”","translation":"像牛负担着沉重的东西。比喻负担很重。","pronunciation":"rúniúfùzhòng"},{"title":"杀鸡焉用牛刀","id":"SJYYND","album":"先秦孔子《论语阳货》：“夫子莞尔而笑曰：‘割鸡焉用牛刀！’”","translation":"杀只鸡何必用宰牛的刀。比喻办小事情用不着花大气力。","pronunciation":"shājīyānyòngniúdāo"},{"title":"司马牛之叹","id":"SMNZT","album":"《论语颜渊》：“司马牛忧曰：‘人皆有兄弟，我独亡。’”","translation":"比喻对孑然一身、孤立无援的感叹。","pronunciation":"sīmǎniúzhītàn"},{"title":"散马休牛","id":"SMXN","album":"《书·武成》：“归马于华山之阳，放牛于桃林之野，示天下弗服”。蔡沈集传引《乐记》：“武王胜商，渡河而西，马散之华山之阳而弗复乘，牛放之桃林之野而弗复服”。","translation":"《书武成》：“归马于华山之阳，放牛于桃林之野，示天下弗服”。蔡沈集传引《乐记》：“武王胜商，渡河而西，马散之华山之阳而弗复乘，牛放之桃林之野而弗复服”。后称不兴战事为“散马休牛”。","pronunciation":"sànmǎxiūniú"},{"title":"鼠入牛角","id":"SRNJ","album":"《新五代史·南汉世家·刘玢》：“奈何吾子孙不肖，后世如鼠入牛角，势当渐小尔！”","translation":"比喻势力愈来愈小。","pronunciation":"shǔrùniújiǎo"},{"title":"兔角牛翼","id":"TJNY","album":"章炳麟《国故论衡·明见》：“若然，始者果不可知，即万论若兔角牛翼矣。”","translation":"兔不生角，牛不长翼，故以“兔角牛翼”喻不合情理之事。","pronunciation":"tùjiǎoniúyì"},{"title":"童牛角马","id":"TNJM","album":"汉扬雄《太玄更》：“童牛角马，不今不古。测曰，童牛角马，变天常也。”","translation":"童牛：没有角的牛；角马：长角的马。比喻不伦不类的东西。也比喻违反常理，不可能存在的事物。","pronunciation":"tóngniújiǎomǎ"},{"title":"土牛木马","id":"TNMM","album":"《关尹子八筹》：“知物之伪者，不必去物，譬如见土牛木马，虽情存牛马之名，而心忘牛马之实。”","translation":"泥塑的牛，木做的马。比喻没有实用的东西。","pronunciation":"tǔniúmùmǎ"},{"title":"屠所牛羊","id":"TSNY","album":"《大涅磐经·迦叶品》：“如囚趋市，步步近死，如牵牛羊诣于屠所。”","translation":"比喻临近死亡的人。","pronunciation":"túsuǒniúyáng"},{"title":"吴牛喘月","id":"WNCY","album":"汉应劭《风俗通》：“吴牛望月则喘；使之苦于日，见月怖，喘矣！”","translation":"吴牛：指产于江淮间的水牛。吴地水牛见月疑是日，因惧怕酷热而不断喘气。比喻因疑心而害怕。","pronunciation":"wúniúchuǎnyuè"},{"title":"问牛知马","id":"WNZM","album":"《汉书·赵广汉传》：“钩距者，设欲知马贾（价），则先问狗，已问羊，又问牛，然后及马，参伍其贾，以类相准，则知马之贵贱，不失实矣。”","translation":"比喻从旁推究，弄清楚事情真相。","pronunciation":"wènniúzhīmǎ"},{"title":"蜗行牛步","id":"WXNB","album":"","translation":"蜗牛爬行，老牛慢走。比喻行动或进展极慢。","pronunciation":"wōxíngniúbù"},{"title":"亡羊得牛","id":"WYDN","album":"《淮南子·说山训》：“亡羊而得牛，则莫不利失也。”","translation":"丢掉羊，得到牛。比喻损失小而收获大。","pronunciation":"wángyángdéniú"},{"title":"休牛归马","id":"XNGM","album":"语出《书·武成》：“乃偃武修文，归马于华山之阳，放牛于桃林之野，示天下书弗服。”《隋书·薛道衡传》：“于是八荒无外，九服大同，四海为家，万里为宅。乃休牛散马，偃武修文。”","translation":"亦作“休牛散马”。放归军用的牛马，表示停止战事。语本《书·武成》：“乃偃武修文，归马于华山之阳，放牛于桃林之野，示天下弗服。”","pronunciation":"xiūniúguīmǎ"},{"title":"休牛散马","id":"XNSM","album":"唐·魏徵寿《隋书·薛道衡传》：“于是八荒无外，九服大同，四海为家，万里为宅。乃休牛散马，偃武修文。”","translation":"见“休牛归马”。","pronunciation":"xiūniúsànmǎ"},{"title":"犀牛望月","id":"XNWY","album":"《关尹子五鉴》：“譬如犀牛望月，月形入角，特因识生，始有月形，而彼真月，初不在角。”","translation":"比喻见到的不全面。","pronunciation":"xīniúwàngyuè"},{"title":"蹊田夺牛","id":"TDN","album":"《左传·宣公十一年》：“‘牵牛以蹊人之田，而夺之牛。’牵牛以蹊者，信有罪矣；而夺之牛，罚已重矣。”","translation":"蹊：践踏；夺：强取。因牛践踏了田，抢走人家的牛。比喻罪轻罚重。","pronunciation":"xītiánduóniú"},{"title":"羞以牛后","id":"XYNH","album":"汉·阮瑀《为曹公作书与孙权》：“昔苏秦说韩，羞以牛后，韩王按剑，作色而怒。”","translation":"牛后：牛的肛门，比喻从属的地位。指不愿处在从属地位，为人牵制。","pronunciation":"xiūyǐniúhòu"},{"title":"犀照牛渚","id":"XZN","album":"《晋书·温峤传》：“扞温峤呴至牛渚矶，水深不可测，世云其下多怪物，峤遂燬犀角而照之。”","translation":"《晋书·温峤传》：“扞温峤呴至牛渚矶，水深不可测，世云其下多怪物，峤遂毁犀角而照之。须臾，见水族覆火，奇形异状，或乘马车着赤衣者。峤其夜梦人谓己曰：‘与君幽明道别，何意相照也？’意甚恶之。峤先有齿疾，至是拔之，因中风，至镇未旬而卒。”后多用“犀照牛渚”喻","pronunciation":"xīzhàoniúzhǔ"},{"title":"一牛吼地","id":"YNHD","album":"《翻译名义集·数量》：“拘卢舍，此云五百弓，亦云一牛吼地，谓大牛鸣声所极闻。或云一鼓声。《俱舍》云二里，《杂宝藏》云五里。”","translation":"谓牛鸣声可及之地。喻距离较近。","pronunciation":"yīniúhǒudì"},{"title":"一牛九锁","id":"YNJS","album":"汉·焦延寿《易林》卷十：“一牛九锁，更相牵挛，案明如市，不得东西，请谳得报，日中被刑。”","translation":"比喻无法解脱。","pronunciation":"yīniújiǔsuǒ"},{"title":"一牛鸣","id":"YNM","album":"唐王维《与苏卢二员外游方丈寺》诗：“回看双凤阙，相去一牛鸣。”","translation":"指牛鸣声可及之地。比喻距离较近。同“一牛吼地”。","pronunciation":"yīniúmíng"},{"title":"一牛鸣地","id":"YNMD","album":"清·钱谦益《山庄八景诗·锦峰晴晓》序：“其旁有锦峰书院，去山庄一牛鸣地。”","translation":"见“一牛吼地”。","pronunciation":"yīniúmíngdì"},{"title":"以羊易牛","id":"YYYN","album":"《孟子·梁惠王上》：“王坐于堂上，有牵牛而过堂下者。……曰：‘何可废也，以羊易之。’”","translation":"易：更换。用羊来替换牛。比喻用这个代替另一个。","pronunciation":"yǐyángyìniú"},{"title":"争猫丢牛","id":"ZMDN","album":"清·李绿园《歧路灯》第70回：“真正是争得猫儿丢了牛。”","translation":"比喻贪小失大。","pronunciation":"zhēngmāodiūniú"},{"title":"执牛耳","id":"ZNE","album":"先秦左丘明《左传哀公十七年》：“诸侯盟，谁执牛耳？”","translation":"古代诸侯订立盟约，要割牛耳歃血，由主盟国的代表拿着盛牛耳朵的盘子。故称主盟国为执牛耳。后泛指在某一方面居最有权威的地位。","pronunciation":"zhíniúěr"},{"title":"椎牛发冢","id":"ZNF","album":"宋·苏轼《策别》十七：“小者呼鸡逐狗，大者椎牛发冢，无所不至。”","translation":"亦作“椎牛发?冢”。杀牛盗墓。谓为盗无所不为，穷凶极恶。","pronunciation":"zhuīniúfāzhǒng"},{"title":"钻牛角尖","id":"ZNJJ","album":"老舍《神拳》第三幕：“凡事都要留有余地，别死钻牛角尖。”","translation":"比喻费力研究不值得研究或无法解决的问题。也指思想方法狭窄。","pronunciation":"zuānniújiǎojiān"},{"title":"椎牛歃血","id":"ZNX","album":"清·戴名世《纪红苗事》：“或欲有剽掠，则潜结众誓于神，椎牛歃血，乃出所获者，集而瓜分之。”","translation":"古时聚众盟誓，杀牛取其血含于口中或以血涂嘴唇，表示诚意。","pronunciation":"zhuīniúshàxuè"},{"title":"壮气吞牛","id":"ZQTN","album":"明孙梅锡《琴心记》第二十出：“男儿汉壮气吞牛，丈夫志岂困荒丘？”","translation":"形容气势雄壮远大。","pronunciation":"zhuàngqìtūnniú"}]}