{"items":[{"title":"白兔赤乌","id":"BTCW","album":"唐白居易《劝酒》诗：“天地迢迢自长久，白兔赤乌相趁走。”","translation":"月亮和太阳的代称。多借指时间。","pronunciation":"báitùchìwū"},{"title":"东门逐兔","id":"DMZT","album":"《史记·李斯列传》载：秦二世二年七月，丞相李斯因遭奸人诬陷，论腰斩咸阳市。临刑谓其中子曰：“吾欲与若复牵黄犬俱出上蔡东门逐狡兔，岂可得乎！”","translation":"见“东门黄犬”。","pronunciation":"dōngménzhútù"},{"title":"动如脱兔","id":"DRTT","album":"《孙子·九地》：“是故始如处女，敌人开户；后如脱兔，敌不及拒。”","translation":"比喻行动敏捷。","pronunciation":"dòngrútuōtù"},{"title":"待兔守株","id":"DTSZ","album":"宋·张君房《序》：“刻舟求剑，体貌何殊；待兔守株，旨意宁远。”","translation":"比喻墨守成规不知变通或妄想不劳而获，坐享其成。","pronunciation":"dàitùshǒuzhū"},{"title":"得兔忘蹄","id":"DTWT","album":"语出《庄子·外物》：“蹄者所以在兔，得兔而忘蹄。”","translation":"犹言得鱼忘荃。蹄，兔罝。语出《庄子·外物》：“蹄者所以在兔，得兔而忘蹄。”","pronunciation":"détùwàngtí"},{"title":"东兔西乌","id":"DTXW","album":"宋吴潜《瑞鹤仙》：“愁高怅远。身世事，但难准。况禁他，东兔西乌相逐，古古今今不问。”","translation":"兔、乌：古代神话传说中说，月亮里有玉兔，太阳里有三足金乌，所以用乌、兔代表日月。月亮东升，太阳西落。表示时光不断流逝。","pronunciation":"dōngtùxīwū"},{"title":"龟毛兔角","id":"GMTJ","album":"晋干宝《搜神记》第六卷：“商纣之时，大龟生毛，兔生角，兵甲将兴之象也。”","translation":"乌龟身上生毛，兔子头上长角。比喻不可能存在或有名无实的东西。","pronunciation":"guīmáotùjiǎo"},{"title":"狐死兔泣","id":"HSTQ","album":"《宋史叛臣传下李全传下》：“狐死兔泣，李氏灭，夏氏宁得独存？愿将军垂盼。”","translation":"比喻因同类的死亡而感到悲伤。","pronunciation":"húsǐtùqì"},{"title":"获兔烹狗","id":"HTPG","album":"清梁启超《论中国之将强》：“南洋一带，苟微华人，必不有今日。今虽获兔烹狗，得鱼忘筌。”","translation":"比喻事成后排斥以至杀害有功之臣","pronunciation":"huòtùpēnggǒu"},{"title":"狐兔之悲","id":"HTZB","album":"明·朱国桢《涌幢小品·黄叔度二诬辨》：“因视国家将倾，诸贤就戮，上之不能如孙登之污埋，次之不能如皇甫规之不与，下之不能兴狐兔之悲，方且沾沾自喜，因同志之死以为名高，是诚何忍哉。”","translation":"狐死则兔悲，兔死则狐亦悲。比喻因同类的死亡而感到痛心悲伤。","pronunciation":"hútùzhībēi"},{"title":"静如处女，动如脱兔","id":"JRCNDRTT","album":"《孙子·九地》：“是故始如处女，敌人开户；后如脱兔，敌不及拒。”","translation":"处女：未嫁的女子；脱兔：逃跑的兔子。指军队未行动时象未出嫁的姑娘那样持重；一行动就象飞跑的兔子那样敏捷。","pronunciation":"jìngrúchǔnǚ，dòngrútuōtù"},{"title":"静若处子，动若脱兔","id":"JRCZDRTT","album":"孙武《孙子九地》：“是故始如处女，敌人开户；后如脱兔，敌不及拒。”","translation":"指军队未行动时就像未出嫁的女子那样沉静，一行动就像逃脱的兔子那样敏捷","pronunciation":"jìngruòchǔzǐ，dòngruòtuōtù"},{"title":"见兔放鹰","id":"JTFY","album":"宋释普济《五灯会元》：“护圣不似老胡，拖泥带水，只是见兔放鹰，遇獐发箭。”","translation":"看到野兔，立即放出猎鹰追捕。比喻行动及时，适合需要。","pronunciation":"jiàntùfàngyīng"},{"title":"见兔顾犬","id":"JTGQ","album":"西汉刘向《战国策楚策四》：“见兔而顾犬，未为晚也。”","translation":"看到了兔子，再回头叫唤猎狗去追捕。比喻动作虽稍迟，但赶紧想办法，还来得及。","pronunciation":"jiàntùgùquǎn"},{"title":"狡兔死，良狗烹","id":"JTSLGP","album":"《韩非子内储说左下》：“狡兔尽则良犬烹，敌国灭则谋臣亡。《史记越王勾践世家》：“飞鸟尽，良弓藏；狡兔死，走狗烹。”","translation":"烹：烧煮。兔子死了，猎狗就被人烹食。比喻给统治者效劳的人事成后被抛弃或杀掉。","pronunciation":"jiǎotùsǐ，liánggǒupēng"},{"title":"狡兔三窟","id":"JTSK","album":"西汉刘向《战国策齐策四》：“狡兔有三窟，仅得免其死耳；今君有一窟，未得高枕而卧也。请为君复凿二窟。”","translation":"窟：洞穴。狡猾的兔子有三个洞穴。原比喻藏身的地方特别多；用来躲避灾难祸患。现多比喻掩盖的方法多；隐身的计划周密。","pronunciation":"jiǎotùsānkū"},{"title":"狡兔死，良犬烹","id":"JTSLQP","album":"《东周列国志》第八三回：“吾闻‘狡兔死而良犬烹’。敌国如灭，谋臣必亡。”","translation":"比喻给统治者效劳的人事成后被抛弃或杀掉。同“狡兔死，良狗烹”。","pronunciation":"jiǎotùsǐ，liángquǎnpēng"},{"title":"狡兔三穴","id":"JTSX","album":"《宋史·河渠志》：“乃是狡兔三穴，自为潜身之计。”","translation":"见“狡兔三窟”。","pronunciation":"jiǎotùsānxué"},{"title":"惊猿脱兔","id":"JYTT","album":"清·吴敬梓《儒林外史》第四十三回：“还亏得苗子的脚底板厚，不怕巉岩荆棘，就如惊猿脱兔，漫山越岭的逃散了。”","translation":"如受惊的猿猴、脱逃的兔子。形容迅速奔逃。","pronunciation":"jīngyuántuōtù"},{"title":"狼奔兔脱","id":"LBTT","album":"《冷眼观》第四回：“远远听见吆喝之声，由远而近……众人手忙脚乱，将桌上杯盘收拾干净，转眼间，狼奔兔脱，如鸟兽散去。”","translation":"形容仓皇逃窜。","pronunciation":"lángbēntùtuō"},{"title":"犬兔俱毙","id":"QTJB","album":"《战国策·齐策三》：“韩子卢者，天下之疾犬也；东郭逡者，海内之狡兔也。韩子卢逐东郭逡，环山者三，腾山者五，兔极于前，犬废于后，犬兔俱罢，各死其处。田父见之，无劳倦之苦而擅其功。”","translation":"比喻双方同归于尽。","pronunciation":"quāntùjǜbì"},{"title":"守如处女，出如脱兔","id":"SRCNCRTT","album":"《孙子·九地》：“是故始如处女，敌人开户；后如脱兔，敌不及拒。”","translation":"处女：未嫁的女子；脱兔：逃跑的兔子。指军队未行动时象未出嫁的姑娘那样持重；一行动就象飞跑的兔子那样敏捷。","pronunciation":"shǒurúchǔnǚ，chūrútuōtù"},{"title":"势若脱兔","id":"SRTT","album":"唐·陆龟蒙《杂讽》诗：“攻如饿鸱叫，势若脱兔急。”","translation":"势：攻势。脱：脱逃。对敌人攻击的速度极快，就像脱逃的兔子奔跑那样。","pronunciation":"shìruòtuōtù"},{"title":"狮象搏兔，皆用全力","id":"SXBTJYQL","album":"清·黄宗羲《序》：“沾沾卷石之菁华，一花之开落，与桑经郦注争长黄池，则是狮象搏兔，皆用全力尔。”","translation":"比喻对小事情也拿出全部力量认真对付。","pronunciation":"shīxiàngbótù，jiēyòngquánlì"},{"title":"狮子搏兔，亦用全力","id":"SZBTYYQL","album":"茅盾《谨严第一》：“狮子搏兔，亦用全力——这一句成语，最足以说明艺术匠们之无往而不谨严，丝毫不肯随便，”","translation":"比喻对小事情也拿出全部力量认真对付。同“狮象搏兔，皆用全力”。","pronunciation":"shīzǐbótù，yìyòngquánlì"},{"title":"守株待兔","id":"SZDT","album":"战国韩韩非《韩非子五蠹》：“宋人有耕田者，田中有株，兔也，触柱折颈而死。”","translation":"比喻死守狭隘经验；不知变通；或抱着侥幸心理妄想不劳而获。","pronunciation":"shǒuzhūdàitù"},{"title":"兔角龟毛","id":"TJGM","album":"《大智度论》第12卷：“如兔角龟毛，亦但有名而无实。”","translation":"兔生角，龟长毛。都是没有的事。比喻有名无实。","pronunciation":"tujiaoguimao"},{"title":"兔角牛翼","id":"TJNY","album":"章炳麟《国故论衡·明见》：“若然，始者果不可知，即万论若兔角牛翼矣。”","translation":"兔不生角，牛不长翼，故以“兔角牛翼”喻不合情理之事。","pronunciation":"tùjiǎoniúyì"},{"title":"兔葵燕麦","id":"TKYM","album":"唐·刘禹锡《再游玄都观绝句》：“重游玄都，荡然无复一树，唯兔葵燕麦，动摇于春风耳。”","translation":"形容景象荒凉。","pronunciation":"tùkuíyànmài"},{"title":"兔起凫举","id":"TQJ","album":"战国吕不韦《吕氏春秋论威》：“知其不可久处，则知所兔起凫举死殙之地矣。”","translation":"凫：野鸭。象兔敢奔跑，象野鸭急飞。比喻行动迅速。","pronunciation":"tǔqǐfújǔ"},{"title":"兔起鹘落","id":"TQL","album":"宋苏轼《文与可画蒷筜谷偃竹记》：“急起从之，振笔直遂，以追其所见，如兔起鹘落，少纵即逝矣。”","translation":"兔子刚起跑；鹘就猛扑下去。形容动作非常敏捷；比喻下笔快捷。鹘：打猎用的猛禽。","pronunciation":"tùqǐgǔluò"},{"title":"兔起乌沉","id":"TQWC","album":"《参同契》上卷：“昏明顺寒暑。”后蜀·彭晓注：“兔起乌沉，升降于三百八十四日。”","translation":"谓月出日落。","pronunciation":"tùqǐwūchén"},{"title":"兔缺乌沉","id":"TQWC","album":"唐·罗邺《冬日寄献庾员外》：“却思紫陌觥筹地，兔缺乌沉欲半年。”","translation":"犹兔走乌飞。","pronunciation":"tùquēwūchén"},{"title":"兔死狗烹","id":"TSGP","album":"西汉司马迁《史记越王勾践世家》：“蜚鸟尽，良弓藏；狡兔死，走狗烹。”","translation":"野兔捕杀了；猎狗无用；被煮着吃了。比喻事情成功之后；把效力有功的人抛弃或杀掉。","pronunciation":"tùsǐgǒupēng"},{"title":"兔死狐悲","id":"TSHB","album":"元汪元亨《折桂令归隐》曲：“鄙高位羊质虎皮，见非辜兔死狐悲。”","translation":"兔子死了；狐狸很悲伤。比喻因同类遭遇不幸而悲痛伤感。悲：悲伤。","pronunciation":"tùsǐhúbēi"},{"title":"兔死犬饥","id":"TSQJ","album":"明·张居正《答两广刘凝斋言贼情军情民情》：“鸟尽弓藏，兔死犬饥，故诸将士多张大贼势者，亦未可尽以为然也。”","translation":"比喻敌人灭亡后，功臣不受重用。","pronunciation":"tùsǐquǎnjī"},{"title":"兔丝燕麦","id":"TSYM","album":"《魏书李崇传》：“今国子虽有学官之名，而无教授之实，何异兔丝燕麦，南箕北斗哉？”","translation":"兔丝：菟丝子。菟丝不是丝，燕麦不是麦。比喻有名无实。","pronunciation":"tùsīyànmài"},{"title":"兔走鹘落","id":"TZL","album":"明·宋濂《佛光普照大师塔铭》：“行宣政院命长明之瑞云山清凉寺，学徒奔凑，机锋相加，如兔走鹘落，瞬目辄失。”","translation":"见“兔起鹘落”。","pronunciation":"tùzǒugǔluò"},{"title":"兔走乌飞","id":"TZWF","album":"唐韩琮《春愁》诗：“金乌长飞玉兔走，青鬓长青古无有。唐韦庄《秋日早行》诗：“行人自是心如火，兔走乌飞不觉长。”","translation":"乌：古代传说日中有三足乌，故称太阳为金乌；兔：古代传说中月中有玉兔，故称月亮为玉兔。形容光阴迅速流逝。","pronunciation":"tùzǒuwūfēi"},{"title":"乌踆兔走","id":"WTZ","album":"元·柳贯《题》诗：“茅龙飞去杳无迹，乌踆兔走双跳丸。”","translation":"指日月运行。兔，传说中的月中玉兔。借指月亮。","pronunciation":"wūcúntùzǒu"},{"title":"乌飞兔走","id":"WFTZ","album":"元不忽木《点绛唇辞朝》套曲：“你看这汛指间乌飞兔走，假若名利成，至如田园就，都是些去马来牛。”","translation":"乌：古代传说日中有三足乌，故称太阳为金乌；兔：古代传说中月中有玉兔，故称月亮为玉兔。形容光阴迅速流逝。","pronunciation":"wūfēitùzǒu"}]}