{"items":[{"title":"傲睨万物","id":"AWW","album":"宋黄庭坚《豫章文集跋俞秀老清老诗颂》第26卷：“清老往与余共学于涟水，其傲睨万物，滑稽以玩世，白首不衰。”","translation":"睨：斜视。斜着眼看一切事物。形容目空一切，什么都瞧不起。","pronunciation":"àonìwànwù"},{"title":"百宝万货","id":"BBWH","album":"清龚自珍《尊隐》：“天下法宗礼，族归心，鬼归祀，大川归道，百宝万货，人功精英，不翼而飞，府于京师。”","translation":"指大量珍宝财物。","pronunciation":"bǎibǎowànhuò"},{"title":"变化万端","id":"BHWD","album":"宋·张君房《云笈七签》第85卷：“于天柱山得石室内《九丹金液经》，能变化万端，不可胜纪。”","translation":"端：头绪。形容变化多种多样","pronunciation":"biànhuàwànduān"},{"title":"碧空万里","id":"BKWL","album":"权延赤《走下圣坛的周恩来休息与娱乐》：“冰峰林立，白云徜徉其间；碧空万里，与皑皑白雪上下辉映，幻化流转着七彩光芒。”","translation":"万里：指面积大，距离长。形容天气晴朗。","pronunciation":"bìkōngwànlǐ"},{"title":"包罗万象","id":"BLWX","album":"《黄帝宅经》上卷：“所以包罗万象，举一千从。”","translation":"包罗：收集、容纳；大范围的包括；万象：宇宙间万物万事的景象。包括了形形色色一切景象。形容内容丰富庞杂；无所不包。","pronunciation":"bāoluówànxiàng"},{"title":"苞笼万象","id":"BLWX","album":"隋·刘善经《四声论》：“夫四声者，无响不到，不言不摄，总括三才，苞笼万象。”","translation":"苞：通“包”，包含；笼：收罗；象：形状，样子。包含容纳一切。形容内容丰富，无所不包","pronunciation":"bāolóngwànxiàng"},{"title":"包罗万有","id":"BLWY","album":"郭沫若《浪漫主义和现实主义》：“他所关心的事，真是包罗万有。”","translation":"犹包罗万象。","pronunciation":"bāoluówànyǒu"},{"title":"拨万论千","id":"BWLQ","album":"元郑廷玉《忍字记》条二折：“谢兄弟肯留纳，我将那拨万论千这回罢，深山中将一个养家心来按捺。”","translation":"形容财产众多，花钱以万千计。","pronunciation":"bōwànlùnqiān"},{"title":"拨万轮千","id":"BWLQ","album":"元马致远《任风子》第一折：“一盏盏接入手，可都干干的咽，卖弄他掂斤播两，拨万轮千。”","translation":"形容财产众多，花钱以万千计。","pronunciation":"bōwànlúnqiān"},{"title":"百万买宅，千万买邻","id":"BWMZQWML","album":"《南史吕僧珍传》：“宋季雅罢南康郡，市宅居僧珍宅侧。僧珍问宅价。曰：‘一千一百万。’怪其贵。季雅曰：‘一百万买宅，千万买邻。’”","translation":"比喻好邻居千金难买。","pronunciation":"bǎwànmǎizhái,qiānwànmǎilín"},{"title":"八万四千","id":"BWSQ","album":"《法华经宝塔品》：“若持八万四千法藏，十二部经，为人演说。”","translation":"本为佛教表示事物众多的数字，后用以形容极多。","pronunciation":"bāwànsìqiān"},{"title":"百万雄兵","id":"BWXB","album":"宋赵葵《南乡子》词：“束发领西藩。百万雄兵掌握间，召到庙堂无一事，遭弹。”","translation":"人数众多、威武雄壮的军队。同“百万雄师”。","pronunciation":"bǎiwànxióngbīng"},{"title":"百万雄师","id":"BWXS","album":"宋张载《庆州大顺城记》：“百万雄师，莫可以前。”","translation":"雄：威武雄壮；师：军队。人数众多、威武雄壮的军队。","pronunciation":"bǎiwànxióngshī"},{"title":"报效万一","id":"BXWY","album":"清·曹雪芹《红楼梦》第十八回：“且今上体天地生生之大德，垂古今未有之旷恩，虽肝脑涂地，岂能报效万一！”","translation":"报效：为报答恩情而为之效力。指恩德极大，只给以微不足道的报答。","pronunciation":"bàoxiàowànyī"},{"title":"不远万里","id":"BYWL","album":"晋王嘉《拾遗记》第六卷：“门徒来学，不远万里。”","translation":"不以万里为远。形容不怕路途遥远。","pronunciation":"bùyuǎnwànlǐ"},{"title":"沉舟侧畔千帆过，病树前头万木春","id":"CZCPQFGBSQTWMC","album":"唐·刘禹锡《酬乐天扬州缝席上见赠》：“怀旧空吟闻笛赋，到郡翻似烂柯人。沉舟侧畔千帆过，病树前头万木春。”","translation":"沉：沉没；侧畔：旁边；帆：船。沉船旁边有很多船过，发病的树木旁边有很多茂盛的树木。比喻新生势力锐不可当","pronunciation":"chénzhōucèpànqiānfānguò，bìngshùqiántóuwànmùchūn"},{"title":"长城万里","id":"CCWL","album":"宋·陆游《休日留园中至暮乃归》：“长城万里知谁许，看镜空悲两鬓霜。”","translation":"指中国长城。比喻国家所依赖的大将或军队","pronunciation":"chángchéngwànlǐ"},{"title":"插架万轴","id":"CJWZ","album":"语出唐·韩愈《送诸葛觉往随州读书》诗：“邺侯家多书，插架三万轴。”","translation":"插架：将藏书安放在书架上。轴：古代书卷中的杆，借指书籍。形容藏书丰富。","pronunciation":"chājiàwànzhóu"},{"title":"成千成万","id":"CQCW","album":"叶圣陶《小病》：“倘若在广大的都城里，聚集了成千成万的听众，教伊当众唱出这很好的歌，该会增进人们彼此之间的了解。”","translation":"形容数量极多","pronunciation":"chéngqiānchéngwàn"},{"title":"成千累万","id":"CQLW","album":"《孽海花》第二六回：“再者我的手头散漫惯的，从小没学过做人家的道理，到了老爷这里，又由着我的性儿，成千累万的花。”","translation":"形容数量极多。","pronunciation":"chéngqiānlèiwàn"},{"title":"成千论万","id":"CQLW","album":"《镜花缘》第七一回：“你到女儿国酒楼戏馆去看，只怕异姓姐妹聚在一处的，还成千论万哩。”","translation":"犹言成千成万。形容数量极多。","pronunciation":"chéngqiānlùnwàn"},{"title":"成千上万","id":"CQSW","album":"清文康《儿女英雄传》第30回：“他看着那乌克斋、邓和公这班人，一帮动辄就是成千累万，未免就把世路人情看得容易了。”","translation":"成：达到一定数量；上：达到一定程度或数量。累计成千；达到万数。形容数量极多。也作“成千成万”、“成千累万”。","pronunciation":"chéngqiānshàngwàn"},{"title":"灯火万家","id":"DHWJ","album":"唐白居易《江楼夕望招客》：“灯火万家城四畔，星河一道水中央。”","translation":"家家都点上灯。指天黑上灯的时候。亦形容城镇夜晚的景象。","pronunciation":"dēnghuǒwànjiā"},{"title":"读书破万卷","id":"DSPWJ","album":"唐杜甫《奉赠韦左丞文二十韵》：“读书破万卷，下笔如有神。”","translation":"破：突破；引申为尽；通；卷：书籍的册数或篇章。刻苦而认真地学习；翻破了万卷书。形容读书很多；学识渊博。","pronunciation":"dúshūpòwànjuàn"},{"title":"读万卷书，行万里路","id":"DWJSXWLL","album":"曹靖华《采得百花酿蜜后》：“古人说：‘凡操千曲而后晓声，观千剑而后识器。’最好有‘读万卷书’的书本知识和‘行万里路’的生活知识。”","translation":"万：指很多。形容学问渊博，见多识广","pronunciation":"dúwànjuànshū，xíngwànlǐlù"},{"title":"腹饱万言","id":"FBWY","album":"明·冯梦龙《醒世恒言·苏小妹三难新郎》：“那秦观秀才字少游，他是扬州府高邮人，腹饱万言，眼空一世。”","translation":"指学识渊博。","pronunciation":"fùbǎowànyán"},{"title":"方寸万重","id":"FCWZ","album":"皇甫牧《步非烟》：“方寸万重，悉候晤语。”","translation":"方寸：指心。万重：多话。心里头有千言万语。","pronunciation":"fāngcùnwànchóng"},{"title":"封侯万里","id":"FHWL","album":"南朝·宋·范晔《后汉书·班超传》：“祭酒，布衣诸生耳，而当封侯万里之外。”","translation":"封：古代帝王分封部下；封侯：立功而得功名；万里：指边远地区。在边疆立功以求功名。形容志向高远，气度非凡","pronunciation":"fēnghóuwànlǐ"},{"title":"富轹万古","id":"FWG","album":"清·魏源《〈国朝古文类钞〉序》：“矧我圣清皞皞二百载，由治平升平而进于太平，元气长于汉，经术盛于唐，兵力物力幅员雄于宋，列圣御制诗文集、康煕《图书》、乾隆《四库》官书尤富轹万古。”","translation":"形容极其丰富，超越千秋万代。","pronunciation":"fùlìwàngǔ"},{"title":"伏尸百万，流血千里","id":"FSBWLXQL","album":"西汉·刘向《战国策·魏策》：“天子之怒，伏尸百万，流血千里。”","translation":"伏尸：横尸在地。形容杀人众多","pronunciation":"fúshībǎiwàn，liúxuèqiānlǐ"},{"title":"抚绥万方","id":"FSWF","album":"《尚书·太甲上》：“天监厥德，用集大命，抚绥万方。”","translation":"抚绥：安定、安抚；万方：万邦，万族。指安定天下。","pronunciation":"fǔsuíwànfāng"},{"title":"风云万变","id":"FYWB","album":"宋·胡宏《题上封寺》：“风云万变一瞬息，红尘奔走真徒劳。”","translation":"风云：比喻变化动荡的局势。像风云那样变化不定。比喻局势复杂，变化迅速，难以预料","pronunciation":"fēngyúnwànbiàn"},{"title":"扶摇万里","id":"FYWL","album":"《庄子·逍遥游》：“抟扶摇而上九万里。”","translation":"扶摇：急剧盘旋而上的暴风。暴风从下而上盘旋很高，风势急且大。","pronunciation":"fúyáowànlǐ"},{"title":"感慨万端","id":"GKWD","album":"季羡林《重返哥廷根》：“此情此景，人非木石，能不感慨万端吗？”","translation":"感慨：因有所感触而慨叹；万端：极多而纷繁。因深有感触而有许多慨叹。","pronunciation":"gǎnkǎiwànduān"},{"title":"感慨万千","id":"GKWQ","album":"路遥《平凡的世界》第二卷第30章：“孙玉厚坐在这里，心里忍不住感慨万千。”","translation":"因外界事物变化很大而引起许多感想、感触。","pronunciation":"gǎnkǎiwànqiān"},{"title":"光芒万丈","id":"GMWZ","album":"唐韩愈《调张籍》诗：“李杜文章在，光焰万丈长。”","translation":"形容光辉灿烂；照耀非常远。","pronunciation":"guāngmángwànzhàng"},{"title":"广厦万间","id":"GXWJ","album":"唐·杜甫《茅屋为秋风所破歌》：“安得广厦千万间，大庇天下寒士俱欢颜，风雨不动安如山。”","translation":"厦：大屋子。有很多宽敞的屋子。形容受到保护、得到周济的人很多。","pronunciation":"guǎngshàwànjiān"},{"title":"挂一漏万","id":"GYLW","album":"唐韩愈《南山》诗：“团辞试提挈，挂一念万漏。”","translation":"只说到一点；漏掉极多。形容列举不全；漏掉极多。","pronunciation":"guàyīlòuwàn"},{"title":"光焰万丈","id":"GYWZ","album":"唐韩愈《调张籍》诗：“李杜文章在，光焰万丈长。”","translation":"光焰：光辉。形容极其辉煌灿烂","pronunciation":"guāngyànwànzhàng"},{"title":"化被万方","id":"HBWF","album":"唐·柳宗元《为李谏议贺赦表》：“恩覃九有，化被万方。”","translation":"化：德化，以恩德感化；被：到；万方：四面八方。恩德感化四面八方","pronunciation":"huàbèiwànfāng"},{"title":"积财千万，不如薄技在身","id":"JCQWBRBJZS","album":"北齐·颜之推《颜氏家训·勉学》：“谚曰：‘积财千万，不如薄技在身。’技之易习而可贵者，无过读书也。”","translation":"积蓄财产，不如学点技术。","pronunciation":"jīcáiqiānwàn，bùrúbójìzàishēn"},{"title":"家财万贯","id":"JCWG","album":"清·无名氏《刘公案》第13回：“挣下的良田千顷，家财万贯，府县之中很有脸。”","translation":"万贯：古代用绳索穿钱，1贯＝1000文，钱很多。形容十分富有","pronunciation":"jiācáiwànguàn"},{"title":"计出万全","id":"JCWQ","album":"元戴良《论长孙无忌》：“无忌于此，亦可谓计出万全矣。”","translation":"万全：非常安全周到。形容计划非常稳当周密，决不会发生意外。","pronunciation":"jìchūwànquán"},{"title":"计出万死","id":"JCWS","album":"《宋书·武帝纪》：“不然。彼兵速锐，计出万死。”","translation":"谓谋划来自必死的决心。","pronunciation":"jìchūwànsǐ"},{"title":"家和万事兴","id":"JHWSX","album":"清·吴趼人《二十年目睹之怪现状》第87回：“大凡一家人过日子，总得要和和气气，从来说‘家和万事兴’，何况媳妇又没犯甚么事！”","translation":"家庭和睦才能做任何事情都能兴旺","pronunciation":"jiāhéwànshìxīng"},{"title":"惊惶万状","id":"JHWZ","album":"宋陈亮《谢杨解元启》：“忧患百罹而未艾，惊惶万状而莫支。”","translation":"惊惶：害怕；万状：各种样子，表示程度极深。形容害怕到了极点。","pronunciation":"jīnghuángwànzhuàng"},{"title":"惊恐万状","id":"JKWZ","album":"宋陈亮《谢杨解元启》：“忧患百罹而未艾，惊惶万状而莫支。”","translation":"万状：各种样子。惊慌恐惧得表现出各种形态。形容惊慌恐惧到了极点。","pronunciation":"jīngkǒngwànzhuàng"},{"title":"阶前万里","id":"JQWL","album":"《资治通鉴·唐纪·宣宗大中十二年》：“卿到彼为政甚善，朕皆知之，勿谓其远！此阶前万里也。”","translation":"远在万里之外，犹如近在眼前。比喻相隔虽远，却象在眼前一样。","pronunciation":"jiēqiánwànlǐ"},{"title":"家书抵万金","id":"JSDWJ","album":"唐·杜甫《春望》诗：“烽火连三月，家书抵万金。”","translation":"比喻家信的珍贵。","pronunciation":"jiāshūdǐwànjīn"},{"title":"经纬万端","id":"JWWD","album":"汉朝扬雄《法言·问神》：“神心恍惚，经续万方。”","translation":"比喻头绪极多。","pronunciation":"jīngwěiwànduān"},{"title":"渴尘万斛","id":"KCW","album":"","translation":"形容十分想念。","pronunciation":"kěchénwànhú"},{"title":"恐慌万状","id":"KHWZ","album":"毛泽东《星星之火，可以燎原》：“到现在还传为笑谈的所谓‘十分动摇’、‘恐慌万状’两句话。”","translation":"形容害怕惊慌到极点。","pronunciation":"kǒnghuāngwànzhuàng"},{"title":"狼狈万状","id":"LBWZ","album":"《新刊大宋宣和遗事》：“太上因暑热成病，狼狈万状。”","translation":"狼狈：窘迫的样子；万状：多种样子。形容极其困顿、窘迫。","pronunciation":"lángbèiwànzhuàng"},{"title":"力敌万夫","id":"LDWF","album":"唐·杨炯《唐上骑都尉高君神道碑》：“或体穷三变，潘陆不足以升堂；或力敌万夫，关张不足以扶毂。”","translation":"敌：对抗；夫：成年男子。形容勇力超人","pronunciation":"lìdíwànfū"},{"title":"流芳万古","id":"LFWG","album":"《大齐乡老举李义隽侪罗之碑》：“流芳万古，迹绝当今。”","translation":"流：流传；芳：花草的香味，比喻好的名声。指美名永远流传下去","pronunciation":"liúfāngwàngǔ"},{"title":"立马万言","id":"LMWY","album":"宋王十朋《梅溪王忠文公集上太守李端明书》：“唐翰林应长庚之梦，世号谪仙人，立马万言，而文章为天下之法。”","translation":"倚靠在马旁，马上写成一篇文章。形容才思敏捷。","pronunciation":"lìmǎwànyán"},{"title":"论千论万","id":"LQLW","album":"元刘君锡《来生债》第二折：“爹家里论千论万满箱满柜无数的银子。”","translation":"指成千上万，数量极多","pronunciation":"lùnqiānlùnwàn"},{"title":"离题万里","id":"LTWL","album":"毛泽东《反对党八股》：“其结果，往往是‘下笔千言，离题万里’，仿佛像个才子，实则到处害人。”","translation":"离：离开；题：题目；主题；题旨；万里：泛指很远。指说话或写文章同原先要表达的主题离得很远。","pronunciation":"lítíwànlǐ"},{"title":"雷霆万钧","id":"LWJ","album":"东汉班固《汉书贾山传》：“雷霆之所击，无不摧折者；万钧之所压，无不糜灭者。”","translation":"雷霆：暴雷；霹雳；钧：古代的重量单位；一钧合15公斤。形容威力极大；不可阻挡。","pronunciation":"léitíngwànyūn"},{"title":"名垂万古","id":"MCWG","album":"唐·杜甫《醉时歌》：“德尊一代常坎坷，名垂万古知何用。”","translation":"谓名声永远流传。","pronunciation":"míngchuíwàngǔ"},{"title":"明鉴万里","id":"MJWL","album":"清·李绿园《歧路灯》第89回：“谭道台昨夜筹画，果然明鉴万里。”","translation":"明：眼睛亮；鉴：洞察。对外面或远方的情况了解得很清楚。形容人料事准确，识见高明","pronunciation":"míngjiànwànlǐ"},{"title":"明见万里","id":"MJWL","album":"清李渔《比目鱼征利》：“真可谓明见万里，智察秋毫。”","translation":"对于外界或远方的情况，知道得很清楚。也比喻人有预见。","pronunciation":"míngjiànwànlǐ"},{"title":"泥金万点","id":"NJWD","album":"","translation":"指菊花名。","pronunciation":"níjīnwàndiǎn"},{"title":"鹏程万里","id":"PCWL","album":"先秦庄周《庄子逍遥游》：“鹏之徒于南冥也，水击三千里，抟扶摇而上者九万里。”","translation":"鹏：指传说中的大鸟；能飞行万里；程：里程。大鸟飞行的路程万里之遥。比喻前程远大。","pronunciation":"péngchéngwànlǐ"},{"title":"排除万难","id":"PCWN","album":"毛泽东《愚公移山》：“下定决心，不怕牺牲，排除万难，去争取胜利。”","translation":"排：排开。排除重重阻碍；克服各种各样的困难。","pronunciation":"páichúwànnán"},{"title":"鹏霄万里","id":"PXWL","album":"南唐·李中《献张拾遗》诗：“献替频陈忠誉播，鹏霄万里展雄飞。”","translation":"比喻前程远大。","pronunciation":"péngxiāowànlǐ"},{"title":"千遍万遍","id":"QBWB","album":"霍达《穆斯林的葬礼》第11章：“不管人们在此之前曾经怎样千遍万遍地谈论战争，还是被战争恶魔的突然到来震惊了。”","translation":"形容次数很多","pronunciation":"qiānbiànwànbiàn"},{"title":"千变万化","id":"QBWH","album":"先秦庄周《庄子田子方》：“独有一丈夫，儒服而立乎公门。公即召而问以国事，千变万化而不穷。”","translation":"形容变化非常多；没有穷尽。","pronunciation":"qiānbiànwànhuà"},{"title":"千兵万马","id":"QBWM","album":"《南史·陈庆之传》：“先是洛阳谣曰：‘名师大将莫自牢，千兵万马避白袍。’”明·陈继儒《珍珠船》卷四：“李翰言文章，当如千兵万马而无人声。”","translation":"犹千军万马。","pronunciation":"qiānbīngwànmǎ"},{"title":"千变万状","id":"QBWZ","album":"汉·伶玄《赵飞燕外传》：“后殿又为温室、凝缸室、浴兰室，曲房连槛，饰黄金白玉，以壁为表里，千变万状。”","translation":"变化繁多，呈现出各种情状。","pronunciation":"qiānbiànwànzhuàng"},{"title":"千变万轸","id":"QBW","album":"西汉·刘安《淮南子·诠言训》：“圣人之接物，千变万轸，必有不化而应化者。”","translation":"千变万化。轸，转。","pronunciation":"qiānbiànwànzhěn"},{"title":"千差万别","id":"QCWB","album":"宋释道原《景德传灯录文遂导师》：“僧问：‘如何是无异底事？’师曰：‘千差万别。’”","translation":"形容事物各不相同；有许多差别。","pronunciation":"qiānchāwànbié"},{"title":"千差万错","id":"QCWC","album":"梁启超《节本明儒学案·定宇语录》：“学问从身上寻求，纵千差万错，走来走去，及至水穷山尽，终要到这路上来。”","translation":"指差错很多或很大。","pronunciation":"qiānchàwàncuò"},{"title":"千仇万恨","id":"QCWH","album":"明·陶宗仪《南村辍耕录》：“与君一把无名火，烧尽千愁万恨。”","translation":"指数不清的仇恨。形容仇恨深","pronunciation":"qiānchóuwànhèn"},{"title":"千愁万恨","id":"QCWH","album":"宋杨万里《行路难》：“依欲与君子归去来，千愁万恨付一杯。”","translation":"千、万：形容多。极言愁苦怨恨之多。","pronunciation":"qiānchóuwànhèn"},{"title":"前程万里","id":"QCWL","album":"宋计有功《唐诗纪事》第51卷：“此儿可谓前程万里也。”","translation":"形容前程远大。比喻前途。","pronunciation":"qiánchéngwànlǐ"},{"title":"千村万落","id":"QCWL","album":"唐·杜甫《兵车行》：“君不闻汉家山东二百州，千村万落生荆杞。”","translation":"形容众多的村落。","pronunciation":"qiāncūnwànluò"},{"title":"千凑万挪","id":"QCWN","album":"清·曹雪芹《红楼梦》第72回：“通共一二十两银子，还不够三五天使用的呢，若不是我千凑万挪的，早不知过到什么破窑里去了。”","translation":"凑：凑集。千方百计筹集挪借资金。比喻尽力筹资","pronunciation":"qiāncòuwànnuó"},{"title":"千乘万骑","id":"QCWQ","album":"西汉·司马迁《史记·梁孝王世家》：“得赐天子旌旗，出从千乘万骑。”","translation":"形容车马之盛。","pronunciation":"qiānchéngwànqí"},{"title":"千愁万绪","id":"QCWX","album":"宋·柳永《女冠子》：“好天良夜，无端惹起千愁万绪。”","translation":"许许多多忧愁和思绪。","pronunciation":"qiānchóuwànxù"},{"title":"千仓万箱","id":"QCWX","album":"《诗经小雅甫田》：“乃求千斯仓，乃求万斯箱。”","translation":"形容因年成好，储存的粮食非常多。","pronunciation":"qiāncāngwànxiāng"},{"title":"千叮咛，万嘱咐","id":"QDWZF","album":"清·曹雪芹《红楼梦》第52回：“宝二夜今儿千叮咛，万嘱咐的，什么花姑娘草姑娘的，我们自然有道理！”","translation":"叮；叮咛；嘱：嘱咐。再三再四地嘱咐","pronunciation":"qiāndīngníng，wànzhǔfù"},{"title":"千刀万剁","id":"QDWD","album":"元·无名氏《争报恩》第三折：“干着你六问三推，生将我千刀万剁。”","translation":"本指古代凌迟的酷刑，后亦常用为咒骂语。","pronunciation":"qiāndāowànduò"},{"title":"千刀万剐","id":"QDWG","album":"元无名氏《玎玎珰珰盆儿鬼》第四折：“当堂判个斩字，即日押赶市曹，将他万剐千刀，凌迟处死。”","translation":"原指旧时代的一种酷刑……凌迟；后来咒骂坏人当受极刑　。","pronunciation":"qiāndāowànguǎ"},{"title":"千端万绪","id":"QDWX","album":"《汉武帝内传》：“求道益命，千端万绪，皆须五帝六甲灵飞之术。”","translation":"形容事情杂，头绪多。","pronunciation":"qiānduānwànxù"},{"title":"千叮万嘱","id":"QDWZ","album":"元杨显之《潇湘雨》第四折：“我将你千叮万嘱，你偏放人长号短哭。”","translation":"叮：叮咛。反复叮嘱；再三吩咐。","pronunciation":"qiāndīngwànzhǔ"},{"title":"千恩万谢","id":"QEWX","album":"明·施耐庵《水浒全传》第一百四回：“李助是个星卜家，得了银子，千恩万谢的辞了范全、王庆，来到段家庄回复。”","translation":"一再表示感恩和谢意。","pronunciation":"qiānēnwànxiè"},{"title":"千峰万壑","id":"QFW","album":"明·沈榜《宛署杂记·山川》：“每大雪初霁，千峰万壑，积素凝华，若图画然，为京师八景之一。”","translation":"犹千岩万壑。","pronunciation":"qiānfēngwànhè"},{"title":"千方万计","id":"QFWJ","album":"《敦煌变文降魔变文》：“若论肯卖，不诤价之高低；若死腰楔，方便直须下脱。千方万计，不得不休。”","translation":"想尽或用尽一切办法。同“千方百计”。","pronunciation":"qiānfāngwànjì"},{"title":"千沟万壑","id":"QGW","album":"贺敬之《放声歌唱》：“面前，还有望不断的千沟万壑。”","translation":"①形容沟壑极多。②比喻道路坎坷不平。","pronunciation":"qiāngōuwànhè"},{"title":"千呼万唤","id":"QHWH","album":"唐白居易《琵琶行》诗：“千呼万唤始出来，犹抱琵琶半遮面。”","translation":"多次呼唤；再三催促。","pronunciation":"qiānhūwànhuàn"},{"title":"千唤万唤","id":"QHWH","album":"宋·释普济《五灯会元·智门祚禅师法嗣》：“师曰：‘却须吃棒，上堂啰舌沸，千唤万唤露柱因甚么不回头？’良久曰：‘美食不中饱，人吃便下座。’”","translation":"唤：呼唤。比喻多次呼唤，再三催促","pronunciation":"qiānhuànwànhuàn"},{"title":"千欢万喜","id":"QHWX","album":"明·伏雌教主《醋葫芦》第三回：“阿猫千欢万喜，领谢而去。”","translation":"形容非常高兴","pronunciation":"qiānhuānwànxǐ"},{"title":"千回万转","id":"QHWZ","album":"清曹雪芹《红楼梦》第98回：“自此，宝钗千回万转，想了一个主意。”","translation":"形容经过很多曲折或反复考虑。","pronunciation":"qiānhuíwànzhuǎn"},{"title":"千红万紫","id":"QHWZ","album":"宋·辛弃疾《水龙吟·寄题京口范南伯知县家文官花》词：“人间得意，千红万紫，转头春尽。”","translation":"①形容百花竞艳。②借指百花。","pronunciation":"qiānhóngwànzǐ"},{"title":"千汇万状","id":"QHWZ","album":"宋·蔡梦弼《草堂诗话》第一卷：“逮至子美之诗，周情孔思，千汇万状，茹古涵今，无有涯也。”","translation":"种类纷繁，形态多样。","pronunciation":"qiānhuìwànzhuàng"},{"title":"巧捷万端","id":"QJWD","album":"","translation":"巧捷：机灵敏捷。万端：变化极多。机灵敏捷，变化多端。形容动作或思维机敏，变化极多。","pronunciation":"qiǎojiéwànduān"},{"title":"千家万户","id":"QJWH","album":"孙犁《画的梦》：“千家万户的年画，给了我很多知识。”","translation":"众多人家。","pronunciation":"qiānjiāwànhù"},{"title":"千军万马","id":"QJWM","album":"《梁书陈庆之传》：“先是洛阳童谣曰：‘名师大将莫自牢，千兵万马避白袍。’”","translation":"有千军万马。形容人很多；势力强大。","pronunciation":"qiānjūnwànmǎ"},{"title":"千娇万态","id":"QJWT","album":"唐·徐凝《牡丹》诗：“何人不爱牡丹花，占断城中好物华。疑是洛川神女作，千娇万态破朝霞。”","translation":"娇：妩媚可爱。形容女性容貌极其美好","pronunciation":"qiānjiāowàntài"},{"title":"晴空万里","id":"QKWL","album":"曹靖华《碧海墨林油香飘》：“这里却像中国仲秋的天气，秋高气爽，晴空万里。”","translation":"晴空：晴朗的天空。形容天空晴朗，没有一点云彩","pronunciation":"qíngkōngwànlǐ"},{"title":"千了万当","id":"QLWD","album":"宋·朱熹《朱子语类》第97卷：“一切两断，千了万当。”","translation":"见“千了百当”。","pronunciation":"qiānlewàndāng"},{"title":"千龄万代","id":"QLWD","album":"唐·卢照邻《怀仙引》：“天长地久时相忆，千龄万代一来游。”","translation":"犹千秋万代。极言岁月长久。","pronunciation":"qiānlíngwàndài"},{"title":"千门万户","id":"QMWH","album":"西汉司马迁《史记孝武本纪》：“于是作建章宫，度为千门万户。”","translation":"形容房屋广大或住户极多。","pronunciation":"qiānménwànhù"},{"title":"千难万苦","id":"QNWK","album":"邓小平《目前的形势和任务》：“因为有党的领导，中国人民经过千难万苦的奋斗，终于建立了中华人民共和国。”","translation":"犹千辛万苦。","pronunciation":"qiānnánwànkǔ"},{"title":"千难万难","id":"QNWN","album":"元·金仁杰《追韩信》第二折：“干功名千难万难，求身仕两次三番。”","translation":"犹言好不容易。","pronunciation":"qiānnánwànnán"},{"title":"千难万险","id":"QNWX","album":"元杨景贤《西游记》第五本第四折：“火焰山千难万险。”","translation":"形容困难和危险极多。","pronunciation":"qiānnánwànxiǎn"},{"title":"千年万载","id":"QNWZ","album":"元·无名氏《来生债》第三折：“谁不知道庞居士误放了来生债，我则待显名儿千年万载。”","translation":"形容久远的年代","pronunciation":"qiānniánwànzhǎi"},{"title":"千秋万代","id":"QQWD","album":"唐刘长卿《哭陈歙州》：“千秋万古葬平原，素业清风及子孙。”","translation":"千秋：千年。一千年；一万代。世世代代；指很多很多的年代。","pronunciation":"qiānqiūwàndài"},{"title":"千秋万古","id":"QQWG","album":"唐·刘希夷《公子行》：“百年同谢西山日，千秋万古北邙尘。”","translation":"犹言千秋万代，形容岁月长久。","pronunciation":"qiānqiūwàngǔ"},{"title":"千秋万岁","id":"QQWS","album":"先秦韩非《韩非子显学》：“今巫祝之祝人曰：‘使若千秋万岁。’千秋万岁之声聒耳，而一日之寿无征于人。”","translation":"千年万年。形容岁月长久。","pronunciation":"qiānqiūwànsuì"},{"title":"千秋万世","id":"QQWS","album":"西汉·司马迁《史记·梁孝王世家褚少孙论》：“梁王上有太后之重，骄蹇日久，数闻景帝好言，千秋万世之后传王，而实不行。”","translation":"①千年万年，形容岁月长久。②婉言帝王之死。","pronunciation":"qiānqiūwànshì"},{"title":"千千万万","id":"QQWW","album":"唐杜牧《晚晴赋》：“千千万万之状容兮，不可得而状也。”","translation":"形容为数极多。","pronunciation":"qiānqiānwànwàn"},{"title":"青钱万选","id":"QQWX","album":"《新唐书张荐传》：“员外郎员半千数为公卿称‘鷟文辞犹青铜钱，万选万中’。”","translation":"比喻文章出众。","pronunciation":"qīngqiánwànxuǎn"},{"title":"千山万壑","id":"QSW","album":"南朝宋刘义庆《世说新语》：“顾长康从会稽还，人问山川之美。顾云：‘千岩竞秀，万壑急流，草木蒙笼其上，若云兴霞蔚。’”","translation":"壑：山沟。许许多多的山和沟。","pronunciation":"qiānshānwànhè"},{"title":"千生万劫","id":"QSWJ","album":"《剪灯余话·幔亭遇仙录》：“千生万劫难得见，如何一旦皆相亲。”","translation":"世世代代，永久。","pronunciation":"qiānshēngwànjié"},{"title":"千丝万缕","id":"QSWL","album":"宋辛弃疾《蝶恋花》：“会少离多看两鬓。万缕千丝，何况新来病。”","translation":"缕：线。千根丝；万条线。形容两者之间密切而复杂的联系。","pronunciation":"qiānsīwànlǚ"},{"title":"千思万虑","id":"QSWL","album":"唐·刘禹锡《将赴汝州途出浚下留辞李相公》：“千思万虑尽如空，一笑一言真可贵。”","translation":"形容反复思考或多方面思考。","pronunciation":"qiānsīwànlǜ"},{"title":"千山万水","id":"QSWS","album":"唐宋之问《至端州驿见杜审言沈佺期题壁慨然成咏》诗：“岂意南中歧路多，千山万水分乡县。”","translation":"形容山水很多。比喻路途艰险、遥远。","pronunciation":"qiānshānwànshuǐ"},{"title":"千水万山","id":"QSWS","album":"清·洪昇《长生殿·尸解》：“我只道轻魂弱魄飞能去，又谁知千水万山途转修。”","translation":"见“千山万水”。","pronunciation":"qiānshuǐwànshān"},{"title":"千生万死","id":"QSWS","album":"明·罗贯中《三国演义》第33回：“吾等千生万死，身冒血战，夺得城池。”","translation":"谓历尽艰险。","pronunciation":"qiānshēngwànsǐ"},{"title":"千思万想","id":"QSWX","album":"明袁宏道《去吴七牍乞归稿一》：“千思万想，惟有乞休归田一节，可以慰此朝夕悬望之情而已耳。”","translation":"无数遍的思索、考虑。犹言千思万虑。形容用心极苦。","pronunciation":"qiānsīwànxiǎng"},{"title":"千妥万当","id":"QTWD","album":"清·文康《儿女英雄传》第一回：“兄弟这里，却有一个千妥万当的人。”","translation":"当：适合。十分妥当","pronunciation":"qiāntuǒwàndàng"},{"title":"千条万端","id":"QTWD","album":"《后汉书·吴汉传》：“帝闻大惊，让汉曰：‘比敕公千条万端，何意临事勃乱！’”","translation":"犹言千言万语。","pronunciation":"qiāntiáowànduān"},{"title":"气吞万里","id":"QTWL","album":"宋·辛弃疾《永遇乐·京口北固亭怀古》：“想当年，金戈铁马，气吞万里如虎。”","translation":"气：气势；吞：吞掉。形容气魄宏大","pronunciation":"qìtūnwànlǐ"},{"title":"千条万缕","id":"QTWL","album":"宋·欧阳修《渔家傲》词之十：“天与多情丝一把，谁厮惹，千条万缕萦心下。”","translation":"形容条缕繁多。","pronunciation":"qiāntiáowànlǚ"},{"title":"千妥万妥","id":"QTWT","album":"清·曹雪芹《红楼梦》第46回：“到底是太太有智谋，这是千妥万妥。”","translation":"十分妥当","pronunciation":"qiāntuǒwàntuǒ"},{"title":"千头万绪","id":"QTWX","album":"宋朱熹《朱子类语》：“人只是此仁义礼智四种心，如春夏秋冬，千头万绪，只是此四种心发出来。”","translation":"形容事情头绪很多；复杂纷繁。","pronunciation":"qiāntóuwànxù"},{"title":"千头万序","id":"QTWX","album":"《敦煌变文集·无常经讲经文》：“火宅驱牵常煎炒，千头万序何时了。”","translation":"见“千头万绪”。","pronunciation":"qiāntóuwànxù"},{"title":"千条万绪","id":"QTWX","album":"《朱子语类》卷四一：“千条万绪，贯通来只是一个道理。夫子所以说‘吾道一以贯之’，曾子曰‘忠恕而已矣’，是也。”","translation":"犹千端万绪。","pronunciation":"qiāntiáowànxù"},{"title":"千推万阻","id":"QTWZ","album":"明·朱权《荆钗记》第四十六出：“邓尚书说亲，直恁千推万阻；见王太守乐意，却不顾五典三纲。”","translation":"推：推拖。阻：阻拦。多次推拖阻拦。形容百般推辞、拒绝。","pronunciation":"qiāntuīwànzǔ"},{"title":"千态万状","id":"QTWZ","album":"南朝·梁武帝《龙教寺碑》：“浮屠涌现，千态万状。”《宣和画谱·山水》：“于高堂素壁放手作长松巨木，回溪断崖，岩岫纔绝，峰峦秀起，云烟变灭晻霭之间，千态万状。”","translation":"极言状态之多。","pronunciation":"qiāntaiwànzhuàng"},{"title":"千万买邻","id":"QWML","album":"《南史吕僧珍传》：“一百万买宅，千万买邻。”","translation":"指好邻居的难得可贵。","pronunciation":"qiānwànmǎilín"},{"title":"千绪万端","id":"QXWD","album":"《晋书·陶侃传》：“终日敛膝危坐，阃外多事，千绪万端，罔有遗漏。”","translation":"犹千端万绪。","pronunciation":"qiānxùwànduān"},{"title":"千辛万苦","id":"QXWK","album":"元无名氏《飞刀对箭》：“我受了些热血相喷，万苦千辛，恰便似翻滚滚的雪浪里逃生。”","translation":"许许多多；各种各样的辛劳艰苦。","pronunciation":"qiānxīnwànkǔ"},{"title":"气象万千","id":"QXWQ","album":"宋范仲淹《岳阳楼记》：“浩浩荡荡，横无际涯，朝晖夕阴，气象万千，此则岳阳楼之大观也。”","translation":"气象：景象；万千：泛指极多。形容景象或事物壮丽而多变化。","pronunciation":"qìxiàngwànqiān"},{"title":"千形万态","id":"QXWT","album":"梁启超《慧观》：“各自占一世界，而各自谓世界之大，已尽于是，此外千形万态，非所见也。”","translation":"形：形状。多种多样的形状","pronunciation":"qiānxíngwàntài"},{"title":"千形万状","id":"QXWZ","album":"明·李东阳《题枯苍陈氏画》：“摩拟肖似，而极于变化，千形万状，不可窥测。”","translation":"各式各样的形状。形容变化多。","pronunciation":"qiānxíngwànzhuàng"},{"title":"屈一伸万","id":"QYSW","album":"《吴越春秋·王僚使公子光传》：“专诸曰：‘子视吾之仪，宁类愚者也，何言之鄙夫。夫屈一人之下，必伸万人之上。”","translation":"伸：展开。屈身一人之下，凌驾于万人之上","pronunciation":"qūyīshēnwàn"},{"title":"千岩万谷","id":"QYWG","album":"宋·吴自牧《梦梁录》：“宫有五洞交扃，九峰回挹千岩万谷，秀聚其中。”","translation":"形容峰峦、山谷极多","pronunciation":"qiānyánwàngǔ"},{"title":"千岩万壑","id":"QYW","album":"南朝宋刘义庆《世说新语言语》：“顾长康从会稽还，人问山川之美，顾云：‘千岩竞秀，万壑争流，草木蒙笼其上，若云兴霞蔚。’”","translation":"形容山峦连绵，高低重迭。","pronunciation":"qiānyánwànhè"},{"title":"青云万里","id":"QYWL","album":"元高明《琵琶记》第二出：“论做人要光前耀后。劝我儿青云万里，早当驰骤。”","translation":"比喻前程远大。","pronunciation":"qīngyúnwànlǐ"},{"title":"千言万说","id":"QYWS","album":"《鹖冠子·世兵》：“千言万说，卒赏谓何。”","translation":"犹千言万语。","pronunciation":"qiānyánwànshuō"},{"title":"千依万顺","id":"QYWS","album":"明董说《西游补》第六回：“忽有一对侍儿跪在面前，请大王娘娘赴宴，行者暗想道：‘我还不要千依万顺。’”","translation":"形容非常顺从。同“千依百顺”。","pronunciation":"qiānyīwànshùn"},{"title":"千言万语","id":"QYWY","album":"《鹖冠子世兵》：“千言万语，卒赏谓何？”","translation":"千句话万句话；形容话很多。","pronunciation":"qiānyánwànyǔ"},{"title":"千语万言","id":"QYWY","album":"《四游记·太子被戏下武当》：“千语万言劝解太子，如风过耳，不肯回朝。”","translation":"见“千言万语”。","pronunciation":"qiānyǔwànyán"},{"title":"千状万端","id":"QZWD","album":"宋王安石《与孙侔书》：“某忧痛愁苦，千状万端，书所以不能具。”","translation":"形容极为愁苦。","pronunciation":"qiānzhuàngwànduān"},{"title":"千章万句","id":"QZWJ","album":"《李卫公问对》中卷：“千章万句，不出乎致人而不致于人而已，臣当以此教诸将。”","translation":"犹千言万语。指书面文字。","pronunciation":"qiānzhāngwànjù"},{"title":"千真万确","id":"QZWQ","album":"清吴敬梓《儒林外史》第19回：“匡超人大惊道：‘那有此事！我昨日午间才会着他，怎么就拿了？’景兰江道：‘千真万确的事。’”","translation":"真：真实；确：确实。形容情况非常确实。","pronunciation":"qiānzhēnwànquè"},{"title":"千真万实","id":"QZWS","album":"清·名教中人《好逑传》第九回：“据叔叔说得千真万实，则是天地生人之性情，皆不灵矣，则是圣贤之名教，皆假设矣。”","translation":"形容情况非常确实","pronunciation":"qiānzhēnwànshí"},{"title":"千姿万态","id":"QZWT","album":"贺敬之《桂林山水歌》：“望不尽，千姿万态独秀峰。”","translation":"见“千姿百态”。","pronunciation":"qiānzīwàntai"},{"title":"千状万态","id":"QZWT","album":"《宣和画谱·道释》：“至于鹰犬驰突，云龙出没，千状万态，势若飞动。”宋·欧阳修《题薛公期画》：“及徐而定视，则千状万态，笔简而意足，是不亦为难哉。”","translation":"同“千态万状”。","pronunciation":"qiānzhuàngwàntai"},{"title":"千枝万叶","id":"QZWY","album":"西汉·刘安《淮南子·缪称训》：“辟若伐树而引其本，千枝万叶，则莫得弗从也。”","translation":"树的枝叶很多。形容关系错综复杂","pronunciation":"qiānzhīwànyè"},{"title":"千真万真","id":"QZWZ","album":"明·施耐庵《水浒传》第97回：“是小的伏侍他上马，又是小的剥他的衣服，面貌认得仔细，千真万真是他。”","translation":"形容情况非常确实","pronunciation":"qiānzhēnwànzhēn"},{"title":"日理万机","id":"RLWJ","album":"明余继登《典故纪闻》第二卷：“朕日理万机，不敢斯须自逸，诚思天下大业以艰难得之，必当以艰难守之。”","translation":"理：处理；万机：纷繁的政务。指帝王宰相每天要处理许许多多的事务。现指国家领导人为国事日夜操劳。","pronunciation":"rìlǐwànjī"},{"title":"人千人万","id":"RQRW","album":"","translation":"形容人多。","pronunciation":"rénqiānrénwàn"},{"title":"日食万钱","id":"RSWQ","album":"《晋书何曾传》：“食日万钱，犹曰无下箸处。”","translation":"每天吃喝花费上万钱财。形容生活极其奢侈。","pronunciation":"rìshíwànqián"},{"title":"日试万言","id":"RSWY","album":"唐·李白《与韩荆州书》：“必若接之以高宴，纵之以清谈，请日试万言，倚马可待。”","translation":"以每天试写万言为验；以一日写上万字的文章为考校。极言才气横溢，文思敏捷。","pronunciation":"rìshìwànyán"},{"title":"日有万机","id":"RYWJ","album":"宋·司马光《进表》：“每患迁、固以来，文字繁多，自布衣之士，读之不遍；况于人主，日有万机，何暇周览？”","translation":"见“日理万机”。","pronunciation":"rìyǒuwànjī"},{"title":"三杯和万事","id":"SBHWS","album":"元·武汉臣《生金阁》第三折：“可不道‘三杯和万事，一醉解千愁。’”","translation":"和：缓和。指饮酒可以解脱愁闷消除烦恼","pronunciation":"sānbēihéwànshì"},{"title":"十二万分","id":"SEWF","album":"王朔《我是你爸爸》：“我要向你道歉，我要十二万分诚恳向你道歉，请你原谅。”","translation":"形容程度极深。","pronunciation":"shíèrwànfēn"},{"title":"生佛万家","id":"SFWJ","album":"宋·戴翼《贺陈待制启》：“福星一路之歌谣，生佛万家之香火。”","translation":"指受百姓爱戴的地方官","pronunciation":"shēngfówànjiā"},{"title":"森罗万象","id":"SLWX","album":"南朝梁陶弘景《茅山长沙馆碑》：“夫万象森罗，不离两仪所育；百法纷凑，无越三教之境。”","translation":"森：众多；罗：罗列；万象：宇宙间各种事物和现象。指天地间纷纷罗列的各种各样的景象。形容包含的内容极为丰富。","pronunciation":"sēnluówànxiàng"},{"title":"说千道万","id":"SQDW","album":"李国文《冬天里的春天》第四章：“我不管别人说千道万，大主意我自己拿，哪怕只活一天，这一天，是我的。”","translation":"道：说。指各种各样的说法。后用来形容话说的很多。亦作“说一千道一万”。","pronunciation":"shuōqiāndàowàn"},{"title":"说千说万","id":"SQSW","album":"宋·朱熹《朱子语类》第67卷：“今人解《易》……说千说万，与《易》全不相干。”","translation":"说了许许多多的话。","pronunciation":"shuōqiānshuōwàn"},{"title":"食日万钱","id":"SRWQ","album":"《晋书何曾传》：“食日万钱，犹曰无下箸处。”","translation":"每天饮食要花费上万的钱。形容饮食极奢侈。","pronunciation":"shírìwànqián"},{"title":"碎尸万段","id":"SSWD","album":"明·施耐庵《水浒传》第五十二回：“林冲喝道：‘你这个害民强盗，我早晚杀到京师，把你那厮欺君贼臣高俅，碎尸万段，方是愿足。’”","translation":"极言对罪大恶极者予以严厉的惩罚。","pronunciation":"suìshīwànduàn"},{"title":"十万八千里","id":"SWBQL","album":"明吴承恩《西游记》第24回：“行者道：‘十万八千里。十停中还不曾走了一停哩。’”","translation":"形容相距极远。","pronunciation":"shíwànbāqiānlǐ"},{"title":"十万火急","id":"SWHJ","album":"老舍《赵子曰》：“赵子曰的脑府连发十万火急的电报警告全国。”","translation":"形容事情紧急到了极点。","pronunciation":"shíwànhuǒjí"},{"title":"十万火速","id":"SWHS","album":"郭沫若《洪波曲》第二章：“我立刻收拾着行李，十万火速地准备出发。”","translation":"形容在紧急情况下动作极快地行事。","pronunciation":"shíwànhuǒsù"},{"title":"瞬息万变","id":"SXWB","album":"宋胡宏《题上封寺》：“风云万变一瞬息，红尘奔走真徒劳。”","translation":"瞬息：一眨眼、一呼吸的极短时间；万变：变化之多。在极短时间内就有很多变化。形容变化很多很快。","pronunciation":"shùnxīwànbiàn"},{"title":"思绪万千","id":"SXWQ","album":"","translation":"思绪：思想的头绪。万千：极多。指思想的头绪相当多，思虑复杂多端。","pronunciation":"sīxùwànqiān"},{"title":"瞬息万状","id":"SXWZ","album":"廖仲恺《致蒋介石函电》：“盖时事瞬息万状，而尤以军队情形为然，非日夕与各方面消息接触，恐小逊随机应变之妙用。”","translation":"瞬息：极短的时间。在极短的时间内就有很多变化。形容变化很多很快","pronunciation":"shùnxīwànzhuàng"},{"title":"数以万计","id":"SYWJ","album":"《明史·彭韶传》：“监局内臣数以万计，利源兵柄尽以付之，犯法纵奸，一切容贷，此防微之道未终也。”","translation":"数：数目。以万来计算。形容极多","pronunciation":"shùyǐwànjì"},{"title":"万变不离其宗","id":"WBBLQZ","album":"徐特立《抗战给我的机会》：“对任何人，无论相识不相识的，总是一套话。言论有系统，万变不离其宗。”","translation":"宗：宗旨、目的。尽管形式上变化多端，其本质或目的不变。","pronunciation":"wànbiànbùlíqízōng"},{"title":"万不得已","id":"WBDY","album":"明焦竑《玉堂丛语》：“汝父欲保全身家，万不得已，姑借我以免祸耳。”","translation":"无可奈何；不得不这样做。万：绝对；万万。","pronunciation":"wànbùdéyǐ"},{"title":"万别千差","id":"WBQC","album":"《大唐善导和尚集证集序》：“说一切诸法，千差万别，如来观音，历历了然。”宋释普济《五灯会元》卷二十：“万别千差无觅处，得来元在鼻尖头。”","translation":"形容种类多，差别大。","pronunciation":"wànbiéqiānchā"},{"title":"万不失一","id":"WBSY","album":"《韩非子·解老》：“治乡治邦莅天下者，各以此科适观息耗则万不失一。”《史记·淮阴侯列传》：“韩信曰：‘先生相人何如？’对曰：‘贵贱在于骨法，忧喜在于容色，成败在于决断，以此参之，万不失一。’”","translation":"失：失误，差错。一万次中也不会失误一次。形容非常有把握。亦作“万不一失”、“万无一失”、“万无失一”。","pronunciation":"wànbùshīyī"},{"title":"万般无奈","id":"WBWN","album":"清·李绿园《歧路灯》第22回：“耘轩万般无奈，只得写‘杯水候叙’贴儿，把娄程二位请到家中。”","translation":"万般：极其，非常。实在无可奈何","pronunciation":"wànbānwúnài"},{"title":"万不一失","id":"WBYS","album":"汉·枚乘《七发》：“孔、老览观，孟子持筹而算之，万不一失。”","translation":"万：很多；失：差错。指非常有把握，绝对不会出差错","pronunciation":"wànbùyīshī"},{"title":"万代千秋","id":"WDQQ","album":"晋·无名氏《平西将军周处碑》：“书方易折，家揭难留，镌兹幽在，万代千秋。”","translation":"指经历年代极久远。亦作“万古千秋”、“万载千秋”。","pronunciation":"wàndàiqiānqiū"},{"title":"五鼎万钟","id":"WDWZ","album":"明·宋濂《永思堂记》：“如羊之跪乳，鸟之反哺，其乐将矢谁，视五鼎万钟若不能过之。”","translation":"指高官厚禄。","pronunciation":"wǔdǐngwànzhōng"},{"title":"万代一时","id":"WDYS","album":"《梁书·陈伯之传》：“三仓无米，东境饥流，此万代一时也，机不可失。”","translation":"时：时机。万世才有这么一个机会。形容机会难得","pronunciation":"wàndàiyīshí"},{"title":"万代之业","id":"WDZY","album":"唐·王勃《三国论》：“不能恢崇万代之业，创建七百之基。”","translation":"传之万世的不朽功业","pronunciation":"wàndàizhīyè"},{"title":"万夫不当","id":"WFBD","album":"元·无名氏《连环计》第二折：“吕布有万夫不当之勇。”","translation":"夫：人。当：抵挡。上万个人也抵挡不住。形容人非常勇猛。亦作“万夫莫当”。","pronunciation":"wànfūbùdāng"},{"title":"万夫不当之勇","id":"WFBDZY","album":"元关汉卿《单刀会》第一折：“想关云长但上阵处，凭着他坐下马、手中刀、鞍上将，有万夫不当之勇。”","translation":"当：抵挡。一万个人也抵挡不住。形容非常勇敢。","pronunciation":"wànfūbùdāngzhīyǒng"},{"title":"万夫莫当","id":"WFMD","album":"《东周列国志》第七三回：“吾闻公子庆忌，筋骨如铁，万夫莫当。”","translation":"形容非常勇敢。同“万夫不当之勇”。","pronunciation":"wànfūmòdāng"},{"title":"万夫莫敌","id":"WFMD","album":"清·吴璿《飞龙全传》第43回：“况其子高怀德勇冠三军，万夫莫敌。”","translation":"一万个人也抵挡不住，形容作战非常勇猛","pronunciation":"wànfūmòdí"},{"title":"万夫之勇","id":"WFZY","album":"元·关汉卿《单刀会》第一折：“想关云长但上阵处，凭着他坐下马、手中刀、鞍上将，有万夫不当之勇。”","translation":"万人不能抵御的勇气。形容极其勇健","pronunciation":"wànfūzhīyǒng"},{"title":"万古不变","id":"WGBB","album":"毛泽东《改造我们的学习》：“他们一心向往的，就是从先生那里学来的据说是万古不变的教条。”","translation":"万古：千年万代。万世不改变","pronunciation":"wàngǔbùbiàn"},{"title":"万古不磨","id":"WGBM","album":"鲁迅《华盖集续编·古书与白话》：“便是文章，也未必独有万古不磨的典则。”","translation":"磨：磨灭。永远不会磨灭","pronunciation":"wàngǔbùmó"},{"title":"万古不朽","id":"WGBX","album":"老舍《新年醉话》：“画完题‘醉墨’二字，豪放之情乃万古不朽。”","translation":"朽：腐烂。千秋万代永垂不朽","pronunciation":"wàngǔbùxiǔ"},{"title":"万古长存","id":"WGCC","album":"宋晁补之《次韵苏门下寄题雪浪石》：“公归廊庙谁得挽，此石万古当长存。”","translation":"指某种好的精神或品德永远存在。万古：千年万代永远；存：存在。","pronunciation":"wàngǔchángcún"},{"title":"万古长春","id":"WGCC","album":"元·无名氏《谢金吾》第四折：“也论功增封食邑，共皇家万古长春。”","translation":"万古：千年万代，永远。永远像春天一样，草木翠绿，生机勃勃。比喻人的精神永远像春天一样毫不衰退或祝愿好事长存。亦作“万古长青”、“万古常青”、“万古常新","pronunciation":"wàngǔchángchūn"},{"title":"万古长青","id":"WGCQ","album":"元无名氏《谢金吾》：“也论功增封食邑，共皇家万古长春。”","translation":"千秋万代都像松柏一样永远苍翠。比喻崇高的精神或深厚的友谊永远不会消失。万古：千秋万代；长青：像松柏那样永远苍翠。","pronunciation":"wàngǔchángqīng"},{"title":"万古常新","id":"WGCX","album":"徐迟《井冈山记》：“你是一座革命的丰碑，屹立于宇宙间，万古常新！”","translation":"万古：千年万代。千秋万代都像松柏一样永远苍翠。比喻崇高的精神或深厚的友谊永远不会消失","pronunciation":"wàngǔchángxīn"},{"title":"万贯家财","id":"WGJC","album":"元·无名氏《玩江亭》第一折：“牛璘有万贯家财，在赵江梅家作赘。”","translation":"形容家产极丰。","pronunciation":"wànguànjiācái"},{"title":"万贯家私","id":"WGJS","album":"明冯梦龙《喻世明言》第十卷：“老爹爹纵有万贯家私，自有嫡子嫡孙，干你野种屁事！”","translation":"万贯：上万贯铜钱。贯：古时穿钱的绳子，既钱穿，也指一串钱，一千文为一串，称一贯。形容家产很多，非常富有。","pronunciation":"wànguànjisī"},{"title":"万国来朝","id":"WGLC","album":"明·施耐庵《水浒传》第82回：“太平年万国来朝，雍熙世八仙庆寿。”","translation":"万：概数，多；朝：朝贡，朝拜。很多国家来朝拜","pronunciation":"wànguóláicháo"},{"title":"万古流芳","id":"WGLF","album":"元纪君祥《赵氏孤儿》第二折：“老宰辅，你若存的赵氏孤儿，当名垂青史，万古流芳。”","translation":"好名声永远流传。万古：千秋万代；流：流传；芳：香；比喻好名声。","pronunciation":"wàngǔliúfāng"},{"title":"万古留芳","id":"WGLF","album":"元纪君祥《赵氏孤儿》第二折：“你若存的赵氏孤儿，将名标青史，万古留芳。”","translation":"芳：香，指美名。好名声永远流传。","pronunciation":"wàngǔliúfāng"},{"title":"万剐千刀","id":"WGQD","album":"元·纪君祥《赵氏孤儿》第三折：“将那厮万剐千刀，切莫轻轻地素放了。”","translation":"剐：割肉离骨。古代的凌迟的酷刑。形容人的罪恶重大","pronunciation":"wànguǎqiāndāo"},{"title":"万古千秋","id":"WGQQ","album":"唐周朴《望中怀古》：“齐心楼上望浮云，万古千秋空姓名。”","translation":"形容延续的时间极久。","pronunciation":"wàngǔqiānqiū"},{"title":"万恨千愁","id":"WHQC","album":"宋·王诜《蝶恋花》：“钟送黄昏鸡报晓，昏晓相摧，世事何时了。万恨千愁人自老，春来依旧生芳草。”","translation":"千、万：形容多。指忧愁怨恨很多。","pronunciation":"wànhènqiānchóu"},{"title":"万花齐放","id":"WHQF","album":"清·褚人获《隋唐演义》第30回：“妾见木兰庭上，万花齐放，故差奴婢们迎请陛下一赏。”","translation":"万花：泛指各种花卉；齐：同时。千百种花同时开放，争奇斗艳","pronunciation":"wànhuāqífàng"},{"title":"万户千门","id":"WHQM","album":"唐李德裕《长安秋夜》诗：“万户千门皆寂寂，月中清露点朝衣。”","translation":"指众多人家。也形容屋宇深广。","pronunciation":"wànhùqiānmén"},{"title":"万壑千岩","id":"WQY","album":"南朝宋刘义庆《世说新语言语》：“顾长康从会稽还，人问山川之美，顾云：‘千岩竞秀，万壑争流。’”","translation":"形容峰峦、山谷极多。","pronunciation":"wànhèqiānyán"},{"title":"万红千紫","id":"WHQZ","album":"明·郭勋《英烈传》第二回：“春初花放，万红千紫斗芳菲。”","translation":"形容百花齐放，色彩艳丽。也比喻事物丰富多彩","pronunciation":"wànhóngqiānzǐ"},{"title":"万壑争流","id":"WZL","album":"南朝宋·刘义庆《世说新语·言语》：“顾长康从会稽还，人问山川之美，顾云：‘千岩竞秀，万壑争流，草木蒙笼其上，若云兴霞蔚。’”","translation":"壑：深沟，借指溪流。许多溪水竞相奔流。形容山中胜景。","pronunciation":"wànhèzhēngliú"},{"title":"万劫不复","id":"WJBF","album":"宋释道原《景德传灯录》：“莫将等闲空过时光，一失人身，万劫不复，不是小事。”","translation":"永远不能恢复。万劫：佛家称世界从生成到毁灭的过程为一劫。万劫指万世；永远。","pronunciation":"wànjiébùfù"},{"title":"万箭攒心","id":"WJZX","album":"唐李沈《独异志》：“梁沈约，家藏书十二万卷，然心僻恶，闻人一善，如万箭攒心。”","translation":"像无数枝箭聚射心头。形容极度悲痛的心情。攒：聚集。","pronunciation":"wànjiàncuánxīn"},{"title":"万箭穿心","id":"WJCX","album":"《野叟曝言》第七回：“[璇姑]再听到哥子末后一段说话，真如万箭穿心，竟放声大哭起来。”","translation":"犹万箭攒心。形容万分伤痛。","pronunciation":"wànjiànchuānxīn"},{"title":"万家灯火","id":"WJDH","album":"唐白居易《江楼夕望招客》：“灯火万家城四畔，星河一道水中央。”","translation":"千家万户的灯光。形容城镇灯光四处闪烁的夜景。","pronunciation":"wànjiādēnghuǒ"},{"title":"万家生佛","id":"WJSF","album":"宋·戴翼《贺陈待制启》：“福星一路之歌谣，生佛万家之香火。”","translation":"旧时指受百姓爱戴的地方官。","pronunciation":"wànjiāshēngfó"},{"title":"万金油","id":"WJY","album":"钱钟书《围城》：“谁有万金油？慎明，你随身带药的，有没有万金油？”","translation":"清凉油。比喻什么都不精通，但什么都懂一点，什么都能应付一气的人","pronunciation":"wànjīnyóu"},{"title":"万家之侯","id":"WJZH","album":"西汉·司马迁《史记·货殖列传》：“万家之侯。”","translation":"指诸侯，周王朝分封的诸侯有大小，根据每个诸侯统治的家庭而决定","pronunciation":"wànjiāzhīhóu"},{"title":"万箭钻心","id":"WJZX","album":"明·凌濛初《初刻拍案惊奇》第20卷：“那安卿说到此处，好如万箭钻心，长号数声而绝。”","translation":"像万支箭钻入心头。形容极度伤痛的心情","pronunciation":"wànjiànzuānxīn"},{"title":"万苦千辛","id":"WKQX","album":"元无名氏《飞刀对箭》第四折：“我受了些热血相喷，万苦千辛，恰便似翻滚滚的雪浪里逃生。”","translation":"各种各样的艰难困苦。","pronunciation":"wànkǔqiānxīn"},{"title":"万口一辞","id":"WKYC","album":"唐孙樵《武皇遗剑录》：“群疑胶牢，万口一辞。”","translation":"千千万万人说同样的话。比喻意见一致。","pronunciation":"wànkǒuyīcí"},{"title":"万口一词","id":"WKYC","album":"范文澜、蔡美彪等《中国通史》第四编第三章第一节：“现在万口一词，愿立永康王，不可更改。”","translation":"比喻意见一致。同“万口一辞”。","pronunciation":"wànkǒuyīcí"},{"title":"万口一谈","id":"WKYT","album":"《宋史·胡铨传》：“今内而百官，外而军民，万口一谈，皆欲食伦之肉。”","translation":"千千万万人说同样的话。比喻意见一致。","pronunciation":"wànkǒuyītán"},{"title":"万里长城","id":"WLCC","album":"《南史·檀道济传》：“道济见收，愤怒气盛，目光如炬，俄尔间引饮一斛，乃脱帻投地，曰：‘乃坏汝万里长城！’”","translation":"指我国长城。也比喻国家所依赖的大将。现也比喻人民的军队。","pronunciation":"wànlǐchángchéng"},{"title":"万里长征","id":"WLCZ","album":"唐王昌龄《出塞》诗：“秦时明月汉时关，万里长征人未还。”","translation":"征：远行。上万里路的远行。形容极摇远的征程。","pronunciation":"wànlǐchángzhēng"},{"title":"万籁俱寂","id":"WJJ","album":"唐常建《题破山寺后禅院》诗：“万赖此俱寂，但余钟磬音。”","translation":"形容周围环境非常安静；一点儿声响都没有。万籁：自然界万物发出的种种声响。","pronunciation":"wànlàijùjì"},{"title":"万籁俱静","id":"WJJ","album":"清·许奉恩《里乘》第三卷：“漏二下，行踪已绝，万籁俱静。”","translation":"籁：古代的一种箫，泛指声音；万籁：自然界的各种声音；静：安静。形容周围环境非常安静，一点儿声响都没有","pronunciation":"wànlàijùjìng"},{"title":"万赖俱寂","id":"WLJJ","album":"唐朝常建《题破山寺后禅院》诗：“万赖此俱寂，唯闻钟磬音。”","translation":"形容周围环境非常安静，一点儿声响都没有。","pronunciation":"wànlàijùjì"},{"title":"万流景仰","id":"WLJY","album":"","translation":"为各方面的人所敬仰。","pronunciation":"wànliújǐngyǎng"},{"title":"万里鹏程","id":"WLPC","album":"明冯惟敏《桂枝香春怨》曲：“拼着你万里鹏程，撇下俺一腔春恨。”","translation":"比喻前程远大。","pronunciation":"wànlǐpéngchéng"},{"title":"万里鹏翼","id":"WLPY","album":"唐·元稹《送友封》诗：“鹏翼张风欺万里，马头无角已三年。”","translation":"比喻前程远大。","pronunciation":"wànlǐpéngyì"},{"title":"万缕千丝","id":"WLQS","album":"宋·戴石屏《怜薄命》词：“道旁杨柳依依，千丝万缕，拧不住一分愁绪。”","translation":"千条丝，万条线。原形容一根又一根，数也数不清。现多形容相互之间种种密切而复杂的联系。","pronunciation":"wànlǚqiānsī"},{"title":"万里迢迢","id":"WLTT","album":"清刘献廷《广阳杂记》卷四：“女家贫，人口众，万里迢迢，何以当此。”","translation":"形容路程很遥远。","pronunciation":"wànlǐtiáotiáo"},{"title":"万籁无声","id":"WWS","album":"唐皎然《戛铜碗为龙吟歌》：“遥闻不断在烟杪，万籁无声天境空。”","translation":"一点声音也没有。多形容自然环境的清静或冷清。","pronunciation":"wànlàiwúshēng"},{"title":"万赖无声","id":"WLWS","album":"唐朝常建《题破山寺后禅院》诗：“万赖此俱寂，唯闻钟磬音。”","translation":"形容周围环境非常安静，一点儿声响都没有。","pronunciation":"wànlàiwúshēng"},{"title":"万里无云","id":"WLWY","album":"元·王实甫《西厢记》第三本第二折：“碧天万里无云，空劳倦客身心。”","translation":"湛湛蓝天，没有一丝云彩。形容天气晴朗。","pronunciation":"wànlǐwúyún"},{"title":"万马奔腾","id":"WMBT","album":"宋刘一止《水村一首示友人》：“秋光有尽意无尽，万马奔腾山作阵。”","translation":"像无数匹马奔跑跳跃。形容群众性的活动声势浩大或场面热烈。奔腾：跳跃着奔跑。","pronunciation":"wànmǎbēnténg"},{"title":"万马皆喑","id":"WMJ","album":"宋·苏轼《三马图赞》序：“时西域贡马……振鬣长鸣，万马皆喑。”","translation":"喑：哑，失音。形容人民沉默不语。也比喻死气沉沉的局面","pronunciation":"wànmǎjiēyīn"},{"title":"万目睽睽","id":"WM","album":"唐·韩愈《郓州溪堂诗并序》：“公私扫地赤立，新旧不相保持，万目睽睽，公于此时能安以治之。”","translation":"睽睽：张目注视的样子。在众人的注视、监督下。","pronunciation":"wànmùkuíkuí"},{"title":"万马千军","id":"WMQJ","album":"元·无名氏《千里独行》第四折：“他恰才万马千军摆下战场，则见他们把门旗放，显出那弃印封金有智量。”","translation":"形容兵马众多或声势浩大","pronunciation":"wànmǎqiānjūn"},{"title":"万马齐喑","id":"WMQ","album":"宋苏轼《三马图赞》序：“时西域贡马……振鬣长鸣，万马皆瘖。”","translation":"所有的马都沉寂无声。比喻人们都沉默不语。形容死气沉沉的局面。喑：哑；失音。","pronunciation":"wànmǎqíyīn"},{"title":"万民涂炭","id":"WMTT","album":"《尚书·仲虺之诰》：“有夏昏德，民坠涂炭。”","translation":"涂：泥淖；炭：炭火。万民如同陷入泥淖坠入火海一般。形容广大百姓陷入极端困苦的境地。","pronunciation":"wànmíntútàn"},{"title":"万目睚眦","id":"WM","album":"清曹雪芹《红楼梦》第五回：“百口嘲谤，万目睚眦。”","translation":"睚：眼角；眦：眼框；睚眦：瞪眼睛。众人瞪目表示愤怒。","pronunciation":"wànmùyázì"},{"title":"万年长存","id":"WNCC","album":"周定舫《人民英雄永垂不朽》：“刻着以红星、松柏和旗帜组成的装饰花纹，象征着先烈们的革命精神万年长存，永远照耀着后代。”","translation":"万年：久远。指精神或品德永世长存","pronunciation":"wànniánchángcún"},{"title":"万念俱灰","id":"WNJH","album":"清南亭亭长《中国现在记》第三回：“官场上的人情，最是势利不过的。大家见抚台不理，谁还来理我呢，想到这里，万念俱灰。”","translation":"所有的想法和打算都破灭了。形容极端灰心失望的心情。万念：一切念头；俱：全；都；灰：灰心；失望。","pronunciation":"wànniànjùhuī"},{"title":"万念俱寂","id":"WNJJ","album":"王朔《浮出海面》：“脑子同时开着小差，胡思乱想，甚至万念俱寂，视一切于无睹。”","translation":"所有的欲望、打算都消失了。","pronunciation":"wànniànjùjì"},{"title":"万年无疆","id":"WNWJ","album":"宋陈师道《代贺兴龙节表》：“庶邦有众，愿效忠臣之心，万年无疆，请祝圣人之寿。”","translation":"形容年代久远。同“万世无疆”。","pronunciation":"wànniánwújiāng"},{"title":"万能钥匙","id":"WNYC","album":"古华《芙蓉镇》第四章：“解决问题必须找到一把万能钥匙：斗。”","translation":"指能打开所有锁的钥匙。比喻解决一切困难的办法","pronunciation":"wànnéngyàoshì"},{"title":"万签插架","id":"WQCJ","album":"唐韩愈《送诸葛觉往随州读书》诗：“邺侯家多书，插架三万轴。一一悬牙签，新若手未触。”","translation":"形容书籍极多。","pronunciation":"wànqiānchājià"},{"title":"无千待万","id":"WQDW","album":"明·徐渭《女状元》第三出：“黄科才听老爷分付，就狠跑到法场里。去看的无千待万，都说屈的多。”","translation":"见“无千无万”。","pronunciation":"wúqiāndàiwàn"},{"title":"无千无万","id":"WQWW","album":"明·施耐庵《水浒传》第十七回：“杨提辖，且住!你听我说：我在东京太师府里做奶公时，门下官军，见了无千无万，都向着我喏喏连声。”","translation":"谓不计其数；极多。","pronunciation":"wúqiānwúwàn"},{"title":"万全之策","id":"WQZC","album":"晋陈寿《三国志魏志刘表传》：“故为将军计者，不若举州以附曹公，曹公必将重德将军；长享福祚，垂之后嗣，此万全之策也。”","translation":"绝对可靠、没有任何漏洞的办法。全：周到；策：计谋、办法。","pronunciation":"wànquánzhīcè"},{"title":"万全之计","id":"WQZJ","album":"《三国志蜀志庞统传》“亲待亚于诸葛亮”裴松之注引《江表传》：“此诚出于险涂，非万全之计也。”","translation":"极其周到的计谋、办法。同“万全之策”。","pronunciation":"wànquánzhījì"},{"title":"万人空巷","id":"WRKX","album":"宋苏轼《八月十七复登望海楼》诗：“赖有明朝看潮在，万人空巷斗新妆。”","translation":"本指家家户户的人都奔向一个地方；以致住宅空荡荡的。现多指很多的人聚在一起；致使街巷都空了。形容轰动一时的盛况。","pronunciation":"wànrénkōngxiàng"},{"title":"万人之敌","id":"WRZD","album":"晋·陈寿《三国志·蜀志·关羽等传评》：“关羽、张飞，皆称万人之敌，为世虎臣。”","translation":"敌：对抗。指武艺高强可敌强敌。也指善于统帅军队以抵御强敌。亦作“万人敌”。","pronunciation":"wànrénzhīdí"},{"title":"万死不辞","id":"WSBC","album":"明罗贯中《三国演义》第八回：“但有使令，万死不辞！”","translation":"即使死一万次也决不推辞。表示愿意拼死效劳。辞：推辞。","pronunciation":"wànsǐbùcí"},{"title":"万事不求人","id":"WSBQR","album":"老舍《英国人》：“多数的英国人愿当鲁滨孙，万事不求人。”","translation":"指做事只靠自己的努力，不依赖别人","pronunciation":"wànshìbùqiúrén"},{"title":"万世不朽","id":"WSBX","album":"清·刘鹗《老残游记》第14回：“宫保若能行此上策……功垂竹帛，万世不朽！”","translation":"朽：腐烂。千秋万代永垂不朽","pronunciation":"wànshìbùxiǔ"},{"title":"万世不易","id":"WSBY","album":"","translation":"易：改变。永远不改变。亦作“万代不易”。","pronunciation":"wànshìbùyì"},{"title":"万事大吉","id":"WSDJ","album":"宋释惟白《续传灯录明州大梅祖镜地英禅师》：“岁朝把笔，万事大吉，急急如律令。”","translation":"什么事都很圆满顺利。大吉：很吉利。","pronunciation":"wànshìdàjí"},{"title":"万事亨通","id":"WSHT","album":"清李绿园《歧路灯》：“那孔方兄运出万事亨通的本领，先治了关格之症。”","translation":"一切事情都很顺利。亨：顺利；通：通畅。","pronunciation":"wànshìhēngtōng"},{"title":"万事俱备，只欠东风","id":"WSJBZQDF","album":"明罗贯中《三国演义》第49回：“欲破曹公，宜用火攻；万事俱备，只欠东风。”","translation":"一切都准备好了，只差东风没有刮起来，不能放火。比喻什么都已准备好了，只差最后一个重要条件了。","pronunciation":"wànshìjùbèi，zhǐqiàndōngfēng"},{"title":"万事俱休","id":"WSJX","album":"元·无名氏《九世同居》第二折：“昨日春今日秋，过中年万事俱休，空枉了堆金北斗。”","translation":"休：罢休，完结。一切都完了。形容悲观失望到极点","pronunciation":"wànshìjùxiū"},{"title":"万事皆休","id":"WSJX","album":"明·施耐庵《水浒传》第84回：“宋江兵若不来，万事皆休。若是那伙蛮子来时，小将自出去与他相敌。”","translation":"万：概数，多；万事：一切事情；休：休停。指一切平安无事或事情结束","pronunciation":"wànshìjiēxiū"},{"title":"万世流芳","id":"WSLF","album":"","translation":"好名声永远流传。","pronunciation":"wànshìliúfāng"},{"title":"万岁千秋","id":"WSQQ","album":"《战国策楚策一》：“于是楚王游于云梦……仰天而笑曰：‘乐矣，今日之游也。寡人万岁千秋之后，谁与此乐矣？’”","translation":"犹言千秋万代，形容岁月长久。亦作“千秋万岁”。","pronunciation":"wànsuìqiānqiū"},{"title":"万水千山","id":"WSQS","album":"宋宋徽宗《燕山亭见杏花作》词：“天遥地远，万水千山，知他故宫何处？”","translation":"万道河，千重山。形容路途艰难遥远。","pronunciation":"wànshuǐqiānshān"},{"title":"万事如意","id":"WSRY","album":"清·吴趼人《二十年目睹之怪现状》第15回：“不过都是在那里邀福，以为我做了好事，便可以望上天默佑，万事如意的。”","translation":"如意：符合心意。一切都符合心意，很顺利","pronunciation":"wànshìrúyì"},{"title":"万世师表","id":"WSSB","album":"《三国志·魏志·文帝纪》：“昔仲尼大圣之才，怀帝王之器，……可谓命世之大圣，亿载之师表者也。”","translation":"万世：很多世代，非常久远；师表：表率。值得永远学习的榜样。","pronunciation":"wànshìshībiǎo"},{"title":"万寿无疆","id":"WSWJ","album":"《诗经豳风七月》：“称彼兕觥，万寿无疆。”","translation":"疆：界限。万年长寿，永远生存。用于祝人长寿。","pronunciation":"wànshòuwújiāng"},{"title":"万世无疆","id":"WSWJ","album":"《书太甲中》：“皇天眷佑有商，俾嗣王克终厥德，实万世无疆之休。”","translation":"形容年代久远。","pronunciation":"wànshìwújiāng"},{"title":"万死犹轻","id":"WSYQ","album":"唐·韩愈《潮州刺史谢上表》：“臣以狂妄戆愚，不识礼度，上表陈佛骨事，言涉不敬，正名定罪，万死犹轻。”","translation":"处死万次，还嫌惩罚太轻。极言罪大。","pronunciation":"wànsǐyóuqīng"},{"title":"万世一时","id":"WSYS","album":"《史记吴王濞列传》：“慧星出，蝗虫数起，此万世一时，而愁劳圣人之所起也。”","translation":"万世才有这么一个机会。形容机会难得。","pronunciation":"wànshìyīshí"},{"title":"万死一生","id":"WSYS","album":"东汉班固《汉书司马迁传》：“夫人臣出万死不顾一生之计，赴公家之难，斯以奇矣。”","translation":"死的可能极大，活的希望极小。比喻冒生命危险。","pronunciation":"wànsǐyīshēng"},{"title":"万世之业","id":"WSZY","album":"汉·贾谊《过秦论》：“子孙帝王万世之业。”","translation":"传之万世的不朽功业","pronunciation":"wànshìzhīyè"},{"title":"万头攒动","id":"WTZD","album":"清·吴趼人《二十年目睹之怪现状》第43回：“时候虽早，那看榜的人，却也万头攒动。”","translation":"形容许多人聚集在一起争着看。","pronunciation":"wàntóucuándòng"},{"title":"无万大千","id":"WWDQ","album":"清·翟灏《通俗编·数目》：“今俗有无万大千语。大千本佛经三千大千。”","translation":"不可以千万计，极言数量之多。","pronunciation":"wúwàndàqiān"},{"title":"万万千千","id":"WWQQ","album":"汉王充《论衡自然》：“天地安得万万千千手，并为物万万千千乎？”","translation":"形容数量极多。","pronunciation":"wànwànqiānqiān"},{"title":"万无失一","id":"WWSY","album":"宋·释普济《五灯会元》第17卷：“子诚能如是，心无异缘，六根自静，默然而究，万无失一也。”","translation":"万：很多；失：差错。指非常有把握，绝对不会出差错","pronunciation":"wànwúshīyī"},{"title":"万无一失","id":"WWYS","album":"汉枚乘《七发》：“孔老览观，孟子持筹而算之，万不失一。”","translation":"指绝对不会出差错。万：形容很多；失：差错。","pronunciation":"wànwúyīshī"},{"title":"万物之灵","id":"WWZL","album":"","translation":"万物：泛指天地间的所有生物；灵：聪明、灵巧。世上一切物种中最有灵性的。指人而言。","pronunciation":"wànwùzhīlíng"},{"title":"万象包罗","id":"WXBL","album":"明·许仲琳《封神演义》第44回：“万象包罗为一处，方知截教有鸿蒙。”","translation":"象：形状，样子；万象：宇宙间万物万事的景象；罗：捕鸟的网；包罗：容纳。包含容纳一切。形容内容丰富，无所不有","pronunciation":"wànxiàngbāoluó"},{"title":"万象更新","id":"WXGX","album":"清曹雪芹《红楼梦》：“如今正是初春时节，万物更新，正该鼓舞另立起来才好。”","translation":"事物或景象改换了样子；出现了一番新气象。万象：宇宙间的一切景象。","pronunciation":"wànxiànggēngxīn"},{"title":"万绪千端","id":"WXQD","album":"三国魏曹植《自诫令》：“机等吹毛求疵，千端万绪，然终无可言者。”","translation":"绪：丝头。比喻事情的开端，头绪非常多。也形容事情复杂纷乱。","pronunciation":"wànxùqiānduān"},{"title":"万选青钱","id":"WXQQ","album":"《新唐书·张荐传》：“员外郎员半千数为公卿称鷟文辞犹青铜钱，‘万选万中’。时号鷟‘青钱学士’。”","translation":"比喻文章出众。","pronunciation":"wànxuǎnqīngqián"},{"title":"万绪千头","id":"WXQT","album":"三国魏曹植《自诫令》：“机等吹毛求疵，千端万绪，然终无可言者。”","translation":"绪：丝头。比喻事情的开端，头绪非常多。也形容事情复杂纷乱。","pronunciation":"wànxùqiāntóu"},{"title":"万象森罗","id":"WXSL","album":"南朝梁陶弘景《茅山长沙馆碑》：“夫万象森罗，不离两仪所育。”","translation":"指天地间纷纷罗列的各种各样的景象。","pronunciation":"wànxiàngsēnluó"},{"title":"万应灵丹","id":"WYLD","album":"","translation":"能治各种病的灵药。比喻一种能解决各种疑难问题的办法。","pronunciation":"wànyìnglíngdān"},{"title":"万应灵药","id":"WYLY","album":"鲁迅《花边文学看书琐记（二）》：“不过我们中国人是聪明的，有些人早已发明了一种万应灵药，就是'今天天气……哈哈哈！'”","translation":"能治各种病的灵药。比喻能解决任何问题的好办法。","pronunciation":"wànyìnglíngyào"},{"title":"万语千言","id":"WYQY","album":"唐郑谷《燕》诗：“千言万语无人会，又逐流莺过短墙。”","translation":"许许多多的话语。","pronunciation":"wànyǔqiānyán"},{"title":"万丈高楼从地起","id":"WZGLCDQ","album":"沈从文《新与旧》：“‘万丈高楼从地起’，同队人也觉得这家伙将来不可小觑。”","translation":"比喻凡事要从打基础做起","pronunciation":"wànzhànggāolóucóngdìqǐ"},{"title":"万丈高楼平地起","id":"WZGLPDQ","album":"沈从文《虎雏再遇记》：“他记得一句格言：‘万丈高楼平地起’，他因此永远能用起码名分在军队里混。”","translation":"比喻凡事要从打基础做起","pronunciation":"wànzhànggāolóupíngdìqǐ"},{"title":"万丈光芒","id":"WZGM","album":"郭沫若《洪波曲》：“在他盲目而瘫痪的一片黑暗中，打出了万丈光芒的眩目的铁火。”","translation":"光芒：光辉四射。形容光辉灿烂，照耀到远方","pronunciation":"wànzhàngguāngmáng"},{"title":"万紫千红","id":"WZQH","album":"宋朱熹《春日》诗：“等闲识得东风面，万紫千红总是春。”","translation":"形容百花齐放；色彩艳丽的景象。现多比喻事物丰富多彩或景象繁荣兴旺。","pronunciation":"wànzǐqiānhóng"},{"title":"万载千秋","id":"WZQQ","album":"明无名氏《贺元宵》第三折：“当今圣主存仁孝，万载千秋亨太平。”","translation":"指经历年代极久远。同“万代千秋”。","pronunciation":"wànzàiqiānqiū"},{"title":"万丈深渊","id":"WZSY","album":"高玉宝《高玉宝》第13章：“玉宝身子一闪，只觉得两脚悬空，‘咚’一家伙，掉进了万丈深渊。”","translation":"渊：深潭。很深的水潭。比喻十分不利的处境","pronunciation":"wànzhàngshēnyuān"},{"title":"未知万一","id":"WZWY","album":"宋·洪迈《夷坚乙志·张锐医》：“世之庸医，学方书未知万一，自以为足，吁！可惧哉。”","translation":"万分之一都不知道。形容学识肤浅。","pronunciation":"wèizhīwànyī"},{"title":"万众一心","id":"WZYX","album":"清金安清《洋务宜遵祖训，安内攘外，自有成效说》：“如身之使臂，臂之使指，上下联络，万众一心。”","translation":"千万人一条心。形容齐心协力团结一致。","pronunciation":"wànzhòngyīxīn"},{"title":"雄兵百万","id":"XBBW","album":"明·冯梦龙《喻世明言》第31卷：“九里山前怨气缠，雄兵百万命难延。”","translation":"雄：威武雄壮。人数众多、威武雄壮的军队","pronunciation":"xióngbīngbǎiwàn"},{"title":"下笔千言，离题万里","id":"XBQYLTWL","album":"毛泽东《反对党八股》：“其结果，往往是‘下笔千言，离题万里’，仿佛像个才子，实则到处害人。”","translation":"写了一大篇文章，但没有接触到主题。","pronunciation":"xiàbǐqiānyán，lítíwànlǐ"},{"title":"闲愁万种","id":"XCWZ","album":"元·李好古《张生煮海》第一折：“真乃是消磨了闲愁万种。”","translation":"闲愁：说不出的烦恼。莫名的烦恼极多。形容思想空虚，多愁善感。也形容愁情满怀。","pronunciation":"xiánchóuwànzhǒng"},{"title":"霞光万道","id":"XGWD","album":"清文康《儿女英雄传》第三十一回：“但见个东西映着日光，霞光万道，瑞气千条，从门里就冲着他怀里飞来。”","translation":"形容日出日落时霞光散射的美丽景象。也形容某种珍宝放出耀眼的光辉。","pronunciation":"xiáguāngwàndào"},{"title":"悬旌万里","id":"XWL","album":"《汉书·陈汤传》：“悬旌万里之外，扬威昆山之西。”","translation":"比喻军队远征。","pronunciation":"xuánjīngwànlǐ"},{"title":"雄罴百万","id":"XBW","album":"南宋·王迈《观猎行》：“汝不闻去岁淮甸间，雄罴百万临危堞。”","translation":"雄罴：猛兽。比喻众多的勇猛将士","pronunciation":"xióngpíbǎiwàn"},{"title":"熊罴百万","id":"XBW","album":"宋·王迈《观猎行》：“汝不闻去岁淮甸间，熊罴百万临危堞。”","translation":"熊罴：两种猛兽，比喻勇猛的武士。勇猛的武士成千上万。形容军队人多将广，英勇善战。","pronunciation":"xióngpíbǎiwàn"},{"title":"雄师百万","id":"XSBW","album":"《宣和遗事》第三集：“李密袒臂一呼，聚雄师百万，占了中原。”","translation":"雄：威武雄壮；师：军队。人数众多、威武雄壮的军队","pronunciation":"xióngshībǎiwàn"},{"title":"心雄万夫","id":"XXWF","album":"唐·李白《与韩荆州书》：“虽长不满七尺，而心雄万夫。”","translation":"形容极有抱负，气概不凡。","pronunciation":"xīnxióngwànfū"},{"title":"胸中百万兵","id":"XZBWB","album":"元·王实甫《西厢记·崔莺莺夜听琴》第二折：“凭着你灭寇功，举将能，两般儿功效如红定，为甚俺莺娘心下十分顺，都只为君瑞胸中有百万兵。”","translation":"比喻胸怀雄谋大略","pronunciation":"xiōngzhōngbǎiwànbīng"},{"title":"胸中万卷","id":"XZWJ","album":"宋·辛弃疾《声声慢·送上饶黄倅职满赴调》词：“问个里，待怎么销杀，胸中万卷。”","translation":"谓读过大量的书。","pronunciation":"xiōngzhōngwànjuàn"},{"title":"以不变应万变","id":"YBBYWB","album":"章诒和《往事并不如烟·最后的贵族》：“我经历了四个朝代，总结出的经验是‘以不变应万变’。”","translation":"用一种固定来处理变化的事情","pronunciation":"yǐbùbiànyīngwànbiàn"},{"title":"一波才动万波随","id":"YBCDWBS","album":"宋惠洪《冷斋夜话船子和尚偶》：“千尺丝纶直下垂，一波才动万波随。”","translation":"指一波方动，万波随之而起。比喻事情开端后的不断发展变化。","pronunciation":"yībōcáidòngwànbōsuí"},{"title":"一波万波","id":"YBWB","album":"宋·范成大《题请息斋》诗之八：“冷暖旧雨今雨，是非一波万波。”","translation":"见“一波纟毚动万波随”。","pronunciation":"yībōwànbō"},{"title":"一本万利","id":"YBWL","album":"清姬文《市声》：“这回破釜沉舟，远行一趟，却指望收它个一本万利哩。”","translation":"用很少的资本去取得很大的利润。形容本钱少；利润大。","pronunciation":"yīběnwànlì"},{"title":"一碧万顷","id":"YBWQ","album":"宋范仲淹《岳阳楼记》：“春和景明，波澜不惊；上下天光，一碧万顷。”","translation":"形容青绿无际。","pronunciation":"yībìwànqǐng"},{"title":"以备万一","id":"YBWY","album":"《八十一梦·第八梦》：“大时代来了，我们必须练习到脚能跑，手能作、肩能扛，以备万一。”","translation":"万一：意外变化。指事先做好周密准备，以防出现意外","pronunciation":"yǐbèiwànyī"},{"title":"遗臭万代","id":"YCWD","album":"唐·高適《后汉贼臣董卓庙议》：“母妻屠戮，种族无留，悬首燃脐，遗臭万代。”","translation":"同“遗臭万载”。","pronunciation":"yíchòuwàndài"},{"title":"腰缠万贯","id":"YCWG","album":"南朝梁殷芸《小说吴蜀人》：“有客相从，各言所志，或愿为扬州刺史，或愿多赀财，或愿骑鹤上升。其一人曰：‘腰缠十万贯，骑鹤上扬州。’欲兼三者。”","translation":"腰缠：随身携带；贯：钱串；古时穿钱用的绳索；一千文为贯。　形容钱财很多。","pronunciation":"yāochánwànguàn"},{"title":"云程万里","id":"YCWL","album":"清·陈朗《雪月梅》第四回：“蒋士奇道：‘可喜！可喜！将来～，正未可量。’”","translation":"形容前程非常远大。","pronunciation":"yúnchéngwànlǐ"},{"title":"遗臭万年","id":"YCWN","album":"《宋史林勋等传赞》：“若乃程珌之窃取富贵，梁本大李知孝甘为史欧远鹰犬，遗臭万年者也。”","translation":"臭：比喻恶名声；万年：指时间很长久。人死了；可是臭名却永远流传下去；遭人唾骂。","pronunciation":"yíchòuwànnián"},{"title":"贻臭万年","id":"CWN","album":"明·王世贞《艺苑卮言》卷三：“桓玄子恒言‘不能流芳百世，亦当贻臭万年’，至今为书生骂端。”","translation":"犹言遗臭万年。","pronunciation":"yíchòuwànnián"},{"title":"一彻万融","id":"YCWR","album":"明·唐顺之《与裘剡溪推官书》：“人能得此常理，设使为医，则必能究性命之源；为巫，则必能极鬼神之情状，一彻万融，所谓因源而得委也。”","translation":"犹言一通百通。","pronunciation":"yīchèwànróng"},{"title":"遗臭万世","id":"YCWS","album":"宋·谢采伯《密斋笔记》卷一：“公不丧心病狂，奈何一旦为此，若不早改图，必且遗臭万世。”","translation":"同“遗臭万载”。","pronunciation":"yíchòuwànshì"},{"title":"遗臭万载","id":"YCWZ","album":"南朝·宋·刘义庆《世说新语·尤悔》：“［桓温］既而抚枕起曰：既不能流芳后世，亦不足复遗臭万载邪！”","translation":"死后恶名流传，永远受人唾骂。","pronunciation":"yíchòuwànzǎi"},{"title":"一夫当关，万夫莫摧","id":"YFDGWFMC","album":"张天翼《儿女们》：“天门口是个要隘，非造门栅不可。一夫当关，万夫莫摧。”","translation":"当：遮挡，阻挡。山势又高又险，一个人把着关口，一万个人也打不进来。形容地势十分险要，易守难攻","pronunciation":"yīfūdāngguān，wànfūmòcuī"},{"title":"一夫当关，万夫莫敌","id":"YFDGWFMD","album":"郁达夫《出奔》：“东路北伐先锋队将迫近一夫当关，万夫莫敌的仙霞岭下的时候，1926年的余日剩已无多。”","translation":"当：遮挡，阻挡。山势又高又险，一个人把着关口，一万个人也打不进来。形容地势十分险要，易守难攻","pronunciation":"yīfūdāngguān，wànfūmòdí"},{"title":"一夫当关，万夫莫开","id":"YFDGWFMK","album":"唐李白《蜀道难》诗：“剑阁峥嵘而崔嵬，一夫当关，万夫莫开。”","translation":"意思是山势又高又险，一个人把着关口，一万个人也打不进来。形容地势十分险要。","pronunciation":"yīfūdāngguān，wànfūmòkāi"},{"title":"以防万一","id":"YFWY","album":"冯德英《迎春花》第14章：“他就又采取以防万一的想法，心想，反正是自愿的事，何必去做？”","translation":"用以防备难以预料的事情。万一：可能性极小的意外变化。","pronunciation":"yǐfángwànyī"},{"title":"一将成功万骨枯","id":"YJCGWGK","album":"洪楝园《后南柯·甲阵》：“一将成功万骨枯，手提髑髅血模糊。”","translation":"指一个将帅功成名就要以上万人的死亡为代价","pronunciation":"yījiàngchénggōngwàngǔkū"},{"title":"一将功成万骨枯","id":"YJGCWGK","album":"唐·曹松《已亥岁感事》诗：“泽国江山入战图，生民何计乐樵苏。凭君莫话封侯事，一将功成万骨枯。”","translation":"指一个将帅功成名就要以上万人的死亡为代价","pronunciation":"yījiànggōngchéngwàngǔkū"},{"title":"一举万里","id":"YJWL","album":"《晋书·慕容盛载记》：“当如鸿鹄高飞，一举万里，不可坐待罟网。”","translation":"见“一举千里”。","pronunciation":"yījǔwànlǐ"},{"title":"盈千累万","id":"YQLW","album":"清李渔《闲情偶记种植草木》：“菜果至贱之物，花亦卑卑不数之花，无如积至贱至卑者而至盈千累万，则贱者贵而卑者尊矣。”","translation":"形容数量非常多。","pronunciation":"yíngqiānlěiwàn"},{"title":"源泉万斛","id":"YQW","album":"宋·苏轼《文说》：“吾文如万斛泉源，不择地而出。”","translation":"比喻文思涌溢。","pronunciation":"yuánquánwànhú"},{"title":"一切万物","id":"YQWW","album":"《无量寿经》卷上：“设我得佛，自地上以至于虚空，宫殿楼观池流华树，国土所有一切万物，皆以无量杂宝百千种香而共合成，严饰奇妙，超诸人天。”","translation":"宇宙间所有的事物。","pronunciation":"yīqiēwànwù"},{"title":"牙签万轴","id":"YQWZ","album":"南唐李煜《题后》诗：“牙签万轴裹红綃，王粲书同付火烧。”","translation":"形容藏书非常多。","pronunciation":"yáqiānwànzhóu"},{"title":"逾千越万","id":"YQYW","album":"唐蒋防《湘妃泣竹赋》：“岂不以拂水捎云，逾千越万，庶夫知我者谓我点点而成文，不知我者徒曰青青而怀怨。”","translation":"指数字超过千或万。极言其多。","pronunciation":"yúqiānyuèwàn"},{"title":"一人传虚，万人传实","id":"YRCXWRCS","album":"宋释道原《景德传灯录契讷禅师》：“问：‘如何是东禅家风？’师曰：‘一人传虚，万人传实。’”","translation":"虚：不确实，指无中生有的事。本来没有的事，传的人多了，就信以为真。","pronunciation":"yīrénchuánxū，shírénchuánshí"},{"title":"一人立志，万夫莫夺","id":"YRLZWFMD","album":"明·冯梦龙《醒世恒言》第五卷：“正是‘一人立志，万夫莫夺。’”","translation":"形容志向坚定，别人很难改变","pronunciation":"yīrénlìzhì，wànfūmòduó"},{"title":"一日万机","id":"YRWJ","album":"《尚书皋陶谟》：“兢兢业业，一日二日万几。”","translation":"一天要处理成千上万件事（用在国家领导人）。","pronunciation":"yīrìwànjī"},{"title":"一日万几","id":"YRWJ","album":"《尚书·皋陶漠》：“兢兢业业，一日二日万几。”孔传：“几，微也。言当戒惧万事之微。”","translation":"亦作“一日万机”。形容帝王每天处理政事极为繁忙。语本《书·皋陶谟》：“兢兢业业，一日二日万几。”孔传：“几，微也。言当戒惧万事之微。”","pronunciation":"yīrìwànjǐ"},{"title":"一日万里","id":"YRWL","album":"唐苏鹗《杜阳杂编》中卷：“且安天下用将帅，如造大舟以越沧海，其功则多，其成则大，一日万里，无所不屈。”","translation":"比喻行动非常迅速。","pronunciation":"yīrìwànlǐ"},{"title":"一人之下，万人之上","id":"YRZXWRZS","album":"《六韬》：“屈一人下，伸万人上，惟圣人能行之。”","translation":"多指地位崇高权势显赫的大臣。","pronunciation":"yīrénzhīxià，wànrénzhīshàng"},{"title":"一人之心，千万人之心也","id":"YRZXQWRZXY","album":"","translation":"","pronunciation":"yīrénzhīxīn，qiānwànrénzhīxīnyě"},{"title":"仪态万方","id":"YTWF","album":"汉张衡《同声歌》：“素女为我师，仪态盈万方。”","translation":"仪态：容貌姿态；万方：多方面；指姿态多种多样。形容女子容貌美丽；姿态动人。","pronunciation":"yítàiwànfāng"},{"title":"仪态万千","id":"YTWQ","album":"汉·张衡《同声赋》：“素女为我师，仪态盈万方。”","translation":"见“仪态万方”。","pronunciation":"yítaiwànqiān"},{"title":"亿万斯年","id":"YWSN","album":"《诗经大雅下武》：“于万斯年，受天之祜。”","translation":"形容长远的年代。","pronunciation":"yìwànsīnián"},{"title":"一息万变","id":"YXWB","album":"宋·胡宏《题上封寺》：“风云万变一瞬息，红尘奔走真徒劳。”","translation":"在极短的时间内就有很多变化。形容变化很多很快","pronunciation":"yīxīwànbiàn"},{"title":"亿辛万苦","id":"YXWK","album":"李大钊《大哀篇》：“民既托庇于其下，在理当负斯责，亿辛万苦，其又何辞。”","translation":"极言辛苦之甚。","pronunciation":"yìxīnwànkǔ"},{"title":"一泻万里","id":"YXWL","album":"李大钊《孙中山先生在中国民族革命史上之位置》：“这一条浩浩荡荡的民族革命运动史的洪流，时而显现，时而潜伏，时而迂回旋绕，蓄势不前，时而急转直下，一泻万里。”","translation":"见“一泻千里”。","pronunciation":"yīxièwànlǐ"},{"title":"贻笑万世","id":"XWS","album":"宋·刘敞《论温成立忌》：“何况宗庙大礼，至尊至重，岂可以一时之宠，独决圣心，义有僭失，贻笑万世，亏损盛明，悔不可追。”","translation":"贻：遗留。给千秋万代的人留下笑柄","pronunciation":"yíxiàowànshì"},{"title":"以一持万","id":"YYCW","album":"先秦荀况《荀子儒效》：“法先王，统礼义，一制度，以浅持博，以古持今，以一持万。”","translation":"持：把握。形容抓住关键，可以控制全局。","pronunciation":"yǐyīchíwàn"},{"title":"以一驭万","id":"YYYW","album":"朱自清《经典常谈·诸子》：“君主能够兼用法、术、势，就可以一驭万，以静制动，无为而治。”","translation":"驭：驾驭。指抓住根本，可以控制全体","pronunciation":"yǐyīyùwàn"},{"title":"以一知万","id":"YYZW","album":"《荀子·非相》：“以近知远，以一知万，以微知明，此之谓也。”","translation":"从了解一点到推知其他许多事物。","pronunciation":"yǐyīzhīwàn"},{"title":"一掷百万","id":"YZBW","album":"《晋书·何无忌传》：“刘毅家无儋石之储，樗蒱一掷百万。”","translation":"指用钱满不在乎，一花就是一大笔。","pronunciation":"yīzhìbǎiwàn"},{"title":"一掷巨万","id":"YZJW","album":"明·兰陵笑笑生《金瓶梅》第一回：“到得有钱时节，挥金买笑，一掷巨万。”","translation":"掷：投，扔。形容挥霍无度","pronunciation":"yīzhìjùwàn"},{"title":"咫尺万里","id":"CWL","album":"《南史萧贲传》：“幼好学，有文才，能书善画，于扇上画山水，咫尺之内，便觉万里为遥。”","translation":"形容在短小的篇幅里表现了寥廓深远的景象和意境。也作“咫尺千里”。","pronunciation":"zhǐchǐwànlǐ"},{"title":"罪当万死","id":"ZDWS","album":"《汉书东方朔传》：“粪土愚臣，忘生触死，逆盛意，犯隆指，罪当万死。”","translation":"形容罪恶极大。","pronunciation":"zuìdāngwànsǐ"},{"title":"智过万人","id":"ZGWR","album":"西汉·刘安《淮南子·修务训》：“智过万人者谓之英，千人者谓之俊，百人者为之豪，十人者谓之杰。”","translation":"智：才智。形容才智极高","pronunciation":"zhìguòwànrén"},{"title":"罪该万死","id":"ZGWS","album":"明冯梦龙《东周列国志》第一回：“娘娘道此怪物，不可容留，随命侍者领去，弃之沟渎。婢子罪该万死。”","translation":"罪孽深重；判一次死刑还不足以抵罪。（万死：死一万次）。","pronunciation":"zuìgāiwànsǐ"},{"title":"罪合万死","id":"ZHWS","album":"《魏书·房法寿传》：“臣既小人，备荷驱使，缘百口在南，致拒皇略，罪合万死。”","translation":"万死：死一万次。形容罪恶极大","pronunciation":"zuìhéwànsǐ"},{"title":"知一万毕","id":"ZYWB","album":"先秦庄周《庄子天地》：“通于一而万事毕。”","translation":"指理解本质，万事尽通。","pronunciation":"zhīyīwànbì"},{"title":"罪应万死","id":"ZYWS","album":"《晋书苻坚载记下》：“弟冲不识义方，孤背国恩，臣罪应万死。”","translation":"形容罪恶极大。","pronunciation":"zuìyīngwànsǐ"},{"title":"智周万物","id":"ZZWW","album":"《周易系辞上》：“知周乎万物而道济天下。”","translation":"天下万物无所不知。形容知识渊博。","pronunciation":"zhìzhōuwànwù"}]}