{"items":[{"title":"捱三顶四","id":"SDS","album":"明罗贯中《平妖传》第四回：“半仙到栅栏门首下马，也不进宅，径在堂中站着，众人捱三顶四，簇拥将来，一个个伸出手来，求太医看脉。”","translation":"挨：通“挨”，挤进。形容人群拥挤，接连不断","pronunciation":"āisāndǐngsì"},{"title":"版版六十四","id":"BBLSS","album":"清顾张思《土风录》第13卷：“古执不活动，呵为‘版版六十四’。此钱居中语也。”","translation":"形容做事死板，不知变通。","pronunciation":"bǎnbǎnliùshísì"},{"title":"板板六十四","id":"BBLSS","album":"清范寅《越谚数目之谚》：“板板六十四，铸钱定例也，喻不活。”","translation":"宋时官铸铜钱，每板六十四文，不得增减。比喻刻板不知变通。板：即“版”，铸钱的模子。","pronunciation":"bǎnbǎnliùshísì"},{"title":"不三不四","id":"BSBS","album":"明凌濛初《二刻拍案惊奇》第五卷：“可见元宵之夜，趁着喧闹丛中干那不三不四勾当的，不一而足。”","translation":"不像这也不像那。即不像样子；不伦不类。形容不正派或不像样子。","pronunciation":"bùsānbùsì"},{"title":"半三不四","id":"BSBS","album":"《西湖二集李凤娘酷妒遭天谴》：“勾引得官家一心在你身上，就在我身边，也是半三不四。”","translation":"指心神不定，无精打采。","pronunciation":"bànsānbùsì"},{"title":"巴三览四","id":"BSLS","album":"元萧德祥《杀狗劝夫》第四折：“我说的丁一确二，你说的巴三览四。”","translation":"比喻说话拉扯，没有中心。","pronunciation":"bāsānlǎnsì"},{"title":"巴三揽四","id":"BSLS","album":"元·萧德祥《杀狗劝夫》第四折：“我说的丁一确二，你说的巴三揽四。”","translation":"形容说话东拉西扯。","pronunciation":"bāsānlǎnsì"},{"title":"八万四千","id":"BWSQ","album":"《法华经宝塔品》：“若持八万四千法藏，十二部经，为人演说。”","translation":"本为佛教表示事物众多的数字，后用以形容极多。","pronunciation":"bāwànsìqiān"},{"title":"臂有四肘","id":"BYSZ","album":"《幼学琼林·卷二·身体类》：“耳有三漏，大禹之奇形，臂有四肘，成汤之异体。”","translation":"比喻不凡的相貌。","pronunciation":"bìyǒusìzhǒu"},{"title":"楚歌四合","id":"CGSH","album":"唐·李白《拟恨赋》：“若乃项王虎斗，白日争辉。拔山力尽，盖世心违。闻楚歌之四合，知汉卒之重围。”","translation":"比喻四面被围，陷入孤立危急的困境。","pronunciation":"chǔgēsìhé"},{"title":"楚歌四面","id":"CGSM","album":"清陈维崧《河传虞美人花》词：“楚歌四面，战旗一片，岁岁江东。”","translation":"比喻四面被围，陷入孤立危急的困境。","pronunciation":"chǔgēsìmiàn"},{"title":"楚歌四起","id":"CGSQ","album":"元·马致远《庆东原·叹世》曲之二：“帐前滴尽英雄泪，楚歌四起，乌骓漫嘶。”","translation":"见“楚歌四合”。","pronunciation":"chǔgēsìqǐ"},{"title":"差三错四","id":"CSCS","album":"元无名氏《合同文字》第四折：“这小厮本说的丁一确二，这婆子生扭做差三错四。”","translation":"颠倒错乱","pronunciation":"chāsāncuòsì"},{"title":"重三叠四","id":"ZSDS","album":"宋朱熹《朱子语类》卷一百一十二：“本朝建官重三叠四，多少劳扰！此须大有为后痛更革之。”又卷一百一十八：“经书中所言只是一个道理，都重三叠四说在理，只是许多头面出来。”","translation":"形容多次重复。","pronunciation":"chóngsāndiésì"},{"title":"重三迭四","id":"ZSDS","album":"","translation":"形容多次重复。","pronunciation":"chóngsāndiésì"},{"title":"吃四方饭","id":"CSFF","album":"沈从文《一个戴水獭皮帽子的朋友》：“常德、河洑、周溪、桃源，沿河近百里路以内‘吃四方饭’的标致娘儿们，他无一不特别熟习。”","translation":"和尚道士到处化缘为生，也指一般人走到任何地方都能生活","pronunciation":"chīsìfāngfàn"},{"title":"察三访四","id":"CSFS","album":"清·曹雪芹《红楼梦》第72回：“饶这样，天天还是察三访四。自己再不看破些，且养身子。”","translation":"察：考查；访：探查。指爱打听调查别人的事情","pronunciation":"chásānfǎngsì"},{"title":"传三过四","id":"CSGS","album":"石灵《捕蝗者》：“就是有那些不识好歹的人说几句闲言杂语，你在大爹面前，也该遮盖遮盖，怎么传三过四，又惹他老人家生气！”","translation":"传闲话，说是非","pronunciation":"chuánsānguòsì"},{"title":"颠三倒四","id":"DSDS","album":"明许仲琳《封神演义》第44回：“连拜了三四日，就把子牙拜的颠三倒四，坐卧不安。”","translation":"指错乱没有次序。形容思路、言语、做事等条理不清、颠倒混乱；毫无次序。","pronunciation":"diānsāndǎosì"},{"title":"倒三颠四","id":"DSDS","album":"明·兰陵笑笑生《金瓶梅词话》第八十六回：“你信我奶奶～的，小大姐扶持你老人家一场，瞒上不瞒下，你老人家拿出箱子来，拣上色的与他两套。”","translation":"形容言行无条理或神智不清，精神恍惚。","pronunciation":"dǎosāndiānsì"},{"title":"倒四颠三","id":"DSDS","album":"明·兰陵笑笑生《金瓶梅》第33回：“来呵！到明日，只弄得倒四颠三，一个黑沙，也是不值。”","translation":"颠：颠倒。形容言行无条理或神智不清","pronunciation":"dǎosìdiānsān"},{"title":"调三惑四","id":"DSHS","album":"《红楼梦》第十回：“恼的是那狐朋狗友，搬是弄非、调三惑四。”","translation":"见“调三斡四”。","pronunciation":"diàosānhuòsì"},{"title":"丢三落四","id":"DSLS","album":"清曹雪芹《红楼梦》第67回：“俗语说的：‘夯雀儿先飞’，省的临时丢三落四的不齐全，令人笑话。”","translation":"丢掉这些；又遗漏那些。形容马虎健忘；顾此失彼。","pronunciation":"diūsānlàsì"},{"title":"丢三拉四","id":"DSLS","album":"刘白羽《一个温暖的雪夜》：“老是这样死活不顾，老是这样丢三拉四，这毛病什么时候能改改！”","translation":"见“丢三落四”。","pronunciation":"diu1sānlāsì"},{"title":"丢三忘四","id":"DSWS","album":"《红楼梦》第七二回：“我如今竟糊涂了！丢三忘四，惹人抱怨，竟不大像先了。”","translation":"见“丢三落四”。","pronunciation":"diu1sānwàngsì"},{"title":"调三斡四","id":"DSWS","album":"元·吴昌龄《张天师》第三折：“你休那里便伶牙俐齿，调三斡四，说人好歹，讦人暧昧。”","translation":"挑拨是非。","pronunciation":"diàosānwòsì"},{"title":"低三下四","id":"DSXS","album":"清孔尚任《桃花扇听稗》：“你嫌这里乱鬼当家别处寻主，只怕到那里低三下四还干旧营生。”","translation":"指地位、工作等很卑下；低人一等。也指神态恭顺卑屈。","pronunciation":"dīsānxiàsì"},{"title":"烽火四起","id":"FHSQ","album":"","translation":"战争的火焰从四面八方燃烧起来。形容边防不安宁，四处有敌人进犯。","pronunciation":"fēnghuǒsìqǐ"},{"title":"放之四海而皆准","id":"FZSHEJZ","album":"西汉戴圣《礼记祭义》：“推而放诸东海而准，推而放诸西海而准，推而放诸南海而准，推而放诸北海而准。”","translation":"放：放置；之：代词；指具有普遍性的真理；四海：指任何地方；皆：都是；准：准确。原指孝道无论在何时何地都是人们奉行的准则。具有普遍性的真理放在任何地方都是适用的。","pronunciation":"fàngzhīsìhǎiérjiēzhǔn"},{"title":"放诸四海而皆准","id":"FZSHEJZ","album":"《礼记祭义》：“推而放诸东海而准，推而放诸西海而准，推而放诸南海而准，推而放诸北海而准。”","translation":"比喻具有普遍性的真理到处都适用。同“放之四海而皆准”。","pronunciation":"fàngzhūsìhǎiérjiēzhǔn"},{"title":"放诸四裔","id":"FZSY","album":"鲁迅《做古文和做好人的秘诀》：“那也可以临末声明：‘君子不为己甚，窃以为放诸四裔可矣’的。”","translation":"放：放逐；四裔：四方边远之地。指放逐到四方边远地区","pronunciation":"fàngzhūsìyì"},{"title":"放诸四夷","id":"FZSY","album":"鲁迅《对于批评家的希望》：“我所希望的不过愿其有一点常识，例如……出洋留学和‘放诸四夷’的区别，笋和竹的区别。”","translation":"放：放逐；四夷：古代对华夏族以外民族的蔑称。指放逐到四方边远地区","pronunciation":"fàngzhūsìyí"},{"title":"纲纪四方","id":"GJSF","album":"《诗经·大雅·棫朴》：“勉勉我王，纲纪四方。”","translation":"纲纪：治理，管理。治理天下","pronunciation":"gāngjìsìfāng"},{"title":"光芒四射","id":"GMSS","album":"清·无垢道人《八仙全传》第一回：“仔细一瞧，不是那粒晶莹闪烁光芒四射的红珠是什么？”","translation":"光芒：光辉；射：照射。强烈的光线向四面八方照射","pronunciation":"guāngmángsìshè"},{"title":"顾三不顾四","id":"GSBGS","album":"清·曹雪芹《红楼梦》第68回：“以后可还再顾三不顾四的不了？以后可还单听叔叔的话，不听婶娘的话不了？”","translation":"顾：照顾。顾到这儿顾不了那儿","pronunciation":"gùsānbùgùsì"},{"title":"鼓噪四起","id":"GZSQ","album":"明·罗贯中《三国演义》：“如遇魏兵，不可大击，只鼓噪呐喊，以疑兵惊之。”","translation":"鼓噪：鸣鼓喧哗。四面战鼓响起，声势浩大","pronunciation":"gǔzàosìqǐ"},{"title":"国之四维","id":"GZSW","album":"春秋·齐·管仲《管子·牧民》：“国之四维，一维绝则倾，二维绝则危，三维绝则覆，四维绝则灭。”","translation":"四维：指礼义廉耻。指治国的纲纪","pronunciation":"guózhīsìwéi"},{"title":"餬口四方","id":"KSF","album":"春秋·鲁·左丘明《左传·隐公十一年》：“寡人有弟，不能和协，而使餬其口于四方。”","translation":"餬：通“糊”；餬口：寄食。为了生计而四处奔波","pronunciation":"húkǒusìfāng"},{"title":"浩气四塞","id":"HQSS","album":"孙中山《序》：“浩气四塞。”","translation":"浩气：浩然正气；塞：充满。正气充满四面八方","pronunciation":"hàoqìsìsāi"},{"title":"吼三喝四","id":"HSHS","album":"马烽《吕梁英雄传》第四回：“维持会这些人，每天就在一块肥吃大喝，纸烟不离嘴，见人开口就是‘妈的屄’，整天吼三喝四抖威风。”","translation":"大声吆喝","pronunciation":"hǒusānhèsì"},{"title":"横三竖四","id":"HSSS","album":"清曹雪芹《红楼梦》第六十三回：“一坛酒我们都鼓捣光了，一个个吃的把臊都丢了，三不知的又都唱起来。四更多天才横三竖四的打了一个盹儿。”","translation":"犹言横七竖八。","pronunciation":"héngsānshùsì"},{"title":"横三顺四","id":"HSSS","album":"杜鹏程《在和平的日子里》第一章：“办公室的床上、桌子上、地上，横三顺四地睡着人。”","translation":"见“横三竖四”。","pronunciation":"héngsānshùnsì"},{"title":"街坊四邻","id":"JFSL","album":"《春阿氏谋夫案》第六回：“街坊四邻，你们都听听。如今这年月，颠倒儿颠拉，媳妇是祖宗，婆婆是家奴，你们给评评，是我昏瞆了，是她欺辱我。”","translation":"街坊：邻居。指住处邻近的人。同“街坊邻里”。","pronunciation":"jiēfāngsìlín"},{"title":"揭竿四起","id":"JGSQ","album":"李大钊《国情》：“然历代君人为人之君者，必以省刑罚、薄税敛为戒，其民始相安于无事，否则揭竿四起矣。”","translation":"揭：举；竿：竹竿，指旗帜。举起竹竿当旗帜。借指武装起义","pronunciation":"jiēgānsìqǐ"},{"title":"极目四望","id":"JMSW","album":"清·薛福成《观巴黎油画记》：“人在室中，极目四望，则见城堡。”","translation":"极：尽；极目：用尽目力远望。指尽眼力所及眺望四方","pronunciation":"jímùsìwàng"},{"title":"急三火四","id":"JSHS","album":"","translation":"","pronunciation":"jísānhuǒsì"},{"title":"接三连四","id":"JSLS","album":"清·曹雪芹《红楼梦》第39回：“我又没逃了，这么接三连四的叫人来找。”","translation":"接连不断。","pronunciation":"jiēsānliánsì"},{"title":"家徒四壁","id":"JTSB","album":"东汉班固《汉书司马相如传》：“文君夜亡奔相如，相如与驰归成都，家居徒四壁立。”","translation":"徒：只；壁：墙壁。家里只有四周的墙壁。形容穷得一无所有。","pronunciation":"jiātúsìbì"},{"title":"九州四海","id":"JZSH","album":"唐·卢照邻《登封大酺歌》：“九州四海常无事，万岁千秋乐未央。”","translation":"犹言天下。泛指全中国。","pronunciation":"jiǔzhōusìhǎi"},{"title":"九洲四海","id":"JZSH","album":"唐·卢照邻《登封大酺歌》：“九洲四海常无事，万岁千秋乐未央。”","translation":"九洲：指中国；四海：古人认为，中国九州之久是一望无际的大海，此指中国以外的地方。指中国及四周以外的地方。","pronunciation":"jiǔzhōusìhǎi"},{"title":"狂三诈四","id":"KSZS","album":"清·曹雪芹《红楼梦》第三十九回：“我们老太太最是惜老怜贫的，比不得那个狂三诈四的那些人。”","translation":"多方欺诈。","pronunciation":"kuángsānzhàsì"},{"title":"连三并四","id":"LSBS","album":"老舍《赵子曰》第十九：“赵子曰一声不发，只连三并四的磕瓜子。”又《二马》第四段三：“李子荣拉住马威的手不放，连三并四的说：‘谢谢你！’”","translation":"同“连三接二”。","pronunciation":"liánsānbìngsì"},{"title":"拉三扯四","id":"LSCS","album":"清曹雪芹《红楼梦》第46回：“愿意不愿意，你也好说，犯不着拉三扯四的。”","translation":"指谈话或议论牵扯无关的人或事。","pronunciation":"lāsānchěsì"},{"title":"连三接四","id":"LSJS","album":"清·曹雪芹《红楼梦》第六十二回：“原来平儿出去，有赖林诸家送了礼来，连三接四，上中下三等家人来拜寿送礼的不少。”","translation":"同“连三接二”。","pronunciation":"liánsānjiēsì"},{"title":"六通四达","id":"LTSD","album":"宋·张君房《云笈七签》第49卷：“今谓明义各自为宜，少多非为定准，如六通四达，岂止三耶！”","translation":"犹四通八达。","pronunciation":"liùtōngsìdá"},{"title":"六通四辟","id":"LTSB","album":"战国·宋·庄周《庄子·天道》：“明于天，通于圣，六通四辟于帝王之德者，其自为也，昧然无不静者矣。”","translation":"谓上下四方和春秋四时。","pronunciation":"liùtōngsìpì"},{"title":"狼烟四起","id":"LYSQ","album":"明沈采《千金记宵征》：“如今狼烟四起，虎斗龙争，我到街坊上打听楚国招兵文榜消息。”","translation":"狼烟：古代边境点燃狼粪以报警；即烽火。四处都有报警的烽火。形容外敌侵犯或内敌动荡；到处是战火。","pronunciation":"lángyānsìqǐ"},{"title":"目空四海","id":"MKSH","album":"宋·陈亮《题喻季直文编》：“何茂恭目空四海，独能降意于一世豪杰。”","translation":"四海：指全国各地。眼看四海之内皆空。比喻目中无人、狂妄或自负之甚","pronunciation":"mùkōngsìhǎi"},{"title":"暮四朝三","id":"MSCS","album":"《庄子·齐物论》：“狙公赋芧，曰：‘朝三而暮四。’众狙皆怒。曰：‘然则朝四而暮三。’众狙皆悦。名实未亏而喜怒为用，亦因是也”。","translation":"①《庄子·齐物论》：“狙公赋芧，曰：‘朝三而暮四。’众狙皆怒。曰：‘然则朝四而暮三。’众狙皆悦。名实未亏而喜怒为用，亦因是也”。原指说法、做法有所变换而实质不变。②比喻反复无常。","pronunciation":"mùsìcháosān"},{"title":"迈四方步","id":"MSFB","album":"","translation":"","pronunciation":"màisìfāngbù"},{"title":"没三没四","id":"MSMS","album":"明·凌濛初《初刻拍案惊奇》第31卷：“还有几个没三没四帮闲的，专一在街上寻些空头事过日子。”","translation":"不三不四，行为不端正","pronunciation":"méisānméisì"},{"title":"埋三怨四","id":"MSYS","album":"周立波《山乡巨变》下卷：“‘我堂客总是埋三怨四，’谢庆元讲到这里，侧耳听听帐子里已经起的均匀微细的鼾息。”","translation":"事事埋怨","pronunciation":"mánsānyuànsì"},{"title":"名扬四海","id":"MYSH","album":"元·关汉卿《五侯宴》第四折：“雄纠纠名扬四海，喜孜孜笑满腮。”","translation":"四海：指全国各地。名声传遍全国。形容名声很大。","pronunciation":"míngyángsìhǎi"},{"title":"囊括四海","id":"NKSH","album":"汉·贾谊《过秦论》：“秦孝公据殽函之固，拥雍州之地，君臣固守，以窥周室，有席卷天下、包举宇内、囊括四海之意，并吞八荒之心。”","translation":"囊括：比喻统统包罗在内。指统一全国。","pronunciation":"nángkuòsìhǎi"},{"title":"拿三搬四","id":"NSBS","album":"清曹雪芹《红楼梦》第62回：“倘或那件孔雀褂子襟再烧了窟窿，你去了，谁能以补呢？你倒别和我拿三搬四的。”","translation":"比喻不服从调派。","pronunciation":"násānbānsì"},{"title":"拿三撇四","id":"NSPS","album":"","translation":"","pronunciation":"násānpiēsì"},{"title":"彷徨四顾","id":"SG","album":"宋·陈亮《酌古论四·崔浩》：“数日之间，众未及聚，谋未及生，彷徨四顾，而莫知所以为御。”","translation":"彷徨：徘徊，游移不定。游移不定，四处观望。形容犹豫不决的神情","pronunciation":"pánghuángsìgù"},{"title":"骈四俪六","id":"SL","album":"唐柳宗元《乞巧文》：“骈四俪六，锦心绣口。”","translation":"骈体文每句四字、六字排比对偶。","pronunciation":"piánsìlìliù"},{"title":"怕三怕四","id":"PSPS","album":"丁玲《太阳照在桑干河上》：“李昌叫你写，就是说你行，叫你拿主张。你怕三怕四干什么。”","translation":"这也怕，那也怕。比喻顾虑太多，不能做出决定","pronunciation":"pàsānpàsì"},{"title":"偏三向四","id":"PSXS","album":"马烽《吕梁英雄传》第30回：“这叫什么话？我们偏三向四啦？”","translation":"谓偏向、袒护某方。","pronunciation":"piānsānxiàngsì"},{"title":"求三拜四","id":"QSBS","album":"清·曹雪芹《红楼梦》第100回：“妈妈和二哥哥也算不得不尽心的了；花了银钱不算，自己还求三拜四的谋干。”","translation":"到处求人帮忙","pronunciation":"qiúsānbàisì"},{"title":"牵三扯四","id":"QSCS","album":"清·曹雪芹《红楼梦》第73回：“罢，罢，罢。你不能拿了金凤来，不必牵三扯四乱嚷。我也不要那凤了。”","translation":"牵：牵连；扯：拉。牵扯其他的事情","pronunciation":"qiānsānchěsì"},{"title":"缺三短四","id":"QSDS","album":"","translation":"形容物品残缺不全","pronunciation":"quēsānduǎnsì"},{"title":"欺三瞒四","id":"QSMS","album":"明·冯梦龙《醒世恒言》卷七：“一闻之时，心头火起，大骂尤辰无理，做这等欺三瞒四的媒人，说骗人家女儿。”","translation":"一再欺骗隐瞒。","pronunciation":"qīsānmánsì"},{"title":"群山四应","id":"QSSY","album":"朱自清《论标语口号》：“为的是‘发聋振聩’，是‘群山四应’，是人民的觉醒与起来。”","translation":"应：应和。四面群山纷纷响应。比喻一声号召，人们群起响应","pronunciation":"qúnshānsìyìng"},{"title":"牵五挂四","id":"QWGS","album":"清·曹雪芹《红楼梦》第一回：“于是接二连三，牵五挂四，将一条街烧得如‘火焰山’一般。”","translation":"谓接连不断。","pronunciation":"qiānwǔguàsì"},{"title":"四不拗六","id":"SBL","album":"明杨慎《鲁之郊禘辨》：“古语云‘三占从二’，今谚云‘四不拗六’，言贵从众也。”","translation":"指少数人拗不过多数人的意见。","pronunciation":"sìbùniùliù"},{"title":"四百四病","id":"SBSB","album":"《三国志平话》上卷：“学究用手揭起匣盖，只有文书一卷，取出看罢，即是医治四百四病之书。”","translation":"谓四肢百体的四时病痛。泛指各种疾病。","pronunciation":"sìbǎisìbìng"},{"title":"三病四痛","id":"SBST","album":"明·伏雌教主《醋葫芦》第二回：“到老没个儿女，设或三病四痛，没个贴体亲人，那时要茶无茶，要饭没饭，便是活受地狱，何须定要变得牛马！”","translation":"谓病痛很多。","pronunciation":"sānbìngsìtòng"},{"title":"四不像","id":"SBX","album":"朱自清《罗马》：“现在满是一道道颓毁的墙基，倒成了四不像。”","translation":"麋鹿。比喻不伦不类的事物","pronunciation":"sìbùxiàng"},{"title":"四冲八达","id":"SCBD","album":"清·章学诚《文史通义·横通》：“然通之为名，盖取譬于道路，四冲八达，无不可至，谓之通也。”","translation":"同“四冲六达”。","pronunciation":"sìchōngbādá"},{"title":"四冲六达","id":"SCLD","album":"宋·陈师道《徐州学纪》：“徐地东近齐鲁，北属赵魏，南引江淮，西通梁宋，四冲六达之郊，南北之亢颈也。”","translation":"四通八达的要道。","pronunciation":"sìchōngliùdá"},{"title":"三从四德","id":"SCSD","album":"元武汉臣《老生儿》第一折：“不学些三从四德，俺一家儿簇捧着为甚么来。”","translation":"三从：在家从父；出嫁从夫；夫死从子；四德：也叫四行；指妇德、妇言、妇容、妇功。指封建礼教为压迫、束缚妇女的封建礼教。","pronunciation":"sāncóngsìdé"},{"title":"三长四短","id":"SCSD","album":"清·钱彩《说岳全传》第13回：“若再有三长四短，叫为兄的回去，怎生见你令尊令堂之面？”","translation":"①同“三长两短”。②犹闲话，坏话。","pronunciation":"sānchángsìduǎn"},{"title":"四大皆空","id":"SDJK","album":"明兰陵笑笑生《金瓶梅词话》：“一心无挂，四大皆空。”","translation":"佛教用语；指宇宙间一切（包括人本身）都是空虚的（这是一种消极思想）。古代印度认为地、水、火、风是构成宇宙的四种元素；称为“四大”。佛教则称坚、湿、暖、动的性能为“四大”；并认为人身亦由此“四大”构成。因此；“四大”有时也代称人身。后一般用来表示尘念俱消；无牵无挂。","pronunciation":"sìdàjiēkōng"},{"title":"四德三从","id":"SDSC","album":"元·王实甫《西厢记》第五本第四折：“娶了个四德三从宰相女，平生愿足，托赖着众亲故。”","translation":"四德：妇德、妇言、妇容、妇功；三从：在家从父，出嫁从夫，夫死从子。指封建礼教束缚妇女的道德标准","pronunciation":"sìdésāncóng"},{"title":"四方八面","id":"SFBM","album":"宋·释道原《景德传灯录·怀岳禅师》：“忽遇四方八面来怎么生？”宋·杨万里《过百家渡四绝句》之二：“莫问早行奇绝处，四方八面野香来。”","translation":"到处；各个方面。","pronunciation":"sìfāngbāmiàn"},{"title":"四方辐辏","id":"SFF","album":"《汉书·孙叔通传》：“人人奉职，四方辐辏。”","translation":"比喻四方的人才或货物像车轮上的辐条聚集在毂上那样汇集到一处。后引申为从各方聚集的意思。","pronunciation":"sìfāngfúcòu"},{"title":"三翻四覆","id":"SFSF","album":"明张岱《石匮书后集烈帝本纪》：“先帝焦于治，以致十七年之天下，三翻四覆，夕改朝更。”","translation":"三、四：形容次数之多。翻、覆：反复。形容变化很多；反复无常。。","pronunciation":"sānfānsìfù"},{"title":"三反四覆","id":"SFSF","album":"清·蒋士铨《空谷香·杀舱》：“阿呀！这厮三反四覆，可恼，可恼。”","translation":"反复无常。","pronunciation":"sānfǎnsìfù"},{"title":"三番四覆","id":"SFSF","album":"清·敖英《彩雪亭杂言·邝子元》：“或事到跟前，可以顺应，却乃畏首畏尾，三番四覆，犹豫不决。”","translation":"番：次；覆：反复。变化无常或反复多次","pronunciation":"sānfānsìfù"},{"title":"三翻四复","id":"SFSF","album":"","translation":"变化无常或反复多次。","pronunciation":"sānfānsìfù"},{"title":"四分五裂","id":"SFWL","album":"西汉刘向《战国策魏策一》：“魏南与楚而不与齐，则齐攻其东；东与齐而不与赵，则赵攻其北；不合于韩，是韩攻其西；不亲于楚，则楚攻其南；此所谓四分五裂之道也！”","translation":"形容不完整；不集中；不团结；不统一。","pronunciation":"sìfēnwǔliè"},{"title":"四分五落","id":"SFWL","album":"金·董解元《西厢记诸宫调》卷二：“蓦闻人道，森森地唬得魂离壳。全家眷爱，多应是四分五落。”","translation":"形容分散零乱。","pronunciation":"sìfēnwǔluò"},{"title":"四纷五落","id":"SFWL","album":"明·罗贯中《三国演义》第15回：“刘繇军兵大败，众皆四纷五落。”","translation":"见“四分五落”。","pronunciation":"sìfēnwǔluò"},{"title":"四分五剖","id":"SFWP","album":"汉·扬雄《解嘲》：“往者周网解结，群鹿争逸，离为十二，合为六七，四分五剖，并为战国。”","translation":"四分五裂。形容分散，不统一。","pronunciation":"sìfēnwǔpōu"},{"title":"四方之志","id":"SFZZ","album":"","translation":"志：志向。指远大的志向。亦作“志在四方”。","pronunciation":"sìfāngzhīzhì"},{"title":"四荒八极","id":"SHBJ","album":"唐·白居易《八骏图》诗：“四荒八极蹋欲遍，三十二蹄无歇时。”","translation":"四面八方极偏远之地。","pronunciation":"sìhuāngbājí"},{"title":"四海波静","id":"SHBJ","album":"","translation":"比喻天下太平。","pronunciation":"sìhǎibōjìng"},{"title":"四海承风","id":"SHCF","album":"《孔子家语好生》：“舜之为君也，其政好生而恶杀，……化若四时而变物也。是以四海承风。”","translation":"指全国都接受教化。","pronunciation":"sìhǎichéngfēng"},{"title":"四海承平","id":"SHCP","album":"清·褚人获《隋唐演义》第29回：“当今四海承平，万方朝贡，有什么紧急事情，这等大惊小怪？”","translation":"国家持久太平","pronunciation":"sìhǎichéngpíng"},{"title":"四海鼎沸","id":"SHDF","album":"《三国志·蜀志·谯周传》：“既非秦末鼎沸之时，实有六国并据之势。”《晋书·祖逖传》：“若四海鼎沸，豪杰并起，吾与足下，当相避于中原耳。”","translation":"四海：古人以为中国四境有海环绕，用以指全国各地；鼎沸：比喻局势不安定，如同鼎水沸腾。形容天下大乱。","pronunciation":"sìhǎidǐngfèi"},{"title":"四海皆兄弟","id":"SHJXD","album":"先秦·孔子《论语·颜渊》：“君子敬而无失，与人恭而有礼，四海之内皆兄弟也！君子何患乎无兄弟也。”","translation":"“四海”指天下，全国。表示天下的人都像兄弟一样。","pronunciation":"sìhǎijiēxiōngdì"},{"title":"四海九州","id":"SHJZ","album":"清·李汝珍《镜花缘》第二回：“那人王乃四海九州之主，代天宣化，岂肯颠倒，强人所难。”","translation":"指全中国。","pronunciation":"sìhǎijiǔzhōu"},{"title":"四海飘零","id":"SHPL","album":"明·罗贯中《三国演义》第二十八回：“云几番欲来相投，只恐袁绍见怪。四海飘零，无容身之地。前偶过此处，适遇裴元绍下山来欲夺吾马，云因杀之，借此安身。”","translation":"四海：代指全国各地。飘零：比喻遭到不幸，失去依靠，生活不安定。指到处飘泊，生活无着。","pronunciation":"sìhǎipiāolíng"},{"title":"四海升平","id":"SHSP","album":"元·无名氏《抱妆盒》第三折：“寡人御极以来，幸喜四海升平，八方宁靖。”","translation":"升平：太平。天下太平。","pronunciation":"sìhǎishēngpíng"},{"title":"四海昇平","id":"SH�NP","album":"","translation":"指天下太平。","pronunciation":"sìhǎishēngpíng"},{"title":"四海他人","id":"SHTR","album":"元·尚仲贤《三夺槊》第三折：“俺虽然是旧忠臣，则是四海他人。”","translation":"谓没有亲戚关系。","pronunciation":"sìhǎitārén"},{"title":"四海为家","id":"SHWJ","album":"西汉司马迁《史记高帝本纪》：“且夫天子以四海为家，非壮丽无以重威，且无令后世有以加也。”","translation":"原指帝王占有四海；统治全国。后指人漂泊不定；到处都可以当成家；也指志在四方；不恋故土。四海：古人认为中国四面环海；故“四海”指全国各地。","pronunciation":"sìhǎiwéijiā"},{"title":"四海一家","id":"SHYJ","album":"战国·赵·荀况《荀子·议兵》：“四海之内若一家，通达之属莫不从服。”","translation":"四海之内，犹如一家。形容天下一统。","pronunciation":"sìhǎiyījiā"},{"title":"四海之内皆兄弟","id":"SHZNJXD","album":"先秦孔子《论语颜渊》：“君子敬而无失，与人恭而有礼，四海之内皆兄弟也！君子何患乎无兄弟也。”","translation":"世界各国的人民都象兄弟一样。“四海”指天下，全国。表示天下的人都像兄弟一样。","pronunciation":"sìhǎizhīnèijiēxiōngdì"},{"title":"四脚朝天","id":"SJCT","album":"明·西湖渔隐主人《欢喜冤家》第11回：“老和尚上前来争，被觉空一推，跌个四脚朝天。”","translation":"四脚：指四肢。形容仰面跌倒。也比喻躺下不干。","pronunciation":"sìjiǎocháotiān"},{"title":"四郊多垒","id":"SJDL","album":"西汉戴圣《礼记曲礼上》：“四郊多垒，此卿大夫之辱也。”","translation":"四郊营垒很多。本指频繁地受到敌军侵扰。形容外敌侵迫，国家多难。","pronunciation":"sìjiāoduōlěi"},{"title":"四角俱全","id":"SJJQ","album":"清·曹雪芹《红楼梦》第57回：“若要外头说去，老太太断不中意，不如把你林妹妹定给他，岂不四角俱全？”","translation":"比喻完美无缺。","pronunciation":"sìjiǎojùquán"},{"title":"四邻八舍","id":"SLBS","album":"明·伏雌教主《醋葫芦》第六回：“那成家一般也动了诸亲百眷、四邻八舍，送人情，斗分子，虽然娶妾，倒也四司六局，一毫不苟。”","translation":"指左右邻居","pronunciation":"sìlínbāshè"},{"title":"三邻四舍","id":"SLSS","album":"明冯梦龙《醒世恒言》第九卷：“王三老闻知此事，率了三邻四舍，提壶挚盒，都来庆贺，吃了好几日喜酒。”","translation":"泛指邻居。","pronunciation":"sānlínsìshè"},{"title":"三老四少","id":"SLSS","album":"","translation":"①老少众人。②方言。称参加青帮的人。犹言老少爷们或兄弟爷们。","pronunciation":"sānlǎosìshǎo"},{"title":"四面八方","id":"SMBF","album":"宋朱熹《朱子语类卷九学三》：“如孔子教人，只是逐件逐事说个道理，未尝说出大头脑处，然四面八方合聚凑来，也自见得个大头脑。”","translation":"八方：指四方四隅；即东、南、西、北四方；东南、东北、西南、西北四隅；泛指周围。指周围各个方面或各个地方。","pronunciation":"sìmiànbāfāng"},{"title":"四面楚歌","id":"SMCG","album":"《史记项羽本纪》：“项王军壁垓下，兵少食尽，汉军及诸侯兵围之数重。夜闻汉军四面皆楚歌，项王乃大惊，曰：‘汉皆已得楚乎？是何楚人之多也。’”〖示例〗在这～里，凭你怎样伶牙俐齿，也只得服从了。★朱自清《航船中的文明》","translation":"四面都是楚人的歌声。后用来比喻四面受敌；处于孤立无援的处境。","pronunciation":"sìmiànchǔgē"},{"title":"四面出击","id":"SMCJ","album":"毛泽东《不要四面出击》：“总之不要四面出击。四面出击，全国紧张，很不好。”","translation":"形容工作全面展开，没有重点。","pronunciation":"sìmiànchūjī"},{"title":"四马攒蹄","id":"SMZT","album":"元关汉卿《调风月》第二折：“则道是孤鸿伴影，几时吃四马攒蹄。”","translation":"指两手两脚被捆在一起。","pronunciation":"sìmǎcuántí"},{"title":"四面碰壁","id":"SMPB","album":"","translation":"","pronunciation":"sìmiànpèngbì"},{"title":"四面受敌","id":"SMSD","album":"春秋·齐·管仲《管子·国蓄》：“四面受敌，谓之衢处之国。”","translation":"各个方面受到敌对势力的威胁或攻击。","pronunciation":"sìmiànshòudí"},{"title":"三男四女","id":"SNSN","album":"清·钱彩《说岳全传》第七回：“我挣了一份大家私，又没有三男四女，只得这个孩子，若得他一举成名，祖宗面上，也有些光彩。”","translation":"泛指众多子女","pronunciation":"sānnánsìnǚ"},{"title":"四平八稳","id":"SPBW","album":"明施耐庵《水浒传》第44回：“戴宗、杨林看裴宣时，果然好表人物，生得面白肥胖，四平八稳，心中暗喜。”","translation":"原形容说话做事稳当。现多含有做事只求不出差错；缺乏积极创新精神的意思。","pronunciation":"sìpíngbāwěn"},{"title":"三朋四友","id":"SPSY","album":"明冯梦龙《醒世恒言大树坡义虎送亲》：“自有一班无赖子弟，三朋四友，和他檠鹰放鹞，驾犬驰马，射猎打生为乐。”","translation":"泛指各种朋友。","pronunciation":"sānpéngsìyǒu"},{"title":"三拳不敌四手","id":"SQBDSS","album":"马烽《吕梁英雄传》第29回：“人家人多势众，有洋枪洋炮，就凭你们这几个民兵还能顶住？三拳敌不过四手呀！”","translation":"比喻人少的敌不过人多的。","pronunciation":"sānquánbùdísìshǒu"},{"title":"双拳不敌四手","id":"SQBDSS","album":"明·冯梦龙《醒世恒言》第29卷：“常言道，双拳不敌四手。”","translation":"一个人打不过众人。指寡不敌众","pronunciation":"shuāngquánbùdísìshǒu"},{"title":"四衢八街","id":"SBJ","album":"","translation":"指大城市街道非常多。","pronunciation":"sìqúbājiē"},{"title":"四清六活","id":"SQLH","album":"明·施耐庵《水浒传》第18回：“这几个都是惯做公的，四清六活的人，却怎的也不晓事。”","translation":"形容机灵干练。","pronunciation":"sìqīngliùhuó"},{"title":"三清四白","id":"SQSB","album":"","translation":"指非常清白。","pronunciation":"sānqīngsìbái"},{"title":"三求四告","id":"SQSG","album":"清·曹雪芹《红楼梦》第80回：“嫌我不好，谁叫你们瞎了眼，三求四告的，跑了我们家做甚么去了？”","translation":"再三求告。","pronunciation":"sānqiúsìgào"},{"title":"三亲四眷","id":"SQSJ","album":"明·冯梦龙《警世通言》第31卷：“次日真个到三亲四眷家去了一巡。”","translation":"见“三亲六眷”。","pronunciation":"sānqīnsìjuàn"},{"title":"三妻四妾","id":"SQS","album":"清李渔《风筝误逼婚》：“你做状元的人，三妻四妾，任凭再娶。”","translation":"妻妾众多的意思。","pronunciation":"sānqīsìqiè"},{"title":"四时八节","id":"SSBJ","album":"唐杜甫《狂歌行赠四兄》：“四时八节还拘礼，女拜弟妻男拜弟。”","translation":"四时：指春夏秋冬四季；八节：指立春、春分、立夏、夏至、立秋、秋分、立冬、冬至。泛指一年四季中各节气。","pronunciation":"sìshíbājié"},{"title":"说三道四","id":"SSDS","album":"清崔灏《通俗编言笑》：“莫学他人不知朝暮，走启蒙乡村，说三道四。”","translation":"道：说。指任意乱说乱讲；惹是生非。","pronunciation":"shuōsāndàosì"},{"title":"四时气备","id":"SSQB","album":"南朝·宋·刘义庆《世说新语·德行》：“谢太傅绝重褚公，常称褚季野虽不言而四时之气亦备。”","translation":"四时：春、夏、秋、冬。四时之气具备。比喻人的气度弘远","pronunciation":"sìshíqìbèi"},{"title":"三三四四","id":"SSSS","album":"汉·王延寿《梦赋》：“尔乃三三四四，相随踉■（足旁）而历僻。”","translation":"犹言三三两两。","pronunciation":"sānsānsìsì"},{"title":"四书五经","id":"SSWJ","album":"汉班固《白虎通五经》：“五经何谓？谓《易》、《尚书》、《诗》、《礼》、《春秋》也。宋朱熹着有《四书集注》。","translation":"四书：亦称四子书，即《大学》、《中庸》、《论语》、《孟子》；五经：《诗》、《书》、《礼》、《易》、《春秋》。指儒家经典。","pronunciation":"sìshūwǔjīng"},{"title":"四山五岳","id":"SSWY","album":"明·施耐庵《水浒传》第63回：“引一千余军马，尽是七长八短汉，四山五岳人。”","translation":"泛指四面八方各个地区。","pronunciation":"sìshānwǔyuè"},{"title":"四时之气","id":"SSZQ","album":"南朝·宋·刘义庆《世说新语·德行》：“谢太傅绝重褚公，常称褚季野虽不言而四时之气亦备。”","translation":"本指一年四季的气象，后以“备四时之气”喻指人的气度弘远。","pronunciation":"sìshízhīqì"},{"title":"四通八达","id":"STBD","album":"《子华子晏子问党》：“其涂之所出，四通而八达，游士之所凑也。”","translation":"通、达：畅通无阻。四面八方都有路可通。形容交通便利。","pronunciation":"sìtōngbādá"},{"title":"四亭八当","id":"STBD","album":"宋朱熹《答吕伯恭书》：“不知如何整顿得此身心四亭八当，无许多凹凸也。”","translation":"亭、当：即停当，妥贴。形容一切事情都安排得十分妥贴。","pronunciation":"sìtíngbādàng"},{"title":"四停八当","id":"STBD","album":"宋·朱熹《朱子语类》第11卷：“须要熟看熟思，久久之间，自然见个道理，四停八当。”","translation":"见“四亭八当”。","pronunciation":"sìtíngbādāng"},{"title":"四体百骸","id":"STBH","album":"清·李百川《绿野仙踪》第73回：“胎一成，则四体百骸气随欲至，如珠滚荷盘，如烟含柳缕，无不可到之处也。”","translation":"见“四肢百骸”。","pronunciation":"sìtǐbǎihái"},{"title":"四体不勤","id":"STBQ","album":"先秦孔子《论语微子》：“子路问曰：'子见夫子乎？'丈人曰：'四体不勤，五谷不分，孰为夫子？'”","translation":"四肢不劳动。形容脱离劳动。","pronunciation":"sìtǐbùqín"},{"title":"四体不勤，五谷不分","id":"STBQWGBF","album":"先秦孔子《论语微子》：“子路问曰：'子见夫子乎？'丈人曰：'四体不勤，五谷不分，孰为夫子？'”","translation":"形容旧时知识分子脱离生产劳动，缺乏生产知识。","pronunciation":"sìtǐbùqín，wǔgǔbùfēn"},{"title":"室徒四壁","id":"STSB","album":"《魏书·阳固传》：“居官清洁，家无余财，终殁之日，室徒四壁，无以供丧，亲故为其棺敛焉。”","translation":"犹言室内空无一物。喻贫穷。","pronunciation":"shìtúsìbì"},{"title":"四通五达","id":"STWD","album":"西汉·司马迁《史记·郦生陆贾列传》：“夫陈留，天下之冲，四通五达之郊地。”","translation":"四通八达。形容交通畅达无阻。","pronunciation":"sìtōngwǔdá"},{"title":"三瓦四舍","id":"SWSS","album":"清·俞万春《荡寇志》第73回：“衙内你不晓得，他是清白人家女儿，那肯同那三瓦四舍的奉迎。”","translation":"宋代对妓院、茶楼、酒肆及其他娱乐场所的总称","pronunciation":"sānwǎsìshě"},{"title":"四乡八镇","id":"SXBZ","album":"清·李宝嘉《官场现形记》第14回：“当下统率大队走到乡下，东南西北，四乡八镇。整整兜了一个大圈子。”","translation":"泛指周围的许多乡村和集镇","pronunciation":"sìxiāngbāzhèn"},{"title":"四姻九戚","id":"SYJQ","album":"","translation":"比喻亲戚极多。","pronunciation":"sìyīnjiǔqī"},{"title":"四至八道","id":"SZBD","album":"明·罗贯中《三国演义》第95回：“安营既毕，便画四至八道地理形状图本来我看。”","translation":"旧时标志土地界域的用语。表示四面八方所到之处及通往的道路。","pronunciation":"sìzhìbādào"},{"title":"四肢百骸","id":"SZBH","album":"宋·文天祥《高沙道中》诗：“四肢与百骸，屈曲如杯锩。”","translation":"人体的各个部分。泛指全身。","pronunciation":"sìzhībǎihái"},{"title":"四肢百体","id":"SZBT","album":"老舍《赵子曰》：“赵子曰四肢百体一齐往外涨，差一些没把大袄，幸亏是新买的，撑开了绽。”","translation":"见“四肢百骸”。","pronunciation":"sìzhībǎitǐ"},{"title":"四战之地","id":"SZZD","album":"《史记·乐毅列传》：“赵，四战之地也，其民习兵，伐之不可。”《后汉书·荀彧传》：“颖川，四战之地也，天下有变，常为兵冲。”","translation":"指四面平坦，无险可守，容易受攻击的地方。","pronunciation":"sìzhànzhīdì"},{"title":"四战之国","id":"SZZG","album":"《商君书兵守》：“四战之国贵守战，负海之国贵攻战。”《史记乐毅列传》：“赵，四战之国也，其民习兵，伐之不可。”","translation":"指四面平坦，无险可守，容易受攻击的地方。","pronunciation":"sìzhànzhīguó"},{"title":"推三挨四","id":"TSAS","album":"茅盾《第一阶段的故事》：“几次叫你做个手脚，你总是推三挨四，还打官话。”","translation":"推：推诿。形容一再推诿拖延","pronunciation":"tuīsānāisì"},{"title":"挑三拨四","id":"TSBS","album":"周立波《山乡巨变》下卷：“这家伙在挑三拨四，我去闯破她不呢？”","translation":"见“挑三豁四”。","pronunciation":"tiāosānbōsì"},{"title":"推三宕四","id":"TSS","album":"曾朴《孽海花》第五回：“原来仓樵欠了米店两个月的米账，没钱还他，那店伙天天来讨，总是推三宕四，那讨账人发了急，所以就吵了起来。”","translation":"推：推诿；宕：拖延。形容一再推诿拖延","pronunciation":"tuīsāndàngsì"},{"title":"挑三豁四","id":"TSHS","album":"清·西周生《醒世姻缘传》第57回：“我们这个搅家不良，挑三豁四，丈二长的舌头，谁家着的他罢？”","translation":"谓挑拨是非。","pronunciation":"tiāosānhuōsì"},{"title":"挑三拣四","id":"TSJS","album":"徐特立《让革命的红旗世代相传》：“他们一旦了解了过去的痛苦，就会懂得今天我们对工作挑三拣四是多么不对！”","translation":"形容过分地挑剔。也指对工作或事物再三挑选。","pronunciation":"tiāosānjiǎnsì"},{"title":"挑三检四","id":"TSJS","album":"金近《穿花裙的狼》：“你这孩子，没有你弟弟乖，挑三检四的。”","translation":"见“挑三拣四”。","pronunciation":"tiāosānjiǎnsì"},{"title":"推三拉四","id":"TSLS","album":"清·曹雪芹《红楼梦》第62回：“好生给姨太太捶腿。要茶要水，别推三拉四的。”","translation":"推：推诿。找各种借口推托、阻挠","pronunciation":"tuīsānlāsì"},{"title":"推三推四","id":"TSTS","album":"马烽《吕梁英雄传》第27回：“你这家伙胆小怕死，还推三推四咧！你不敢去，我一个人也敢去！”","translation":"同“推三阻四”。","pronunciation":"tuīsāntuīsì"},{"title":"挑三窝四","id":"TSWS","album":"清·曹雪芹《红楼梦》第65回：“那平姑娘又是个正经人，从不会挑三窝四的。”","translation":"搬弄是非，挑拔离间","pronunciation":"tiǎosānwōsì"},{"title":"调三窝四","id":"DSWS","album":"清·曹雪芹《红楼梦》第71回：“少不得意，不是背地里嚼舌根，就是调三窝四的。”","translation":"搬弄是非，挑拔离间。","pronunciation":"tiáosānwōsì"},{"title":"条三窝四","id":"TSWS","album":"","translation":"搬弄是非，挑拔离间。","pronunciation":"tiáosānwōsì"},{"title":"挑三嫌四","id":"TSXS","album":"袁静《新儿女英雄传》第五回：“我为你黑间白日的操心，好容易找下这么个媳妇，你还挑三嫌四的。”","translation":"见“挑三拣四”。","pronunciation":"tiāosānxiánsì"},{"title":"推三阻四","id":"TSZS","album":"元无名氏《鸳鸯被》第一折：“非是我推三、推三阻四；这事情应难、应难造次。”","translation":"找各种借口推托、阻挠。","pronunciation":"tuīsānzǔsì"},{"title":"推之四海而皆准","id":"TZSHEJZ","album":"西汉·戴圣《礼记·祭义》：“推而放诸东海而准，推而放诸西海而准，推而放诸南海而准，推而放诸北海而准。”","translation":"之：代词，指普遍性的真理；四海：指任何地方；皆：都是；准：准确。比喻具有普遍性的真理到处都适用","pronunciation":"tuīzhīsìhǎiérjiēzhǔn"},{"title":"投诸四裔","id":"TZSY","album":"《左传文公十八年》：“流四凶族，浑敦、穷奇、寿杌、饕餮，投诸四裔，以御螭魅。”","translation":"比喻流放到边远的地区。","pronunciation":"tóuzhūsìyì"},{"title":"文彩四溢","id":"WCSY","album":"","translation":"形容作品典雅","pronunciation":"wéncǎisìyì"},{"title":"文房四宝","id":"WFSB","album":"宋梅尧臣《九月六日登舟再和潘歙州纸砚》诗：“文房四宝出二郡，尔来赏爱君与予。”","translation":"俗指笔、墨、纸、砚。","pronunciation":"wénfángsìbǎo"},{"title":"文房四侯","id":"WFSH","album":"参阅宋·苏易简《文房四谱》引文嵩《四侯传》。","translation":"指笔、砚、纸、墨。古人戏称笔为管城侯毛元锐，砚为即墨侯石虚中，纸为好畤侯楮知白，墨为松滋侯易玄光，故称。参阅宋苏易简《文房四谱》引文嵩《四侯传》。","pronunciation":"wénfángsìhòu"},{"title":"文房四士","id":"WFSS","album":"宋·陆游《闲居无客所与度日笔砚纸墨而已戏作长句》诗：“水复山重客到稀，文房四士独相依。”","translation":"见“文房四宝”。","pronunciation":"wénfángsìshì"},{"title":"文房四物","id":"WFSW","album":"宋·陈师道《〈寇参军集〉序》：“张、李氏之墨，吴、唐、蜀、闽、两越之纸，端溪、歙穴之砚，鼠须栗尾狸毫兔颖之笔，所谓文房四物，山藏海蓄，极天下之选。”","translation":"见“文房四宝”。","pronunciation":"wénfángsìwù"},{"title":"文房四艺","id":"WFSY","album":"明·凌濛初《二刻拍案惊奇》卷二：“自古书、画、琴、棋，谓之文房四艺。”","translation":"指琴、棋、书、画。","pronunciation":"wénfángsìyì"},{"title":"五湖四海","id":"WHSH","album":"唐吕岩《绝句》：“斗笠为帆扇作舟，五湖四海任遨游。”","translation":"五湖：我国的五大湖泊（指鄱阳湖、洞庭湖、洪泽湖、太湖、巢湖）。泛指四面八方；全国各地。有时也指世界各地。现有时也比喻广泛的团结。","pronunciation":"wǔhúsìhǎi"},{"title":"危机四伏","id":"WJSF","album":"茅盾《子夜》九：“不要太乐观。上海此时也是危机四伏。”","translation":"到处隐藏着危险的祸根。","pronunciation":"wēijīsìfú"},{"title":"微机四伏","id":"WJSF","album":"","translation":"到处隐藏着危险的祸根。","pronunciation":"wēijīsìfú"},{"title":"五讲四美","id":"WJSM","album":"王朔《一半是火焰，一半是海水》：“我满面通红地后躲，左右张望：‘别别，五讲四美。’”","translation":"五讲：讲文明、讲礼貌、讲卫生、讲秩序、讲道德；四美：指心灵美、语言美、行为美、环境美。指新时期人们行为准则","pronunciation":"wǔjiǎngsìměi"},{"title":"五零四散","id":"WLSS","album":"郭沫若《恢复怀亡友》诗：“你的生命不消说会长留在天地之间，但我们的革命势力呀已经是五零四散。”","translation":"形容零星涣散。","pronunciation":"wǔlíngsìsàn"},{"title":"五洲四海","id":"WZSH","album":"司马达《魔鬼的笛音》：“五洲四海的人们，都在以不同的眼光和兴趣，注视着中国未来的发展。”","translation":"泛指世界各地。","pronunciation":"wǔzhōusìhǎi"},{"title":"挟天子以征四方","id":"XTZYZSF","album":"宋·司马光《资治通鉴》：“曹公，豺虎也，挟天子以征四方，动以朝廷为辞，今日拒之，事更不顺。”","translation":"挟：挟制。挟制皇帝，用朝廷的名来征讨四方","pronunciation":"xiétiānzǐyǐzhēngsìfāng"},{"title":"一部二十四史无从说起","id":"YBESSSWCSQ","album":"张恨水《啼笑姻缘》续集第八回：“她这两句话，问得沈国英很感到一部二十四史无从说起。”","translation":"二十四史：清乾隆时刻《史记》等24部史书。比喻情况复杂，头绪繁多，不知从哪里说起才好","pronunciation":"yībùèrshísìshǐwúcóngshuōqǐ"},{"title":"一部二十四史，不知从何说起","id":"YBESSSBZCHSQ","album":"清·李宝嘉《官场现形记》序：“觉世间变幻之态，无有过于中国官场者……尝苦一部二十四史，不知从何处说起。”","translation":"二十四史：清乾隆时刻《史记》等24部史书。比喻情况复杂，头绪繁多，不知从哪里说起才好","pronunciation":"yībùèrshísìshǐ，bùzhīcónghéshuōqǐ"},{"title":"眼观四处，耳听八方","id":"YGSCETBF","album":"明许仲琳《封神演义》第53回：“为将之道，身临战场，务要眼观四处，耳听八方。”","translation":"形容人机智灵活，遇事能多方观察分析。","pronunciation":"yǎnguānsìchù，ěrtīngbāfāng"},{"title":"眼观四路，耳听八方","id":"YGSLETBF","album":"清·文康《新儿女英雄传》：“强盗的本领，讲的是观六路，耳听八方。”","translation":"形容人机智灵活，遇事能多方观察分析。","pronunciation":"yǎnguānsìlù，ěrtīngbāfāng"},{"title":"眼空四海","id":"YKSH","album":"明李贽《答耿司寇书》：“渠眼空四海，而又肯随人脚跟走乎？”","translation":"形容自高自大，什么都看不见。","pronunciation":"yǎnkōngsìhǎi"},{"title":"扬名四海","id":"YMSH","album":"","translation":"扬名：传播名声。四海：古人认为中国四境有海环绕，故以“四海”代指全国各处；也指世界各地。指名声传遍各地。","pronunciation":"yángmíngsìhǎi"},{"title":"一谦四益","id":"YQSY","album":"东汉班固《汉书艺文志》：“一谦而四益，此其所长也。”","translation":"谦虚能使人得到好些益处。","pronunciation":"yīqiānsìyì"},{"title":"疑三惑四","id":"YSHS","album":"","translation":"怀疑这个怀疑那个。指人多疑","pronunciation":"yísānhuòsì"},{"title":"语四言三","id":"YSYS","album":"《群音类选〈分钗记计诱皮氏〉》：“为何的语四言三，平白地将人讥诮。”","translation":"指信口乱说闲话。","pronunciation":"yǔsìyánsān"},{"title":"言三语四","id":"YSYS","album":"元武汉臣《玉壶春》第三折：“欲待要去呵，又惹的人言三语四。”","translation":"形容人多嘴杂，议论纷纷。","pronunciation":"yánsānyǔsì"},{"title":"纵横四海","id":"ZHSH","album":"《三国志通俗演义·青梅煮酒论英雄》：“得志则纵横四海。”","translation":"纵横：奔驰无阻。在天下任意往来，没有阻挡。比喻无敌于世","pronunciation":"zònghéngsìhǎi"},{"title":"张三李四","id":"ZSLS","album":"宋释普济《五灯会元百丈恒禅师法嗣》：“问：‘如何是佛？’师曰：‘张三李四。’”","translation":"假设的名字，泛指某人或某些人。","pronunciation":"zhāngsānlǐsì"},{"title":"张三吕四","id":"ZSLS","album":"宋·何承裕《戏为举子对句》诗：“晓来狗吠张三妇，日暮猿啼吕四妻。”","translation":"泛指某人或某些人","pronunciation":"zhāngsānlǚsì"},{"title":"朝三暮四","id":"CSMS","album":"庄周《庄子齐物论》：“狙公赋芧，曰：‘朝三而暮四。’众狙皆怒。曰：‘然则朝四而暮三。’众狙皆悦。”","translation":"原比喻使用诈术；进行欺骗。后比喻经常变卦；反复无常。","pronunciation":"zhāosānmùsì"},{"title":"遮三瞒四","id":"ZSMS","album":"清·吴趼人《二十年目睹之怪现状》第三十三回：“昨夜怎么他两个一同出来，你且告诉了我，我自有主意，可不要遮三瞒四的。”","translation":"谓说话、做事多方掩饰，不爽快。","pronunciation":"zhēsānmánsì"},{"title":"朝四暮三","id":"CSMS","album":"梁启超《余之币制金融政策》：“其后有以调停之说进者，吾见其朝四暮三，无关宏旨。”","translation":"原指使用骗术欺骗人。后比喻经常变卦，反复无常","pronunciation":"zhāosìmùsān"},{"title":"再三再四","id":"ZSZS","album":"元范康《竹叶舟》第二折：“今日我这道友再三再四的度脱你出家，你则不省悟。”","translation":"重复好几次。","pronunciation":"zàisānzàisì"},{"title":"志在四方","id":"ZZSF","album":"元关汉卿《裴度还带》第三折：“立忠信男儿志四方，居王佐丹房定八方，抚万姓，定边疆。”","translation":"志：志向；四方：各处天下。形容有远大的志向和理想。","pronunciation":"zhìzàisìfāng"},{"title":"志在四海","id":"ZZSH","album":"北周·庾信《燕射歌辞·角调曲一》：“志在四海而尚恭俭，心包宇宙而无骄盈。”","translation":"犹志在四方。","pronunciation":"zhìzàisìhǎi"}]}